# SQL Manager 2005 Lite for MySQL 3.7.6.2
# ---------------------------------------
# Host     : localhost
# Port     : 3306
# Database : jeecg_v3_team


/*!40101 SET @OLD_CHARACTER_SET_CLIENT=@@CHARACTER_SET_CLIENT */;
/*!40101 SET @OLD_CHARACTER_SET_RESULTS=@@CHARACTER_SET_RESULTS */;
/*!40101 SET @OLD_COLLATION_CONNECTION=@@COLLATION_CONNECTION */;
/*!40101 SET NAMES gb2312 */;

SET FOREIGN_KEY_CHECKS=0;

CREATE DATABASE `jeecg_v3_team`
    CHARACTER SET 'utf8'
    COLLATE 'utf8_general_ci';

USE `jeecg_v3_team`;

#
# Structure for the `jeecg_demo` table : 
#

DROP TABLE IF EXISTS `jeecg_demo`;

CREATE TABLE `jeecg_demo` (
  `id` varchar(255) NOT NULL,
  `age` int(11) DEFAULT NULL,
  `birthday` datetime DEFAULT NULL,
  `create_time` datetime DEFAULT NULL,
  `dep_id` varchar(255) DEFAULT NULL,
  `email` varchar(255) DEFAULT NULL,
  `mobile_phone` varchar(255) DEFAULT NULL,
  `office_phone` varchar(255) DEFAULT NULL,
  `salary` decimal(19,2) DEFAULT NULL,
  `sex` int(11) DEFAULT NULL,
  `user_name` varchar(255) NOT NULL,
  PRIMARY KEY (`id`),
  UNIQUE KEY `IDX_DEMO` (`id`)
) ENGINE=InnoDB DEFAULT CHARSET=utf8;

#
# Structure for the `jeecg_one_to_one` table : 
#

DROP TABLE IF EXISTS `jeecg_one_to_one`;

CREATE TABLE `jeecg_one_to_one` (
  `ID` varchar(36) NOT NULL COMMENT '',
  `NAME` varchar(32) DEFAULT NULL COMMENT 'û',
  `AGE` int(11) DEFAULT NULL COMMENT '',
  `SALARY` decimal(10,2) DEFAULT NULL COMMENT '',
  `BIRTHDAY` date DEFAULT NULL COMMENT '',
  `REGISTER_DT` datetime DEFAULT NULL COMMENT 'עʱ',
  `CRTUSER` varchar(36) DEFAULT NULL COMMENT 'ID',
  `CRTUSER_NAME` varchar(50) DEFAULT NULL COMMENT '',
  `CREATE_DT` datetime DEFAULT NULL COMMENT 'ʱ',
  PRIMARY KEY (`ID`),
  UNIQUE KEY `IDX_ONE_TO_ONE` (`ID`)
) ENGINE=InnoDB DEFAULT CHARSET=utf8;

#
# Structure for the `jeecg_order_custom` table : 
#

DROP TABLE IF EXISTS `jeecg_order_custom`;

CREATE TABLE `jeecg_order_custom` (
  `id` varchar(36) NOT NULL,
  `go_order_code` varchar(36) NOT NULL COMMENT 'Ź',
  `goc_cus_name` varchar(50) DEFAULT NULL COMMENT '',
  `goc_sex` varchar(2) DEFAULT NULL COMMENT 'Ա',
  `goc_idcard` varchar(32) DEFAULT NULL COMMENT '֤',
  `goc_passport_code` varchar(32) DEFAULT NULL COMMENT 'պ',
  `goc_buss_content` varchar(100) DEFAULT NULL COMMENT 'ҵ',
  `goc_content` varchar(200) DEFAULT NULL COMMENT 'ע',
  `crtuser` varchar(36) DEFAULT NULL COMMENT '',
  `crtuser_name` varchar(32) DEFAULT NULL COMMENT '',
  `create_dt` datetime DEFAULT NULL COMMENT 'ʱ',
  `modifier` varchar(36) DEFAULT NULL COMMENT '޸',
  `modifier_name` varchar(32) DEFAULT NULL COMMENT '޸',
  `modify_dt` datetime DEFAULT NULL COMMENT '޸ʱ',
  `delflag` int(11) DEFAULT NULL COMMENT 'ɾ',
  `del_dt` datetime DEFAULT NULL COMMENT 'ɾʱ',
  PRIMARY KEY (`id`),
  UNIQUE KEY `IDX_ORDER_CUSTOM` (`id`)
) ENGINE=InnoDB DEFAULT CHARSET=utf8;

#
# Structure for the `jeecg_order_main` table : 
#

DROP TABLE IF EXISTS `jeecg_order_main`;

CREATE TABLE `jeecg_order_main` (
  `id` varchar(36) NOT NULL COMMENT '',
  `go_order_code` varchar(36) NOT NULL COMMENT '',
  `goder_type` varchar(2) DEFAULT NULL COMMENT '',
  `usertype` varchar(1) DEFAULT NULL COMMENT '˿ : 1ֱ 2ͬ',
  `go_contact_name` varchar(50) DEFAULT NULL COMMENT 'ϵ',
  `go_telphone` varchar(20) DEFAULT NULL COMMENT 'ֻ',
  `go_order_count` int(11) DEFAULT NULL COMMENT '',
  `go_all_price` decimal(10,2) DEFAULT NULL COMMENT 'ܼ()',
  `go_return_price` decimal(10,2) DEFAULT NULL COMMENT '',
  `go_content` varchar(200) DEFAULT NULL COMMENT 'ע',
  `crtuser` varchar(36) DEFAULT NULL COMMENT '',
  `crtuser_name` varchar(32) DEFAULT NULL COMMENT '',
  `create_dt` datetime DEFAULT NULL COMMENT 'ʱ',
  `modifier` varchar(36) DEFAULT NULL COMMENT '޸',
  `modifier_name` varchar(32) DEFAULT NULL COMMENT '޸',
  `modify_dt` datetime DEFAULT NULL COMMENT '޸ʱ',
  `delflag` int(11) DEFAULT NULL COMMENT 'ɾ',
  `del_dt` datetime DEFAULT NULL COMMENT 'ɾʱ',
  PRIMARY KEY (`id`),
  UNIQUE KEY `IDX_ORDER_MAIN` (`id`)
) ENGINE=InnoDB DEFAULT CHARSET=utf8;

#
# Structure for the `jeecg_order_product` table : 
#

DROP TABLE IF EXISTS `jeecg_order_product`;

CREATE TABLE `jeecg_order_product` (
  `id` varchar(36) NOT NULL,
  `go_order_code` varchar(36) NOT NULL COMMENT 'Ź',
  `gop_product_type` varchar(3) NOT NULL COMMENT 'Ŀ',
  `gop_product_name` varchar(100) DEFAULT NULL COMMENT 'Ʒ',
  `gop_count` int(11) DEFAULT NULL COMMENT '',
  `gop_one_price` decimal(10,2) DEFAULT NULL COMMENT '',
  `gop_sum_price` decimal(10,2) DEFAULT NULL COMMENT 'С',
  `gop_content` varchar(200) DEFAULT NULL COMMENT 'ע',
  `crtuser` varchar(36) DEFAULT NULL COMMENT '',
  `crtuser_name` varchar(32) DEFAULT NULL COMMENT '',
  `create_dt` datetime DEFAULT NULL COMMENT 'ʱ',
  `modifier` varchar(36) DEFAULT NULL COMMENT '޸',
  `modifier_name` varchar(32) DEFAULT NULL COMMENT '޸',
  `modify_dt` datetime DEFAULT NULL COMMENT '޸ʱ',
  `delflag` int(11) DEFAULT NULL COMMENT 'ɾ',
  `del_dt` datetime DEFAULT NULL COMMENT 'ɾʱ',
  PRIMARY KEY (`id`),
  UNIQUE KEY `IDX_ORDER_PRODUCT` (`id`)
) ENGINE=InnoDB DEFAULT CHARSET=utf8;

#
# Structure for the `jg_person` table : 
#

DROP TABLE IF EXISTS `jg_person`;

CREATE TABLE `jg_person` (
  `id` varchar(255) NOT NULL,
  `age` int(11) NOT NULL COMMENT '',
  `birthday` date DEFAULT NULL COMMENT '',
  `createdt` datetime NOT NULL COMMENT '',
  `name` varchar(255) DEFAULT NULL COMMENT 'û',
  `salary` decimal(19,2) NOT NULL COMMENT '',
  PRIMARY KEY (`id`),
  UNIQUE KEY `IDX_JG_PERSON` (`id`)
) ENGINE=InnoDB DEFAULT CHARSET=utf8;

#
# Structure for the `person` table : 
#

DROP TABLE IF EXISTS `person`;

CREATE TABLE `person` (
  `ID` varchar(32) NOT NULL DEFAULT '' COMMENT '',
  `NAME` varchar(32) NOT NULL COMMENT 'û',
  `AGE` int(11) DEFAULT NULL COMMENT '',
  `SALARY` decimal(10,2) DEFAULT NULL COMMENT '',
  `createDt` datetime DEFAULT NULL COMMENT 'ʱ',
  `birthday` date DEFAULT NULL COMMENT '',
  PRIMARY KEY (`ID`),
  UNIQUE KEY `IDX_PERSION` (`ID`)
) ENGINE=InnoDB DEFAULT CHARSET=utf8;

#
# Structure for the `t_s_attachment` table : 
#

DROP TABLE IF EXISTS `t_s_attachment`;

CREATE TABLE `t_s_attachment` (
  `id` varchar(32) NOT NULL COMMENT 'ID',
  `userid` varchar(32) DEFAULT NULL COMMENT 'ûID',
  `businesskey` varchar(32) DEFAULT NULL,
  `infotypeid` varchar(32) DEFAULT NULL COMMENT 'ID',
  `attachmenttitle` varchar(100) DEFAULT NULL,
  `realpath` varchar(100) DEFAULT NULL COMMENT '·',
  `subclassname` text,
  `createdate` datetime DEFAULT NULL,
  `attachmentcontent` longblob COMMENT '',
  `swfpath` text COMMENT 'flash·',
  `note` text,
  `extend` varchar(32) DEFAULT NULL,
  `busentityname` varchar(100) DEFAULT NULL,
  PRIMARY KEY (`id`),
  UNIQUE KEY `IDX_ATTACHMENT` (`id`)
) ENGINE=InnoDB DEFAULT CHARSET=utf8;

#
# Structure for the `t_s_base_user` table : 
#

DROP TABLE IF EXISTS `t_s_base_user`;

CREATE TABLE `t_s_base_user` (
  `id` varchar(32) NOT NULL,
  `browser` varchar(20) DEFAULT NULL,
  `signature` longblob,
  `userkey` varchar(200) DEFAULT NULL,
  `status` smallint(6) DEFAULT NULL,
  `realname` varchar(50) DEFAULT NULL,
  `username` varchar(50) DEFAULT NULL,
  `departid` varchar(32) DEFAULT NULL,
  `password` varchar(100) DEFAULT NULL,
  `activitisync` smallint(6) DEFAULT NULL,
  PRIMARY KEY (`id`),
  UNIQUE KEY `IDX_BASE_USER` (`id`),
  KEY `IDX_FOREIGN_DEPART` (`departid`)
) ENGINE=InnoDB DEFAULT CHARSET=utf8;

#
# Structure for the `t_s_config` table : 
#

DROP TABLE IF EXISTS `t_s_config`;

CREATE TABLE `t_s_config` (
  `id` varchar(32) NOT NULL COMMENT 'ID',
  `userid` varchar(32) DEFAULT NULL COMMENT 'ûID',
  `code` varchar(100) DEFAULT NULL COMMENT '',
  `name` varchar(100) NOT NULL COMMENT '',
  `content` text COMMENT 'ݣ   Ҳļ·',
  `note` text COMMENT 'ע',
  PRIMARY KEY (`id`),
  UNIQUE KEY `IDX_CONFIG` (`id`),
  KEY `IDX_FOREIGN_USER` (`userid`)
) ENGINE=InnoDB DEFAULT CHARSET=utf8;

#
# Structure for the `t_s_demo` table : 
#

DROP TABLE IF EXISTS `t_s_demo`;

CREATE TABLE `t_s_demo` (
  `id` varchar(255) NOT NULL,
  `democode` text,
  `demoorder` smallint(6) DEFAULT NULL,
  `demotitle` varchar(200) DEFAULT NULL,
  `demourl` varchar(200) DEFAULT NULL,
  `demopid` varchar(255) DEFAULT NULL,
  PRIMARY KEY (`id`),
  UNIQUE KEY `IDX_DEMO` (`id`)
) ENGINE=InnoDB DEFAULT CHARSET=utf8;

#
# Structure for the `t_s_depart` table : 
#

DROP TABLE IF EXISTS `t_s_depart`;

CREATE TABLE `t_s_depart` (
  `id` varchar(32) NOT NULL COMMENT 'ID',
  `departname` varchar(50) NOT NULL,
  `description` text COMMENT 'ְ',
  `parentdepartid` varchar(32) DEFAULT NULL COMMENT 'ϼ',
  PRIMARY KEY (`id`),
  UNIQUE KEY `IDX_DEPART` (`id`),
  KEY `IDX_FORENGN_PARENT` (`parentdepartid`)
) ENGINE=InnoDB DEFAULT CHARSET=utf8;

#
# Structure for the `t_s_function` table : 
#

DROP TABLE IF EXISTS `t_s_function`;

CREATE TABLE `t_s_function` (
  `id` varchar(32) NOT NULL COMMENT 'ID',
  `iconid` varchar(32) DEFAULT NULL COMMENT 'ͼID',
  `parentfunctionid` varchar(32) DEFAULT NULL COMMENT 'ȨID',
  `functionname` varchar(50) NOT NULL COMMENT '˵',
  `functionlevel` smallint(6) DEFAULT NULL COMMENT '˵ȼ',
  `functionurl` varchar(100) DEFAULT NULL COMMENT '˵ַ',
  `iconpath` text COMMENT 'ͼ·',
  `functionorder` varchar(10) DEFAULT NULL,
  `functioniframe` smallint(6) DEFAULT NULL,
  PRIMARY KEY (`id`),
  UNIQUE KEY `IDX_FUNCTION` (`id`),
  KEY `IDX_FORENGIN_PARENT` (`parentfunctionid`)
) ENGINE=InnoDB DEFAULT CHARSET=utf8;

#
# Structure for the `t_s_icon` table : 
#

DROP TABLE IF EXISTS `t_s_icon`;

CREATE TABLE `t_s_icon` (
  `id` varchar(32) NOT NULL COMMENT 'ID',
  `name` varchar(100) NOT NULL,
  `type` smallint(6) DEFAULT NULL,
  `path` text COMMENT '·',
  `content` longblob,
  `iconclas` varchar(200) DEFAULT NULL,
  `extend` varchar(5) DEFAULT NULL,
  PRIMARY KEY (`id`),
  UNIQUE KEY `IDX_ICON` (`id`)
) ENGINE=InnoDB DEFAULT CHARSET=utf8;

#
# Structure for the `t_s_log` table : 
#

DROP TABLE IF EXISTS `t_s_log`;

CREATE TABLE `t_s_log` (
  `id` varchar(32) NOT NULL,
  `userid` varchar(32) DEFAULT NULL,
  `loglevel` smallint(6) DEFAULT NULL,
  `operatetime` datetime NOT NULL COMMENT 'ʱ',
  `operatetype` smallint(6) DEFAULT NULL COMMENT 'ͣ1¼2˳3롢4ɾ5¡6ӡ7ϴ8',
  `logcontent` text NOT NULL COMMENT '־',
  `note` text,
  `broswer` varchar(100) DEFAULT NULL,
  PRIMARY KEY (`id`),
  UNIQUE KEY `IDX_LOG` (`id`)
) ENGINE=InnoDB DEFAULT CHARSET=utf8;

#
# Structure for the `t_s_role` table : 
#

DROP TABLE IF EXISTS `t_s_role`;

CREATE TABLE `t_s_role` (
  `id` varchar(32) NOT NULL COMMENT 'ɫID',
  `rolename` varchar(20) DEFAULT NULL COMMENT 'ɫ',
  `rolecode` varchar(15) DEFAULT NULL COMMENT 'ɫ',
  PRIMARY KEY (`id`),
  UNIQUE KEY `IDX_ROLE` (`id`)
) ENGINE=InnoDB DEFAULT CHARSET=utf8;

#
# Structure for the `t_s_role_function` table : 
#

DROP TABLE IF EXISTS `t_s_role_function`;

CREATE TABLE `t_s_role_function` (
  `id` varchar(32) NOT NULL COMMENT 'ID',
  `roleid` varchar(32) DEFAULT NULL COMMENT 'ɫID',
  `functionid` varchar(32) DEFAULT NULL COMMENT 'ȨID',
  `operation` varchar(200) DEFAULT NULL COMMENT 'Ȩ޴',
  PRIMARY KEY (`id`),
  UNIQUE KEY `IDX_ROLE_FUNCTION` (`id`),
  KEY `IDX_FORENGN_ROLE2` (`roleid`),
  KEY `IDX_FORENGN_FUNCTION` (`functionid`)
) ENGINE=InnoDB DEFAULT CHARSET=utf8;

#
# Structure for the `t_s_role_user` table : 
#

DROP TABLE IF EXISTS `t_s_role_user`;

CREATE TABLE `t_s_role_user` (
  `id` varchar(32) NOT NULL COMMENT 'ID',
  `userid` varchar(32) DEFAULT NULL COMMENT 'ûID',
  `roleid` varchar(32) DEFAULT NULL COMMENT 'ɫID',
  PRIMARY KEY (`id`),
  UNIQUE KEY `IDX_ROLE_USER` (`id`),
  KEY `IDX_FORENGN_ROLE` (`roleid`),
  KEY `IDX_FORENGN_USER` (`userid`)
) ENGINE=InnoDB DEFAULT CHARSET=utf8;

#
# Structure for the `t_s_user` table : 
#

DROP TABLE IF EXISTS `t_s_user`;

CREATE TABLE `t_s_user` (
  `id` varchar(32) NOT NULL COMMENT 'ID',
  `signaturefile` varchar(100) DEFAULT NULL COMMENT 'ǩ',
  `mobilephone` varchar(30) DEFAULT NULL COMMENT 'ֻ',
  `officephone` varchar(20) DEFAULT NULL COMMENT '칫绰',
  `email` varchar(50) DEFAULT NULL COMMENT '',
  PRIMARY KEY (`id`),
  UNIQUE KEY `IDX_USER` (`id`)
) ENGINE=InnoDB DEFAULT CHARSET=utf8;

#
# Structure for the `t_s_version` table : 
#

DROP TABLE IF EXISTS `t_s_version`;

CREATE TABLE `t_s_version` (
  `id` varchar(32) NOT NULL,
  `versionname` varchar(50) DEFAULT NULL,
  `versioncode` varchar(30) DEFAULT NULL,
  `loginpage` varchar(100) DEFAULT NULL,
  `versionnum` varchar(20) DEFAULT NULL,
  PRIMARY KEY (`id`),
  UNIQUE KEY `IDX_VERSION` (`id`)
) ENGINE=InnoDB DEFAULT CHARSET=utf8;

#
# Structure for the `tb_agents` table : 
#

DROP TABLE IF EXISTS `tb_agents`;

CREATE TABLE `tb_agents` (
  `id` varchar(255) NOT NULL COMMENT '',
  `name` varchar(255) DEFAULT NULL COMMENT '',
  PRIMARY KEY (`id`)
) ENGINE=InnoDB DEFAULT CHARSET=utf8;

#
# Structure for the `tb_channel` table : 
#

DROP TABLE IF EXISTS `tb_channel`;

CREATE TABLE `tb_channel` (
  `id` varchar(255) NOT NULL COMMENT '',
  `name` varchar(255) DEFAULT NULL COMMENT '',
  PRIMARY KEY (`id`)
) ENGINE=InnoDB DEFAULT CHARSET=utf8;

#
# Structure for the `tb_destination_country` table : 
#

DROP TABLE IF EXISTS `tb_destination_country`;

CREATE TABLE `tb_destination_country` (
  `id` varchar(255) NOT NULL COMMENT '',
  `destination_country` varchar(255) DEFAULT NULL COMMENT 'ĿĹ',
  PRIMARY KEY (`id`)
) ENGINE=InnoDB DEFAULT CHARSET=utf8;

#
# Structure for the `tb_orders` table : 
#

DROP TABLE IF EXISTS `tb_orders`;

CREATE TABLE `tb_orders` (
  `id` varchar(255) NOT NULL COMMENT '',
  `order_number` varchar(255) DEFAULT NULL COMMENT '',
  `remark` varchar(255) DEFAULT NULL COMMENT 'ע',
  `agents_id` varchar(255) NOT NULL COMMENT '',
  `channel_id` varchar(255) NOT NULL COMMENT '',
  `country_id` varchar(255) NOT NULL COMMENT 'ĿĹ',
  `status` int(11) DEFAULT NULL COMMENT '״̬',
  `important` int(11) DEFAULT NULL COMMENT 'Ҫ',
  `create_time` datetime DEFAULT NULL COMMENT 'ʱ',
  `user_account_id` varchar(32) NOT NULL COMMENT 'û˺',
  PRIMARY KEY (`id`),
  KEY `agents_id` (`agents_id`),
  KEY `channel_id` (`channel_id`),
  KEY `country_id` (`country_id`),
  KEY `user_account_id` (`user_account_id`),
  CONSTRAINT `tb_orders_fk` FOREIGN KEY (`agents_id`) REFERENCES `tb_agents` (`id`),
  CONSTRAINT `tb_orders_fk1` FOREIGN KEY (`channel_id`) REFERENCES `tb_channel` (`id`),
  CONSTRAINT `tb_orders_fk2` FOREIGN KEY (`country_id`) REFERENCES `tb_destination_country` (`id`),
  CONSTRAINT `tb_orders_fk3` FOREIGN KEY (`user_account_id`) REFERENCES `t_s_user` (`id`)
) ENGINE=InnoDB DEFAULT CHARSET=utf8;

#
# Structure for the `tb_order_tracking` table : 
#

DROP TABLE IF EXISTS `tb_order_tracking`;

CREATE TABLE `tb_order_tracking` (
  `id` varchar(255) NOT NULL COMMENT '',
  `order_id` varchar(255) DEFAULT NULL COMMENT 'id',
  `information` varchar(255) DEFAULT NULL COMMENT 'Ϣ',
  PRIMARY KEY (`id`),
  KEY `order_id` (`order_id`),
  CONSTRAINT `tb_order_tracking_fk` FOREIGN KEY (`order_id`) REFERENCES `tb_orders` (`id`)
) ENGINE=InnoDB DEFAULT CHARSET=utf8;

#
# Data for the `jeecg_demo` table  (LIMIT 0,500)
#

INSERT INTO `jeecg_demo` (`id`, `age`, `birthday`, `create_time`, `dep_id`, `email`, `mobile_phone`, `office_phone`, `salary`, `sex`, `user_name`) VALUES 
  ('297e5a493d5d5ee3013d5d5fd44b0003',NULL,NULL,NULL,'150','123@1.com','13426432920','123',NULL,NULL,'123'),
  ('8a8a8a813df31a2f013df31e50870005',NULL,NULL,NULL,NULL,NULL,NULL,NULL,NULL,NULL,'1221'),
  ('8a8a8a813df31a2f013df31ee17d0007',NULL,NULL,NULL,NULL,NULL,NULL,NULL,NULL,NULL,'09090909'),
  ('8a8a8a813df31a2f013df321232f001e',NULL,NULL,NULL,NULL,NULL,NULL,NULL,NULL,NULL,'12');

COMMIT;

#
# Data for the `jg_person` table  (LIMIT 0,500)
#

INSERT INTO `jg_person` (`id`, `age`, `birthday`, `createdt`, `name`, `salary`) VALUES 
  ('297e5a493d5d5ee3013d5d5f73eb0001',1,'2013-03-14','2013-03-12 02:52:45','12',12),
  ('8a8a8a813df31a2f013df31d35820001',2,NULL,'2013-04-10 16:43:26','',2);

COMMIT;

#
# Data for the `person` table  (LIMIT 0,500)
#

INSERT INTO `person` (`ID`, `NAME`, `AGE`, `SALARY`, `createDt`, `birthday`) VALUES 
  ('8a8a8a813dea4e51013dea5063e40001','zhangdaihao',28,100,'2013-04-08 11:42:27','2013-04-17');

COMMIT;

#
# Data for the `t_s_attachment` table  (LIMIT 0,500)
#

INSERT INTO `t_s_attachment` (`id`, `userid`, `businesskey`, `infotypeid`, `attachmenttitle`, `realpath`, `subclassname`, `createdate`, `attachmentcontent`, `swfpath`, `note`, `extend`, `busentityname`) VALUES 
  ('297e5a493da6ed99013da7055cb00069',NULL,NULL,NULL,'ϵͳiframetab˵','upload/files/20130326220619IrYnrTQY.txt','jeecg.system.pojo.base.TSDocument','2013-03-26 22:06:19','\0P@\0Ët8JIt2SËBPHvXHI|Hu\b@[Í@\0ËËSt-Xt&J|9})Ӆ|9D$\b|1D$\by[\0SVWÉ։t0JN|*9}&~\")9~)؋R)\0\0\0_^[ÅtVSVWUÉ։ϋRtRO}19~׋ku\0\0\0X9u/H)w؋j]_^[Ðt@t1SVWƉ׋OWVJxF)~uVW_^tZ1\b1Z)_^[Í@\0SVWÉ1~Ht#xu\b\tPX\bp\0(ǋtH9|,;_^[ËSVWÉ։ω~_^[Ë3\0\0\0SӉ1ɅtK)QY[YðÅtPj\0Í@\0tRÍ@\0t\0\0\0\0\0PRXÍ@\0SVÉ֋t\0\0\0\0PxNu^[Í@\0JQRPIqËSVWUP$\tx]n\0\0}(VD$\bL$\0\08؅~T$ǋ9\0\0\0*݋ǋ\0\0VL$\n؅}3ۋǋ\0\0\0\0]_^[ËPQRZ2ÐR\0\0\0CZÐR\0\0\0ZÐ1Ʌt!R:\nt:Jt:Jt:JtBBBZ)Í@\01Ʌt-Rf;\nt f;Jtf;Jtf;Jt\bZ)TÍ@\01Ɋ\nBÐWPQ1fuXX_,Í@\01ɅtJÐSVW\0ً\0\0\0~\0\0\0Y\0\0\0;Åu3PD$Ϻ\0\0}3;}È~V̑\0\0\0_^[ÐtÐ\0\0U@\0Ët@ËSVWUQ$؅tB$\03I~ɋ׋$\0ɍw$3Z]_^[ÐSVWUL$$}؋D$rut1ɋ׋-ɍ_D$$','upload/files/20130326220619IrYnrTQY.swf',NULL,'txt',NULL),
  ('297e5a493da6ed99013da706dc0d006a',NULL,NULL,NULL,'ѯDB2','upload/files/20130326220757GtOq6EUI.docx','jeecg.system.pojo.base.TSDocument','2013-03-26 22:07:57','\0P@\0Ët8JIt2SËBPHvXHI|Hu\b@[Í@\0ËËSt-Xt&J|9})Ӆ|9D$\b|1D$\by[\0SVWÉ։t0JN|*9}&~\")9~)؋R)\0\0\0_^[ÅtVSVWUÉ։ϋRtRO}19~׋ku\0\0\0X9u/H)w؋j]_^[Ðt@t1SVWƉ׋OWVJxF)~uVW_^tZ1\b1Z)_^[Í@\0SVWÉ1~Ht#xu\b\tPX\bp\0(ǋtH9|,;_^[ËSVWÉ։ω~_^[Ë3\0\0\0SӉ1ɅtK)QY[YðÅtPj\0Í@\0tRÍ@\0t\0\0\0\0\0PRXÍ@\0SVÉ֋t\0\0\0\0PxNu^[Í@\0JQRPIqËSVWUP$\tx]n\0\0}(VD$\bL$\0\08؅~T$ǋ9\0\0\0*݋ǋ\0\0VL$\n؅}3ۋǋ\0\0\0\0]_^[ËPQRZ2ÐR\0\0\0CZÐR\0\0\0ZÐ1Ʌt!R:\nt:Jt:Jt:JtBBBZ)Í@\01Ʌt-Rf;\nt f;Jtf;Jtf;Jt\bZ)TÍ@\01Ɋ\nBÐWPQ1fuXX_,Í@\01ɅtJÐSVW\0ً\0\0\0~\0\0\0Y\0\0\0;Åu3PD$Ϻ\0\0}3;}È~V̑\0\0\0_^[ÐtÐ\0\0U@\0Ët@ËSVWUQ$؅tB$\03I~ɋ׋$\0ɍw$3Z]_^[ÐSVWUL$$}؋D$rut1ɋ׋-ɍ_D$$YZ]_^[SVRP1LtAJuPƋDt\nHKuZXZ^[X$SVWƉ9trtQtTFW)wRt&9uAJtN_9u4\b\bJuZtfff9u!W)F)Zf9u\tf9_^[Í@\0USVWڋQ}3K;}؅}3\b+;}ǋ֋M\b_^[]\0@\0SVWUQڋE\0~n|i;|e~aK++ǋ}3uu3$9L$~ɋ$E\0~+E\0pɋ$Zwŋ$)Z]_^[Í@\0SVWUىT$$$p~uD$\0_}3K;}ߍ>~ɋՋD$\0\nɍT]\0$;~\ZTu\0+ɋD$\0XD$YZ]_^[ËtKt:SVWƉ׋OWVJx f)~fuVWf_^tZ1\n1Z)_^[SVW3ۅ~''\b؋~;}ƋɋӋDǋ_^[Í@\0tPJQR腻ZÐ1SJVWÍt\n|F؋\0\0\0\0\0\0\bO_^[Ð\0\0\0SVWÉ։1ҊV1<\nt\"<t<t$<\rt3<tM<t<t\n_^[\\OEKK\bKO2UՋT.\n\\.L.O]UՉ\\.EO]_^[Ð\0\0\0bÐ1SJVWÍt\n|F؋\0\0\0''\0\0\0\bO_^[Í@\0=`\0\0t`\0ðÃ\0\0\0\0PSVWÉ։1ҊV<\nt%<t><tQ<\rt\\<tv<\0\0\0<\0\0\0\0\0\0\n\0\0\0-\0\0\0Xwgn؃gO_UՋT.\n\\.L.bO]AUՉ\\.\0O]+؃\0\0O؉_\0\0O_^[X_^[XË\0\0\0\nÐ1SJVWÍt\n|F؋\0\0\0#\0\0\0\bO_^[Ð=`\0\0t`\0ðqSVW\0\0\0É։1ҊV<\nt\"<t-<t8<\rtC<t]<to<tz_^[2On؃-O_؃OPUՋT.\n\\.L.}O]2UՉ\\.O]\0\0O\r\n\0\0O_^[Ð=`\0\0t`\0ðSVWUÉ1A|\b\no1OQO)~G\n\nt1t=tI\rtUtp\0\0\0\0\0\0]_^[-0+\0\0\0}0b\0\0\0l0Q\0\0\0[1ɊJttL\n\t0a\0\0\0X;1ɊJLQэ0,X\"0o\0\0\0\0\0ы0d\t\0\0\0\0\0G\bMY)~\n]_^[ËSVWUÉ։ϋl$\nt1tCtR\rtat}\0\0\0\0\0\0]_^[6؋5Mu\0\0\0؋fMuz؉RMuf1ɊO|9؉O\bwc7MuE؉31G\\8t8Mu(؋h\0\0Mu؋Z\b\0\0Mu]_^[\0ÐR&ZtPoXÐPX,Í@\0\0\0\0Ë\0\0\0Ë:ÐTÍ@\0SVWڋPȋJfC\0\0_^[SVQ؉$$jЋ΋Z^[Í@\0SQ3$|ȋċM$Z[Í@\0RPD$$$D$d$$d$YY\b\0USVW1\\$L$\tu\b\tt\\\ttX\ty\n؃\0\ty\nۃ\0͹@\0\0\0W119rw9r)@[\0\0\0t؃\0_^[]\b\01Í@\0USVW1\\$L$\tu\b\tt]\ttY\ty\n؃\0\tyۃ\0͹@\0\0\0W119rw9r)@[\0\0\0t؃\0_^[]\b\01Ð |@|11É1Í@\0 |@|11É1Í@\0USVW3ۃ}\0u\t}\b\0Ej\0j\nE\bU}؃\0ڃ0\0DCj\0j\nE\bUpE\bU}\0u}\b\0u}\0tD-C\0\0\0~\0\0\0\0\0\0+;|\t @;}~\rKT߈@J_^[]\b\0@\0USuu\b3+[]\b\0SVWU$\0\0\03D$\b\0\0\0\0D$\0\0\0\0u$(\0\0E|. tD$\0D.<-u\bD$E<+uE|.$t(D.c<Xt|.0\0\0\0.L<X\0\0\0|.0uEED.ЀЀ\nrrrz\0\0\00\0\0\07\0\0\0W|$\0u\t|$\b\0rG|C|$u\t|$\bv0.ǙRPD$T$$T$\bD$\bT$E3f|$\0\0\0\0D$\bT$؃\0ډD$\bT$\0\0\0D.ЀЀ\nsb\0\0\00|$\0u\t|$\b\0rI|E|$u|$\bv/-j\0j\nD$T$&RPǙ$T$\bD$\bT$E3됀|$\0tD$\bT$؃\0ډD$\bT$|$\0u|$\b\0t|$\0u\n|$\b\0:D$tM|.\0\nt$($3҉D$\bT$]_^[Ðt@HÐUu\b]\0Ë\0\0ËUSVWME]E\b8\Z}EJ\0\03EtE3FƋƋPUPt23mEE;EtE\bt;u5];}}tÃ\bUM+ϋ;EUL]^E؋EE;}}}t*UUÃ\b3EPUÃ\bMMӃ\bE\0M\0\0\0;+UUEE32}~.E\bMO|\"GE\0\0\0\0E\bPEMEOuE_^[]\0T$jÐSt؃SQ3\0\0\0[Ë\0\0\0[USVWUEu3ۃ}\0\0\0\0EE}3E\0;}+;~}3\0\0\0E@EE@EE@t\0E3Em\b\0\0\03}}~5}\0tU3\nVMU`MӋEE\bU[E\b_^[]\b\0\bt3\0\0\0\0\0Iu''P1ɊJTtHt\b\bXËStBtKuPRCZX[Ðt@Í@\0jT$RP蠭|$\0\0\0uD$3ËËSV؃{\0u+h\0\0D$PCPĲ\0\0suCCC\b\0\0^[Ð<`\0t;Bt\n;B\bt;Bu\bËuP0t\\uUİSVWUEEEhi@\0jt@hi@\0VaÅt/h\0\0PEPӅtEPPEPY\"\0\0E8\\u8Ex\\\r\0\0Ed>\0\0\0\0FQ>\0\0\0\0u+]CPEPP\0\0\0F+ƋB\0\0\0\0\0@PVPPPEttV0P蜫S@=\0\0UƄ\\\0\0+HPP@P`P\\@؋>\0VEPPEP2E_^[]kernel32.dll\0\0\0\0GetLongPathNameA\0\0\0\0USVEh\0\0Pj\0諪E\0EPh\0\0j\0hk@\0h\0\0t@EPh\0\0j\0hk@\0h\0\0Ǫt\"EPh\0\0j\0hk@\0h\0\0詪\0\0\03Uhj@\0d0d E\0\0\0\0\0EPEPj\0j\0PEPht\"EPEPj\0j\0hl@\0EPJtE\0E\03ZYYdhj@\0EPh\0\0EPPjEPj辩P萩3\0\0\0\0}\0u\n}\0\0\0\0P譩؍K;.t\n;u;\0\0\0C}\0t(+и\0\0+PEPS^jj\0P>uj}\0td+и\0\0+PEPS&jj\0Pu2E\0+и\0\0+PEPSjj\0PШ^[]\0\0Software\\Borland\\Locales\0\0\0\0Software\\Borland\\Delphi\\Locales\0\0\0\0\0\0\0\0Ë+\0\0\0ËSVW<`\0t׋Cքtu_^[ËSVW<`\0tքtu_^[Ë\0\0\0Ë#\0\0\0ËSظ\b\0\0\0S@`\0X@`\0[ÐSV5@`\0t\"V;u@`\0\0@`\0\b\0\0\05^[Ëօt''\ntY;u\b\0\0\0\ru^[ËUSVWE@`\0E}\0t93UhOm@\0d0d ]ES3ZYYd\n|E\0E}\0u_^[YY]Ë<`\0<`\0ËUQE3Uhm@\0d2d\"E@t3ZYYdhm@\0E;<`\0uE\0<`\0<`\0t;Uu\tU\0uY]Ët\0\0\0\0\0PRP\bXÍ@\0tRPRPX\b\0uËQP\bË\bɉtQP\bÅWj\0TQRttP\0P\bX_ÅtP\0PÐP裦Ëx\0tǻË@\0\0\0Í@\0US]\bMUt3@\0[]\0UE\bPA]\0USV]\bCP3u\tË\bQ^[]\0y\r \0t$Ѱ6ÐUSVMU3҃}\0\0\0\033Ʌ\0\0\0lUJAw0FY\0\0v1^;]wS0?ˀ\\0?ʀT0 ^;]w\"0?ʀT0;M\bs;ur;uruN0\0\";M\bsEHAv\n\0\0vFFF;M\brV^[YY]\0USVMUE}\0u\n3E\t\0\0E33}\0\0\0\0\0\0\0U3Ɋ2Ftl;u\b\0\0\0? t.U2Fڀ\0\0\0;u\b\0\0\0?\0\0\0ыʋU2Fڀ\0\0\0?\0\0\0fыMfAUfB@;u\bs\t;Ep;ErEHUfB\0\0G;u\bsBU2Ft0;u\bs5? tU2Fu;u\bsU2Fu\n@;u\br@EE^[]\0@\0Uj\0SV3Uhq@\0d0d 3{t^Z@EHPEs@P&PEaYZ~\rJE\bEUƋU3ZYYdhq@\0E6^[Y]ÐUj\0SV3Uhsr@\0d0d ht]ЍEPE@PPEyYZ~\rJE\bEƋUC3ZYYdhzr@\0E^[Y]ÐUj\0SV3Uhr@\0d0d EE3ZYYdhr@\0E^[Y]ÐUj\0SV3Uhs@\0d0d UU3ZYYdh\Zs@\0ERl^[Y]ÐSV\0؅t={\0\0\0}*h\0\0\0D$PCP\0lPVȋԋ\nƋS\0\0\0^[ËUS3҉U3Uhs@\0d2d\"jURh\0\0PѠEU\0\0\0EU؃}\0t33ZYYdhs@\0E''[]U3Uh6t@\0d0d \0u#P\0\0\0ݽШ3ZYYdh=t@\0I]Ð-\0\0\0\0`\0\0@\0\0@\0N\0\0\0_@\0tfT\0f \0f\0谟@\0莠<\0l%\0\0\0=\0\0\0t-[%\0\0\0fv\0\0\0\0 诟\0螟u\04\0Ð%C\0%\bC\0%C\0%\0C\0Pj@Í@\0T\0\0\0ËS؅t6=`\0u\n\0\0\0u\0\0\0P`\0P[Ê\rd\0`\0u&d,\0\0\0`\0Pntáp\0P]tø`\0ÐS3`\0j\0+h\0h\0`\03`\03`\0`\0u[Í@\0U3UhAv@\0d0d l\03ZYYdhHv@\0>]Ë-l\0Xv@\0TWideStringDynArray\0\0\0@\0\b\0\0\0@\0Types\b;\nuH\b;J\buH;Ju\b@;Bt3ðUS]\bSECK\b[]\b\0QË\n;\b|;H\b}J;H|\bR;P|3ðÍ@\0SVWًV򥥥^;~C;B~FC\b;B\b}F\bC;B}F\0\0\0؀u3ɺ\0\0\0\\_^[ËP\b;~P;P~3ðÍ@\0tP\bHH3Í@\0US]\bSȉK\bUS[]\b\0SX\b\b+y\0ى\ZXH+y\0ىZ[Í@\0U3Uhw@\0d0d t\03ZYYdhw@\0]Ë-t\0x@\0HWND\0\0\0\0x@\0.1\0\0\0\0\0\0\0x@\0\nodSelected\bodGrayed\nodDisabled\todChecked\todFocused\todDefault\nodHotLight\nodInactive\todNoAccel\rodNoFocusRectodReserved1odReserved2odComboBoxEditWindowsx@\0TOwnerDrawStatex@\0%XC\0%TC\0%PC\0%LC\0%HC\0%DC\0%@C\0%<C\0%8C\0%4C\0%0C\0%,C\0%,C\0%(C\0%$C\0% C\0% C\0%C\0%C\0%C\0%xE\0%tE\0%tE\0%pE\0%lE\0%lE\0%hE\0%dE\0%`E\0%`E\0%\\E\0%XE\0UEP}@PE\bP]\0%TE\0%PE\0%LE\0%LE\0%HE\0%DE\0%@E\0%<E\0%8E\0%4E\0%0E\0%,E\0%(E\0%$E\0% E\0% E\0%E\0%E\0%E\0%E\0%E\0%E\0%\bE\0%E\0%\0E\0%D\0%D\0%D\0%D\0%D\0%D\0%D\0%D\0%D\0%D\0%D\0%D\0%D\0%D\0%D\0%D\0%D\0%D\0%D\0%D\0%D\0%D\0%D\0%D\0%D\0%D\0%D\0%D\0%D\0%D\0%D\0%D\0%D\0%D\0%D\0%|D\0%|D\0%xD\0%tD\0%pD\0%lD\0%lD\0%hD\0%dD\0%`D\0%\\D\0%XD\0%TD\0%PD\0%LD\0%HD\0%DD\0%@D\0%<D\0%8D\0%4D\0%0D\0%,D\0%(D\0%$D\0% D\0%D\0%D\0%D\0%D\0%D\0%\bD\0%\bD\0%D\0%\0D\0%C\0%C\0%C\0%C\0%C\0%C\0%C\0%C\0%C\0%C\0%C\0%C\0%C\0%C\0%C\0%C\0%C\0%C\0%C\0%C\0%C\0%C\0%C\0%C\0%C\0%C\0%C\0%C\0%C\0%C\0%C\0%C\0%C\0%|C\0%xC\0%tC\0%pC\0%lC\0%hC\0%dC\0%`C\0%E\0%E\0%E\0%E\0%G\0%G\0%G\0%G\0%G\0%G\0%G\0%G\0%G\0%G\0%G\0%G\0%G\0%G\0%G\0%G\0%G\0%|G\0%xG\0%tG\0%pG\0%lG\0%hG\0%dG\0%`G\0%\\G\0%XG\0%TG\0%PG\0%LG\0%HG\0%DG\0%@G\0%<G\0%8G\0%4G\0%0G\0%,G\0%(G\0%$G\0% G\0%G\0%G\0%G\0%G\0%G\0%\bG\0%G\0%\0G\0%F\0%F\0%F\0%F\0%F\0%F\0%F\0%F\0%F\0%F\0%F\0%F\0%F\0%F\0%F\0%F\0%F\0%F\0%F\0%F\0%F\0%F\0%F\0%F\0%F\0%F\0%F\0%F\0%F\0%F\0%F\0%F\0%|F\0%xF\0%tF\0%pF\0%lF\0%hF\0%dF\0%`F\0%\\F\0%XF\0%TF\0%PF\0%LF\0%HF\0%DF\0%@F\0%<F\0%8F\0%4F\0%0F\0%,F\0%(F\0%$F\0% F\0%F\0%F\0%F\0%F\0%F\0%\bF\0%F\0%\0F\0%E\0%E\0%E\0%E\0%E\0%E\0%E\0%E\0%E\0%E\0%E\0%E\0%E\0%E\0%E\0%E\0%E\0%E\0%E\0%E\0%E\0%E\0%E\0%E\0%E\0%E\0%E\0%E\0%K\0%K\0%K\0%|K\0%xK\0%tK\0%pK\0%lK\0%lK\0%hK\0%dK\0%K\0%`K\0%K\0%\\K\0%K\0%XK\0%K\0%K\0%K\0%K\0%TK\0%K\0%PK\0%LK\0%HK\0%DK\0%@K\0%<K\0%8K\0%4K\0%0K\0%,K\0%(K\0%$K\0% K\0%K\0%K\0%K\0%K\0%K\0%\bK\0%K\0%\0K\0%J\0%J\0%J\0%J\0%J\0%J\0%J\0%J\0%J\0%J\0%J\0%J\0%J\0%J\0%J\0%J\0%J\0%J\0%J\0%J\0%J\0%J\0%J\0%J\0%J\0%J\0%J\0%J\0%J\0%J\0%J\0%J\0%J\0%|J\0%xJ\0%tJ\0%pJ\0%lJ\0%hJ\0%dJ\0%`J\0%\\J\0%XJ\0%TJ\0%PJ\0%LJ\0%HJ\0%DJ\0%@J\0%<J\0%8J\0%4J\0%0J\0%,J\0%(J\0%$J\0% J\0%J\0%J\0%J\0%J\0%J\0%\bJ\0%J\0%\0J\0%I\0%I\0%I\0%I\0%I\0%I\0%I\0%I\0%I\0%I\0%I\0%I\0%I\0%I\0%I\0%I\0%I\0%I\0%I\0%I\0%I\0%I\0%I\0%I\0%I\0%I\0%I\0%I\0%I\0%I\0%I\0%I\0%I\0%I\0%|I\0%xI\0%tI\0%pI\0%lI\0%hI\0%dI\0%`I\0%\\I\0%XI\0%TI\0%PI\0%LI\0%HI\0%DI\0%@I\0%<I\0%8I\0%4I\0%0I\0%,I\0%(I\0%$I\0% I\0%I\0%I\0%I\0%I\0%I\0%\bI\0%I\0%\0I\0%H\0%H\0%H\0%H\0%H\0%H\0%H\0%H\0%H\0%H\0%H\0%H\0%H\0%H\0%H\0%H\0%H\0%H\0%H\0%H\0%H\0%H\0%H\0%H\0%H\0%H\0%H\0%H\0%H\0%H\0%H\0%H\0%H\0%H\0%H\0%|H\0%xH\0%tH\0%pH\0%lH\0%hH\0%dH\0%dH\0%`H\0%\\H\0%XH\0%TH\0%PH\0%LH\0%HH\0%DH\0%@H\0%<H\0%<H\0%8H\0%4H\0%0H\0%,H\0%(H\0%$H\0% H\0%H\0%H\0%H\0%H\0%H\0%\bH\0%H\0%\0H\0%G\0%G\0%G\0%G\0%G\0%G\0%G\0%G\0%G\0%G\0%G\0%G\0%\0\0\0\0\0\0\bfË\bÐ/Ë薠Ð莠Ð3葨3ÐRPAP[ËQRPXPPq\\P>ÐP>PPW\"Ð\0\0\0Í@\0\0\0\0Í@\0\b\0\0\0%\0\0\0\0\0\0\b3ҊËÍ@\0\bQ$$D$BZQff$f@fD$$ZËËË%G\0%G\0UQSVWM衡؋E\bPEPEPEPEPEPE PE$PE(PEPWVW_^[Y]$\0UQSVWMI؋E\bPEPEPEPEPEPE PE$PE(PEPWV\\_^[Y]$\0UQSVWM؋E\bPEPEPEPEPEPE PE$PEPWVj\0詠_^[Y] \0@\0UQSVWEh@\0h@\0h@\0Uhȍ@\0h@\0|>\0ttj\0j\0PSUE3҉?\0ttj\0j\0PSU\b\tE\b\0\0\0\0_^[Y]\b\0\0\0Magellan MSWHEEL\0\0\0\0MouseZ\0\0MSWHEEL_ROLLMSG\0MSH_WHEELSUPPORT_MSG\0\0\0\0MSH_SCROLL_LINES_MSG\0\0\0\0U3Uh@\0d0d x\03ZYYdh$@\0b]Ë-x\0U3UhU@\0d0d |\03ZYYdh\\@\0*]Ë-|\0h\0\0\0h\0\0\0h\0\0\0h\0\0\0h\0\0\0h\0\0\0h\0\0\0h\0\0\0h\0\0\0h\0\0\0h\0\0\0h\0\0\0h\0\0\0h\0\0\0h\0\0\0h\0\0\0h\0\0\0h\0\0\0h\0\0\0h\0\0\0h\0\0\0h\0\0\0h\0\0\0h\0\0\0h\0\0\0h\0\0\0h\0\0\0h\0\0\0h\0\0\0h\0\0\0h\0\0\0h\0\0\0h\0\0\0h\0\0\0h\0\0\0h\0\0\0h\0\0\0h\0\0\0h\0\0\0h\0\0\0h\0\0\0h\0\0\0h\0\0\0h\0\0\0h\0\0\0h\0\0\0h\0\0\0h\0\0\0h\0\0\0h\0\0\0h\0\0\0h\0\0\0h\0\0\0h\0\0\0h\0\0\0h\0\0\0h\0\0\0h\0\0\0h\0\0\0h\0\0\0h\0\0\0h\0\0\0h\0\0\0h\0\0\0h\0\0\0h\0\0\0h\0\0\0h\0\0\0h\0\0\0h\0\0\0h\0\0\0h\0\0\0h\0\0\0h\0\0\0h\0\0\0h\0\0\0h\0\0\0h\0\0\0h\0\0\0h\0\0\0h\0\0\0h\0\0\0h\0\0\0h\0\0\0h\0\0\0h\0\0\0h\0\0\0h\0\0\0h\0\0\0h\0\0\0h\0\0\0h\0\0\0h\0\0\0h\0\0\0h\0\0\0h\0\0\0h\0\0\0h\0\0\0h\0\0\0h\0\0\0h\0\0\0h\0\0\0h\0\0\0h\0\0\0h\0\0\0h\0\0\0h\0\0\0h\0\0\0h\0\0\0U3Uh@\0d0d \03ZYYdh@\0銲]Ë-\0@\0\n\tTFileName@\0\nTSearchRecX\0\0\0\0\0\b@\0\0\0\0@\0\0\0\0\0\0\0\0\0@\0\0\0\0\0\0\0\0\0\0\0\0\0\0\0\0\0@\0\0\0\0@\08?@\0D?@\0H?@\0L?@\0@?@\0<@\0<@\0<@\0\0\0\0\0\0\0\0\0@\0\0\0\0\tException@\0\tException@\0(@\0\0\0\bSysUtils\0\0@\0\0\0\0\0\0\0\0\0\0\0\0\0\0\0\0\0\0\0\0\0\0\0\0\0\0\0\0\0@\0\0\0\08@\08?@\0D?@\0H?@\0L?@\0@?@\0<@\0<@\0<@\0EAbortd@\0\0\0\0\0\0\0\0\0\0\0\0\0\0\0\0\0\0\0\0\0\0\0\0\0\0\0\0\0d@\0\0\0\08@\08?@\0D?@\0H?@\0L?@\0@?@\0<@\0\0\rA\0<@\0EHeapException@\0\0\0\0\0\0\0\0\0\0\0\0\0\0\0\0\0\0\0\0\0\0\0\0\0\0\0\0\0@\0\0\0\0@\08?@\0D?@\0H?@\0L?@\0@?@\0<@\0\0\rA\0<@\0EOutOfMemory@\0@\0\0\0\0\0\0\0\0\0\0\0\0\0\0\0\0\0\0\0\0\0\0\0\0\0\0\0\0\0@\0\0\0\08@\08?@\0D?@\0H?@\0L?@\0@?@\0<@\0<@\0<@\0EInOutErrort@\0\0\0\0\0\0\0\0\0\0\0\0\0\0\0\0\0\0\0\0\0\0\0\0\0\0\0\0\0t@\0\0\0\08@\08?@\0D?@\0H?@\0L?@\0@?@\0<@\0<@\0<@\0\tEExternal̔@\0\0\0\0\0\0\0\0\0\0\0\0\0\0\0\0\0\0\0\0\0\0\0\0\0\0\0\0\0̔@\0\0\0\0(@\08?@\0D?@\0H?@\0L?@\0@?@\0<@\0<@\0<@\0EExternalException,@\0\0\0\0\0\0\0\0\0\0\0\0\0\0\0\0\0\0\0\0\0\0\0\0\0\0\0\0\0,@\0\0\0\0(@\08?@\0D?@\0H?@\0L?@\0@?@\0<@\0<@\0<@\0\tEIntError@\0\0\0\0\0\0\0\0\0\0\0\0\0\0\0\0\0\0\0\0\0\0\0\0\0\0\0\0\0@\0\0\0\0@\08?@\0D?@\0H?@\0L?@\0@?@\0<@\0<@\0<@\0\nEDivByZeroܕ@\0\0\0\0\0\0\0\0\0\0\0\0\0\0\0\0\0\0\0\0\0\0\0\0\0\0\0\0\0ܕ@\0\0\0\0@\08?@\0D?@\0H?@\0L?@\0@?@\0<@\0<@\0<@\0ERangeError4@\0\0\0\0\0\0\0\0\0\0\0\0\0\0\0\0\0\0\0\0\0\0\0\0\0\0\0\0\04@\0\0\0\0@\08?@\0D?@\0H?@\0L?@\0@?@\0<@\0<@\0<@\0EIntOverflow@\0@\0\0\0\0\0\0\0\0\0\0\0\0\0\0\0\0\0\0\0\0\0\0\0\0\0\0\0\0\0@\0\0\0\0(@\08?@\0D?@\0H?@\0L?@\0@?@\0<@\0<@\0<@\0\nEMathError@\0\0\0\0\0\0\0\0\0\0\0\0\0\0\0\0\0\0\0\0\0\0\0\0\0\0\0\0\0@\0\0\0\0D@\08?@\0D?@\0H?@\0L?@\0@?@\0<@\0<@\0<@\0\nEInvalidOp@@\0\0\0\0\0\0\0\0\0\0\0\0\0\0\0\0\0\0\0\0\0\0\0\0\0\0\0\0\0@@\0\0\0\0D@\08?@\0D?@\0H?@\0L?@\0@?@\0<@\0<@\0<@\0EZeroDivide@\0\0\0\0\0\0\0\0\0\0\0\0\0\0\0\0\0\0\0\0\0\0\0\0\0\0\0\0\0@\0\0\0\0D@\08?@\0D?@\0H?@\0L?@\0@?@\0<@\0<@\0<@\0\tEOverflow@\0\0\0\0\0\0\0\0\0\0\0\0\0\0\0\0\0\0\0\0\0\0\0\0\0\0\0\0\0@\0\0\0\0D@\08?@\0D?@\0H?@\0L?@\0@?@\0<@\0<@\0<@\0\nEUnderflowH@\0\0\0\0\0\0\0\0\0\0\0\0\0\0\0\0\0\0\0\0\0\0\0\0\0\0\0\0\0H@\0\0\0\0@\08?@\0D?@\0H?@\0L?@\0@?@\0<@\0\0\rA\0<@\0EInvalidPointer@\0\0\0\0\0\0\0\0\0\0\0\0\0\0\0\0\0\0\0\0\0\0\0\0\0\0\0\0\0@\0\0\0\08@\08?@\0D?@\0H?@\0L?@\0@?@\0<@\0<@\0<@\0EInvalidCast@\0\0@\0\0\0\0\0\0\0\0\0\0\0\0\0\0\0\0\0\0\0\0\0\0\0\0\0\0\0\0\0\0@\0\0\0\08@\08?@\0D?@\0H?@\0L?@\0@?@\0<@\0<@\0<@\0\rEConvertError\\@\0\0\0\0\0\0\0\0\0\0\0\0\0\0\0\0\0\0\0\0\0\0\0\0\0\0\0\0\0\\@\0\0\0\0(@\08?@\0D?@\0H?@\0L?@\0@?@\0<@\0<@\0<@\0EAccessViolation@\0@\0\0\0\0\0\0\0\0\0\0\0\0\0\0\0\0\0\0\0\0\0\0\0\0\0\0\0\0\0@\0\0\0\0(@\08?@\0D?@\0H?@\0L?@\0@?@\0<@\0<@\0<@\0\nEPrivilege@\0\0\0\0\0\0\0\0\0\0\0\0\0\0\0\0\0\0\0\0\0\0\0\0\0\0\0\0\0@\0\0\0\0(@\08?@\0D?@\0H?@\0L?@\0@?@\0<@\0<@\0<@\0EStackOverflowp@\0\0\0\0\0\0\0\0\0\0\0\0\0\0\0\0\0\0\0\0\0\0\0\0\0\0\0\0\0p@\0\0\0\0(@\08?@\0D?@\0H?@\0L?@\0@?@\0<@\0<@\0<@\0\tEControlCȚ@\0\0\0\0\0\0\0\0\0\0\0\0\0\0\0\0\0\0\0\0\0\0\0\0\0\0\0\0\0Ț@\0\0\0\08@\08?@\0D?@\0H?@\0L?@\0@?@\0<@\0<@\0<@\0\rEVariantError$@\0\0\0\0\0\0\0\0\0\0\0\0\0\0\0\0\0\0\0\0\0\0\0\0\0\0\0\0\0$@\0\0\0\08@\08?@\0D?@\0H?@\0L?@\0@?@\0<@\0<@\0<@\0EAssertionFailed@\0@\0\0\0\0\0\0\0\0\0\0\0\0\0\0\0\0\0\0\0\0\0\0\0\0\0\0\0\0\0@\0\0\0\08@\08?@\0D?@\0H?@\0L?@\0@?@\0<@\0<@\0<@\0EAbstractError@\0\0\0\0\0\0\0\0\0\0\0\0\0\0\0\0\0\0\0\0\0\0\0\0\0\0\0\0\0@\0\0\0\08@\08?@\0D?@\0H?@\0L?@\0@?@\0<@\0<@\0<@\0EIntfCastError<@\0\0\0\0\0\0\0\0\0\0\0\0\0\0\0\0\0\0\0\0\0\0\0\0\0\0\0\0\0<@\0\0\0\08@\08?@\0D?@\0H?@\0L?@\0@?@\0<@\0<@\0<@\0\bEOSError@\0@\0\0\0\0\0\0\0\0\0\0\0\0\0\0\0\0\0\0\0\0\0\0\0\0\0\0\0\0\0@\0\0\0\08@\08?@\0D?@\0H?@\0L?@\0@?@\0<@\0<@\0<@\0ESafecallException@\0\r.240\0\0\0\0\0\0@\0@\0Ĝ@\0\r.340\0\0\0\0\0\0@\0@\0ܜ@\0\r.44\0\0\0\0\0\0@\0@\0@\0\r.54\0\0\0\0\0\0@\0@\0@\0TFormatSettings\0\0\0\0\0\0@\0\b\0\0\0@\0\0\0\0@\0\0\0\0@\0\0\0\0@\0\0\0\0@\0\0\0\0@\0 \0\0\0@\0$\0\0\0@\0T\0\0\0؜@\0\0\0\0@\0\0\0\0@\0@\0.74\0\0\0@\0H\0\0\0@\0\bSysUtils@\0.84\0\0\0@\0H\0\0\0@\0\bSysUtils\0\0\0$\0\0\0 @\0\0\0\0\0\0\0\0\0\0\0\0\0\0\0\0\0\0\0\0\0\0\0\0\0\0\0\0\0 @\0D\0\0\0@\08?@\0D?@\0H?@\0L?@\0@?@\0<@\0<@\0(A\0TThreadLocalCounter̃黍\0\0\0\0鿌\0\0S\0\0D$=D$[D$eU@\0_@\0i@\05@\0=@\0E@\0M@\0\0\0\0R{LWq=?t@\0,\0\0\0\0\0\0\0@\0@\0\0\0\0\0\0\0\0\0\0\0\0\0\0\0\0\0\0\0\0\0\0\0\0\0@\00\0\0\0@\08?@\0pn@\0|n@\0L?@\0@?@\0n@\0<@\0*A\0$TMultiReadExclusiveWriteSynchronizer@\0USӉf]\bff[]\0S؋˲@\0l\0\0*[SVWVW˲@\0l\0\0\n_^[Ë%K\0USV3ɉM3Uh@\0d0d VE肵EPu]EUo\03}3ZYYdh@\0Et鎤^[]ËSV؋3ɋ茓^[Í@\0S\\a\0\\a\0p<\0H\nX\b\0\0\0Έ[ËSظ\0\0\0蛈\\a\0p<\0PX\b\\a\0p<\0\0 @\0[Í@\0SVW^؋ǋ߱֋7t<ar<zw, BFKu_^[ËSVW\"؋ǋ裱֋7t<Ar<Zw BFKu_^[ËVWƉ\tt@\ttR9v9t\bFW)_^ÐVWƉ׉1x\nuu@_^VWSƉ\tt@\ttR9v9t*^ar\bzw ar\bzw 8t)[_^Ð9t\tt\ttH;Juu1ÐSVW؋Ћǋ~\tSP_^[ÐSVW؋Ћǋڪ~\tSP\t_^[ÐSV؋跬P诮P觬P蟮Pj\0h\0\0\0*^[SV؋֋^[ÐSV؋gP_PWPOPjh\0\0\0^[SV؋֋^[ÐSVjVjSj\0h\0\0\0^[ËSVjVjSjh\0\0\0^[ËSVWًSWSVjh\0\0\0c_^[SVW育؋iЋǋ\n~\tSP%_^[ÐSVWN؋5Ћǋְ~\tSP_^[ÐUj\0j\0SVW3Uh@\0d0d EEE\"PEPEPEPWh\0\0\0؃3ZYYdh@\0E\0\0\0j_^[YY]Í@\0SVWj\0zPgPoPWPj\0h\0\0\06rwt3ɋ֋褁\0\0_^[ËSV؋֋^[ÐSVWj\0PPPӰPjh\0\0\0rwt\0\0\0֋\0\0_^[Í@\0SV؋֋^[ÐSVWU譩\0\0\0C;|| v;}\n衦N|7 vU+AӋԫ]_^[Í@\0SVWU)\0\0\0C;|\bf|_ v;}\n谭Nf|w vU+AӋ花]_^[ÐSVW\0\0\0C;|| vWӋL_^[SVW覯\0\0\0C;|\bf|^ vWӋ_^[Í@\0SVW袨K~| vW˺\0\0\0_^[Í@\0SVW:K~\bf|^ vW˺\0\0\0趰_^[ËUSVW3ۉ]]UE3Uh@\0d0d 3EUt\0\0؅tCFUt\0\0؅uu-EUuuEUӦuǺ\0\0\0舨xE辧փ<?EGuU#t\0\0C+΋׋3+EGUs\0\0؅uԋ\0\0؋+΋׋+E3ZYYdhħ@\0E\0\0\0l_^[]ÐSVWUQ$ڋ$$>\0\0\0\0:\0\0\0\0\0\0>ss\0\0:uE[s\0\0>\0u>\0u\t \0\0+ǃ\0\0\0uI$裤p+Ջ$$\0臨Ӌs\0\0*:u''+ϋՋ+>r\0\0>\0uу>\0u\t\0\0+IՋՂZ]_^[Í@\0USVW3ۉ]MU3Uh%@\0d0d ߋE;vXЀ\ntt\r*}u=E8}u{\nuC)E${\nuM%\0\0\04a\0sn\0\0C;wE蟤E{;EuEԢ\0\0\0ߋEM3\\}?;vnЀ\ntt(}u\rG\nGCI}u\rG\nGC;\nu5C2%\0\0\04a\0sRm\0\0E׋ËM蛁}]GC;w3ZYYdh,@\0EZ_^[]ÐSVW3ۋ认tK,\Zr\n,t,\Zs9葤|+@\0\0\0T>Ѐ\nr\Zr\rt\b\ZsGHu۳_^[Ð\bu\ty\0\0\0-ANù\n\0\0\0RV1N0:r\tuYZ))vѰ0)2Ju\bu\ty\r\0\0\0f-\0fFAù\n\0\0\0RV1f0f:rff\tuYZ))v)f0\0)fVJufV1R1DX蘡^Í@\0\bu4\n\0\0\0@\0\0\0t&p0$T$\0\\$\0\0\0AfF-\0\bV|$<$f$\0,$f$@\0\0\0t''p0d$hhl$\b,$($ff0\0f=:\0rf\0fӛsl$Y)\tx\Z)v)f0\0)fVJufÐ\bu0\n\0\0\0@\0\0\0t\"p0$T$\0\\$\n\0\0\0F-NA\bV|$<$f$\0,$f$@\0\0\0t''p0d$hhl$\b,$($N$$0<:rӛsl$Y))v)ְ02JuÐUV 1P1ҍE\bX ^]\b\0 v1V Q\0\0\0DX蘟 ^Í@\0U ~1V \0\0\0RE\bXh ^]\b\0SV؋ԋІ<$\0t\\$D$\bT$P\03ƃ^[Í@\0SQڋ虆<$\0tZ[ËSVQ؋ԋ|<$\0Z^[Í@\0S؍T$\b诳$T$|$\b\0t\\$D$T$P\03$T$[UUnEU}\0tE\bEEEEU]\b\0SVQ؋ԋ8V<$\0Z^[á\0Nu)j\0\0\0\0@\0\0@\0聝\0u)j\0\0\0\0@\0踶\0(@\0J\0\0\0\0True\0\0\0\0\0\0\0False\0\0\0UQSVWE\0| F؋E\b@ctENuE_^[Y]ËUSډEUEU!\0\0Єtm@\0IU\0VС\0zYЄt!U\03С\0WYЄt\0[]\0\0\0\0\0\0\0\0\00\0\0\0\0\0\0-1\0\0SV؄t,tƋ\0.$Ƌ\0^[Ë3ҊӋ`a\0\b^[ÐX@\0\bTStrData\b\0\0\0\0\0\0@\0\0\0\0SV\0h\0\0\0D$PPVeȋԍCU{\0\0\0\0^[ÐUSV؍ET@\0躨3Uh@\0d0d ]E!Ut@\08ƋU^3ZYYdh@\0ET@\0?i^[YY]ÐSV؋֋}^[ËSVWڋw?Ӂ\0\0\0@w2j\0h\0\0\0jj\0%\0\0\0ta\0Pha\0PkP5_^[ÐSj\0h\0\0\0jj\0j\0h\0\0\0DP[ËSVWQj\0D$PWVS{u$$Z_^[SVWQj\0D$PWVSu$$Z_^[USV؋E\bEEEVEPEPSeEEU^[YY]\b\0P.ÐUĴS؍P肞Pt4Pu%EPPEPEPEPuEE[]S؋@[S؋\ZPttu3[ð[Í@\0U3QQQQSEE۝3Uhȳ@\0d0d }\0u\"\rz\0Г@\0X\0\0B\0\0\0CUExe\0\0UEIE蕛|MEduAUE\0\0EU躜t)UE\0\0EYtEy\0\0u33ZYYdhϳ@\0E\0\0\0a鷐[]ËS؋Ph[ËSVW3WPul؋_^[SCPCP_uF?C#CuTC,PSCPD$\bPC8CCC\bCSD\0\03YZ[ÐSVWً҃SCP^Pstkt6\0\0\0_^[Í@\0S؍CPCPt\t1[[S؋Ct\rPkC[ËS؋ޛP@[SV؋ÛP軛P@^[SV衙؅tKӋ_\0\0<tD^[3^[Í@\0SVWU؋md~(\\>tӋ\0\0t׋_\0\0<uOO؋]_^[Í@\0USVW3ۉ]M3Uh;@\0d0d ָT@\0؅t|.tEPI\0\0\08UE3ZYYdhB@\0EʕD_^[YY]\0\0\0\0\0\0.\\:\0SVW؋Ӹ@\0\tWκ\0\0\0Ԛ_^[\0\0\0\\:\0\0SVWָܶ@\0؃~|\\uIָܶ@\0Xa\0\0uKW˺\0\0\0耚_^[\0\0\0\\:\0\0SVW؋Ӹ@\0WVK_^[\0\0\0\0\0\0\\:\0\0SVWָ\\@\0I؅~|.uWӋ\t贔_^[\0\0\0.\\:\0SVTD$\bPh\0\0rPȍT$c\b\0\0^[ËUSE\bu3URURURURPn؋Em3҉EUE3RPEU謧MQE3RPEU蒧MQ[]\03rËSj\0ȘPr@[Ëǹ2)ȉÐǹ2GÐV+s^Í@\0WVƉ׹2щ։ʉу^_WVƉ׹2щ։уG^_Í@\0WVSƉ׉2tuA)ˉ։ك󤪉[^_Í@\0SVڋPߗЋY^[ËSVW؋Ћϋ_^[ÐSV؋ ^[Í@\0WV׉ƹ1щ1FW)^_ËWV׉ƹ1щ1t!F<ar<zw, War\bzw )t^_Í@\0WVS׉Ɖ1\tt)ˉى1FW)[^_ÐWVS׉Ɖ1\tt/)ˉى1t!F<ar<zw, War\bzw )t[^_Ë\bu3@\b:uÍ@\0WVS\ttD\tt@É2It.Ή߹)vߍ^֬uW_uG1[^_Í@\0SV؋Ƌi^[ËS؃?n[Ã\0Í@\0SV؅u3^[Ë\\F΋u^[Ët\nnÐSVW؋ًv\0\0\0J0Z\0\0<uKċˋ0\0ĉD$ D$$T$ a\03(_^[S\ry\09\0ty\0[ðn[Í@\0S؋z[UĔS3ۉ]SVWǉ1EM}1EEE\tt\r9t\t<%tJu+E#\0\09t<%t^]E<-u9tܬ~\0\0\0<:u\n]9tˬ]<.u\n9tZ\0\0\0]܉uQR\0\0\0Z])s1ۀ}-u\n)s1)s1Ұ )s1}\0t\nREZYuG1<*t\"<0r=<9w9i\n\0\0\0,09tX0E;E\bE]|\0t19tܬ$߈\0\0\0];]\b\\Eu4ދV$ݼ@\0n@\0!@\0@\0n@\0׽@\0O@\0/@\0!@\0!@\0!@\0@\0@\0j@\0@\0!@\0@\08@\01\0\0UM)ы]uU܃ v1҉ˀD\0\0\0X\n\0\0\0U볍uU܉˃v1ҀD\0\0\0X\n\0\0\0UzSq\0\0\0ÀSbf8vEuJ1ÀSAƬ=<N@\0N@\0uS!ES][uS\ttN;MwËMÀSW2MuO)_ÀP\b\0\0\0\0\0\0u.\0Ƴ\0Gt?Et8FtNtM\0\0\0U9v%\0\0\0Mu\0Eܺ\0\0\0v\0\0\0SPREϋ]\0\0uSPE]X[_^[[]\0USVW؅t''t#PWE\bP΋úY\03_^[]\0USVW؅t''t#PEPE\bP΋Ë\03_^[]\b\0UQM\b\0\0\0]\0UPSVMU\0\0\0E4=\0\0\0}&E%PEPE\bPM\0\0E؋ËJ;|C0ۋƋlE؎PEPE\bPMJ^J;}ɋ֒?Α觌^[]\0@\0Uj\0j\0SVWً3Uh@\0d0d E蠘Eˋ̓EU!EQЋˋZ3ZYYdh@\0EEE蝒鷃_^[YY]ËS\rg\09\0tg\0[ðYi[Í@\0UXS3ۉ]SVWǉ1EMN}1EE\tt9t\rff=%\0tfJu+E[\0\09tff=%\0t^]fEf=-\0u9tfz\0\0\0f=:\0u]9tfډ]f=.\0u9tfP\0\0\0]uQR\0\0\0Z])s1f}-u)s1f)s1f \0f)s1fYu>1f=*\0t)f=0\0rCf=9\0w=i\n\0\0\0f-0\09tfX\"E;E\bE]|\0t19tf$߈\0\0\0];]\b\\Eu4ދV$c@\0@\0@\02@\0@\0t@\0@\0@\0@\0@\0D@\0@\0@\0@\0S@\0@\0@\0@\01\0\0UM)]uU v1҉ˀD\0\0\0X~\n\0\0\0Up뱍zU˃v1ҀD\0\0\0X\n\0\0\0UuSl\0\0\0=SZ\0\0\0ÀSKf8vEluK1ÀS*\b@S@\0T@\00U@\0S\nuES][uS\ttN;MwËMÀSW1MfuOO)_ÀP\b\0\0\0\0\0\0z\0Ƴ\0Gt?Et8FtNtMi\0\0\0U9v%\0\0\0Mu\0E\0\0\0v\0\0\0SPRZϋ]Q\0\0ZSPE]ÎX[_^[[]\0UP\0\0\0PHuESVMU\0 \0\0Eؐ=\0\0\0}&EɐPEPE\bPM\0\0E裐؋ËJ;|C0ۋ5ƋE|PEPE\bPMJJ;}ɋ֒軓Α^[]\0@\0UQM\b%]\0V1\bu1\n\t}-\bt઒P1a\00CI\tu\tK9uX^ÐUWVSE\0E\0E\0E\0E󠉆\0EE\0\0\0\0\0\0\0\0uE}\0\0\0~\0\0\0EP''\0\0}rE\bPEQ\0\0}E-\0\0s\Zp\0\0\0I@\0u\0\0\0-u]tw\tE;E~\0@\0]]Ӊ+E[^_\0\0@\0=@\0t@\0t@\0@\0INFNAN\bu0NÀ}\0t-M1;M|\t\Z0>\0t:Eٰ0\Z\0\0\0B\bt\btĊEf\bt0\tt1efMIy+M\bv1ɰE]UJ!^U\br\0\0\0M\t0*1ۀ}t\nHC$ItKuEt\ttEt\t0JtAuJu1ۊ]\0\0\0}\0t\b]\0\08v\0덜A@\0]\0\0\0<@tQS<$t<*t\n\r\0\0\0M[YCVutN^$*@@@*$@@@$ *@@* $@@($*)@-$*@@$-*@@$*-@@(*$)@-*$@@*-$@@*$-@@-* $@-$ *@* $-@$ *-@$ -*@*- $@($ *)(* $)]\0UĸWVSE׉E\0\0\0\0\0E\0E\0\0\0\0tGt\ZOG\bGtO\b\0\0\0tL\0\0\0E''\0\0}\0u\n+E¸\0\0\0PREЉp\0\0fEf=\0tf=t\0u#f=\0~}\0uj\0jj\0Eu-\0\0}\0u\0\0\0\0\0\0t;utE\0\0\0\0\0\0\0\0u\b<''t$<\"t \bt<;u\bt<;uu\b\bt<;ÈĬ8t\buSu̻\0\011EUˈU<#t&<0t%<.t,<,t3<''t5<\"t1<Et:<et6<;tF\bu@B9}Bǃ}uUE불Ĭ8t\bu<-t<+uE<0t떉U}uUE)~1EċE)}1E[À}\0tE1E;EEU+UEUű}]Ӏ}\0t\b;u\bu-<#t''<0t#<.t<,t<''t<\"t\Z<Et$<et <;tS\btOM\0\0\0͈Ĭ8t\bt:&+t-u2AF>0tr\0\0\0S]U+Un[눉+EÃ}\0t|\0\0\0Mu\rEE;E~AC\buKE;E~10}\0u\tĊEf }\0tE~u\bEtM[^_]\0UWVSÉE\0\0\0\0\0t\n1\0\0\0\0\0\0\0\0\0\0fF\b%\0\0t=\0\0u\"fF\0t>\0u\t~\0\0\0t@1C\0\0\0\0.-?\0\0iM\0\0@E\0\0\0+ES]l[}ۯa\0ٛ}fE\0At\tڷa\0Eu{\t\0\0\0D*f00fJu2}}\by1w;}r}s''|;5r%D;\0Ox\rD;|;9wfC1\0E\0\0\0D;\0Ox|;0tfV\bEffS1\n\0\0\0d\0\0\0\0\0''\0\0V\t\0\0\0\ty؃\01ɋ}\b\t}1|\0\0\0A-\0\0dڳ\rsI\0\0dҳ\rEUm\0\0\0)t\n}ڴ@\0u{\tu\t\0\0\0D)u$uIu90\t\0\0\0D)0$0IuL)\0O?0tV11҈CfS[^_]\b\0UWVSƉE\0\0\0\0\0E˛}-a\0\0\0\0>+t-uF|\0\0\01Ҋ:Eu\bFm\0\0\09tO$<Eu\nFRt\0\0\0XE\0\0\0>\0u3ЀuS]i[-u\0t??f\t\0u1mV\bt< tN11Ҭ,:\ns\ra\0EEBN11Ҋ+t-uF,:\nsFk\n\0\0r-u[^_]USj\0jj\0U\bE3ȍU}[]\0USj\0j\0j\0U\bEȍU}[]\b\0USVWSVWUE3yȍUE\b}_^[]\0@\0USVWSj\0VU\bE@ȍUP}_^[]\b\0@\0U\0SV؋*=\0\0\0~\nU\0iPU\b\03ȍ\0|^[]\0U\0SV؋~=\0\0\0~\nU\0躀PU\b\0eȍ\0|^[]\b\0S؋胀3Vu\\$D$T$,E\03,$[ÐUS؋DU3uE\bEEEfEfEm[]\0SV؋3^[Í@\0SV؋3t,$^[Í@\0SV؋3t,$^[Í@\0S؋Աju\\$\bD$T$\b,E\03,$[ÐSV؋[ֱ.^[Í@\0US1ۉE\b؋a\0\b<$XZ\ty؃\0a\0a\0Z\n\0A[]\b\0S|x\0)\r0~\0X$D$\0T$\bD$\0ċи\0\0\07[ËS1PX\b@-Z\n\0a\0\ty)ȃ\0ȃ\0RP,$سa\0\b[ËUS1ۉE\bUa\0A[]\b\0S1P[X@؋a\0\0[ÐUVuE\0fsMf<sGf<sAfs:i6\0i`\0\0i\0\0EE5\b@\0E\bEE^YY]\b\0\0ˤLUSVWfE\bPEPϋ֋mu\n\bZ\0E_^[YY]\0@\0USVW؍EPuuE7EMf`VEf<\0E\bPEf_^[]\0SVu!ًþd\0\0\03uù\0\03t3^[ð^[Í@\0USVWًfEE\0fE@4`\0f}\0\0\0f}''w~frxfwrfrlf;\\FwbH~\0\0\0f\\NAHuMId\0\0\0im\0\0хy+\0\0Z\n\0uEE\bEE_^[YY]\0SVWTϋ֋ u\nh\0n$YZ_^[ÐUSVMUE]\buuEM$Ef\0\0\0Ef\0\0\0Ef\0\0\0f\0\03\0\0\0\0\0\0BfIf\0:\0|:\0fÐ:\0}EPEff}u\nfMfEfkEdf؍EPMEffEf؍EPMEfmqf}u\nfMfEmf]3@4`\0f\0fLNfMfMf;MrfMf)M@ߋMfMffE@Mf^[]\0@\0UQVuu\bEP^Y]\b\0USuu\bCPKSwfKuu\bCPKS\nC\b[]\b\0SfKfSf$$@\0rfCPfKfS\nfC\bF$$fCPfKfS\nfC\b'',$$$YZ[\0\0\0\0\0Uuu\bEE\0\0\0@YY]\b\0D$\bPSfL$fT$\nfD$\bk$$ÃD$\bP''fD$PfL$fT$fD$$$ËD$\bPfL$fT$\nfD$\b\\$fD$PfL$fT$fD$LD$$$ ÐUS\\VEUm @\0rE\bVE\bU+[YY]\b\0\0\0\0\0US؋E\bEEEs3EEEC[YY]\b\0Tf$Í@\0USM\b\0\0\0+;}څt\ZU\bM\b\0RE\b[]ËUS؋E\bP/vЋY[]ËUSV؋E\bPjuE\0]E\0EPja\0E\0\0\0ЍEZY^[]Í@\0USE\b\0\b\t]\b:Kt\0+@U\bB[]ËUE\bx\0u*E\b@\bpp\bE\bHE\bPE\bE\b@]UE\bx\0u1E\b@\bpp\bE\bPE\bHE\bPE\bE\b@]ÐUSV3ɉMڋ3Uh@\0d0d rE\bf@fEE\bf@fEE\bf@fEE$@\0rh\0\0\0PEvPEPjP\0\0\0Í\0\0\0''tN\0\0\0H\0t\"\ruzS\0\0\0`<\0\0ȋ\0\0\0v]=L\0uTPtЋ:\0\0u?\0\0\0;\0\0N:s\0\0\0;\0\0ȋËr3ZYYdh@\0pEpqi^[]\0\0\0\0gg\0\0USV3ɉMڋ3Uh@\0d0d pE\bf@fEE\bf@fEE\bf@fEE@\0q\rE(@\0\tqh\0\0\0PEIuPEPjmPot3Í\0\0\0rNu80uSsI\0\0\0`u3ZYYdh\r@\0Eoyh^[]\0\0\0\0yy\0\0\0\0\0yyyy\0\0\0\0USV3҉U؉U܉E3Uh@\0d0d }\0;\0\0E\b+\0\0E\b E\0E\0E\0\0\0EE%\0\0\04a\0s)E\bPE:\0\0ЋEYE:\0\0E \0\0E:\0\0EEЀ\Zs, Ѐ¿\Zs\r<MuHuN%\0\0\0ރ8h\0\0@\0$L@\0\0\0\0\0\0\0\0\0\0\0\0\r\0\0\0\0\0\0\0\0\0\0\0\0\0\0\0\0\0\0\0\0\0\0\0\0\0\0\b\t\0\0\0\0\nn@\0@\0@\0\b@\05@\0@\0G@\0A@\0r@\0@\0@\0\t@\0|@\0@\0\0@\0@\0UYUY}#E\bPEd\0\0\03º\0\0\0Y\0\0E\bPE\0\0\0Y\0\0U;YU`YE\bPUU܋EYEYx\0\0UYU3YE\bPUU؋EYEYK\0\0UYUYEHrt0E\bPEUpY\Z\0\0E\bPE\06Y\0\0\0E\bPE؆\0Y\0\0U|YEHr\nt%HtIHtmUYE\bPEUY\0\0E\bPE\bpp\b\b\0Y\0\0E\bPE\bpp\b$\0Ya\0\0E\bP\0YM\0\0E\bP\0Y9\0\0UYU,YE\0u\0\0\0%\0\0\04a\0s7\0\0|3Ht{\"tct^\Zt_att`S}\0uM@\0\0\0\0/t*@\0\0\0\0\Zt@\0\0\0\0uEE4EFafE}\0tfuf\0\nfvf}~E\0\0\0U\bRUY?\0\0UYU2Y}~E\0\0\0E\bPEUdY\0\0UYUY}~E\0\0\0E\bPEU3Y\0\0UsY}uE\bP\0rY\0\0E\bP\0^Y\0\0U>YUY}~E\0\0\0E\bPEUYw\0\0UqYuN@\0\0\0\0u(f}rE\bP\0\0\0)YEE/\0\0@\0\0\0\0u(f}rE\bP\0\0\0YEE\0\0@\0\0\0\0Iu4f}sE\bP\0YE\bP\0YEE\0\0@\0\0\0\0\0u2UVYE\bPE\bpp\b$\0YEb\0\0@\0\0\0\0u2UYE\bPE\bpp\b\b\0UYE\0\0E\bPE\0\0\0Y\0\0UYE\bP\0YUYf}\0uf}\0uf}\0\0\0\0E\bP@\0\0\0\0YE\bP\0\\Y\0\0\0=\0\0\0\0\0E\bP\0\0\0\0rY\0\0\0=\0\0twE\bP\0\0\0\0PYau%\0\0\04a\0s\rE&4\0\0EEE\0t:EuԋE\bPU+֋YE8\0tEE\bPE\0\0\0YE\0E\b3ZYYdh@\0Eغ\0\0\0xh`^[]\0\0AM/PM\0\0\0A/P\0AMPM\0\0\0\0AAAA\0\0\0\0AAA\0 \0\0\0USVڋ33tU!YU<@\0Y\0Ƌh^[]\b\0\0\0\0C\0\0\0USM\b\0\0\0+;}څt\ZU\bM\b\0\"GE\b[]ËUS؋E\bP[jЋY[]ËUSV؋E\bPjuE\0]E\0EPja\0E\0\0\0ЍEZY^[]Í@\0USE\b\0\b\t]\b:Kt\0+@U\bB[]ËUE\bx\0u*E\b@\bpp\bE\bHE\bPE\bE\b@]UE\bx\0u1E\b@\bpp\bE\bPE\bHE\bPE\bE\b@]ÐUSV3ɉMڋ3Uh@\0d0d AfE\bf@fEE\bf@fEE\bf@fEE@\0fh\0\0\0PEjPEPjP\0\0\0Í\0\0\0ShN\0\0\0H\0t\"\ruzS\0\0\00\0\0ȋ\0\0\0j]=L\0uT|hЋ.\0\0u?\0\0\0/\0\0Nfg\0\0\0*0\0\0ȋË3f3ZYYdh@\0+eE#e]^[]\0\0\0\0gg\0\0USV3ɉMڋ3Uh@\0d0d dE\bf@fEE\bf@fEE\bf@fEE@\0De\rE@\05eh\0\0\0PEuiPEPj虔P蛓t3Í\0\0\0fNu80uS;gI\0\0\0i3ZYYdh@\0E+d\\^[]\0\0\0\0yy\0\0\0\0\0yyyy\0\0\0\0USV3҉U؉U܉E3Uh@\0d0d }\0\0\0E\b\0\0E\b E\0E\0E\0v\0\0EE%\0\0\04a\0s)E\bPE.\0\0ЋEYE.\0\0E 9\0\0E.\0\0EEЀ\Zs, Ѐ¿\Zs\r<MuHuN%\0\0\0ރ8\0\0@\0$ @\0\0\0\0\0\0\0\0\0\0\0\0\r\0\0\0\0\0\0\0\0\0\0\0\0\0\0\0\0\0\0\0\0\0\0\0\0\0\0\b\t\0\0\0\0\n@\0`@\0@\0@\0\t@\0z@\0N@\0H@\0y@\0@\0@\0@\0@\0@\0J@\0p@\0UYUY}#E\bPEd\0\0\03º\0\0\0Y:\0\0E\bPE\0\0\0Y\"\0\0U;YU`YE\bPUU܋EYEY\0\0UYU3YE\bPUU؋EYEY\0\0UYUYEHrt6E\bPEUpY\0\0E\bPEU\bD 0Yw\0\0E\bPEU\bDPYW\0\0UpYEHrt,HtYH\0\0\0\0\0\0U{YE\bPEUY\0\0E\bPE\bpp\b.U\b\0\0\0Y\0\0E\bPE\bpp\bU\b\0\0\0rY\0\0E\bPE\b@Y\0\0E\bPE\b@Y\0\0UYUYE\0u\0\0\0%\0\0\04a\0s+\0\0|3Ht{\"tct^\Zt_att`S}\0uM@\0\0\0\0(t*@\0\0\0\0t@\0\0\0\0uEE4EFafE}\0tfuf\0\nfvf}~E\0\0\0U\bRUbY\0\0UYUY}~E\0\0\0E\bPEU1YX\0\0UqYUY}~E\0\0\0E\bPEU\0Y''\0\0U@Y}uE\bPE\b@8Y\0\0E\bPE\b@ Y\0\0UYUZY}~E\0\0\0E\bPEUY\0\0U0YuN@\0\0\0\0u(f}rE\bP\0\0\0YEEk\0\0@\0\0\0\0qu(f}rE\bP\0\0\0YEE.\0\0@\0\0\0\04uBf}sE\bPE\b@YE\bPE\b@YEE\0\0$@\0\0\0\0u;UYE\bPE\bpp\bU\b\0\0\0DYE\0\0,@\0\0\0\0u;UYE\bPE\bpp\bU\b\0\0\0YE7\0\0E\bPE\0\0\0Y \0\0U9YE\bPE\b@7YUYf}\0uf}\0uf}\0\0\0\0E\bP0@\0\0\0\0?YE\bPE\b@ Y\0\0\0=\0\0\0\0\0E\bPE\b\0\0\0Y\0\0\0=\0\0t~E\bPE\b\0\0\0Yau%\0\0\04a\0s\rE''\0\0EEE\0t:EuԋE\bPU+֋YE8\0tEE\bPE\0\0\0pYE\0}E\b3ZYYdh\t@\0Eغ\0\0\0''\\}T^[]\0AM/PM\0\0\0A/P\0AMPM\0\0\0\0AAAA\0\0\0\0AAA\0 \0\0\0USVڋ33tUYU@\0Y\0Ƌm\\^[]\b\0\0C\0\0\0USm\b$a\0r,a\0)=@\0m\br3tm\b[]\0\0\0?UfEPuu\bEuE\bEEUTa\03FE]\0Uuu\b\0]\b\0Uuu\b\0]\b\0Uuu\b3]\b\0Uuu\bȋ3]\b\0Uuu\b]]\b\0SVWCQ];| t_^[USVWMUE\0E\b\0\0U]33ҊTf0fC\\;D,\nsfr͋E;~ËU*U\bEEf0EE_^[]\0@\0USVW3ۉ]E3Uh@\0d0d 3ۅt:֋EEPn\\ȋE^UuM\\3ZYYdh@\0EHYQ_^[YY]Í@\0SVWQ$3ۋ׋\\;|D:$uZ_^[ÐSVW3ۿ\0\0\0)D>$,Dt\Zt\n,\bt,t\Z3G[;~3ۋ_^[ËSVڋ#D%\0\0\04a\0s\r+$\0\0j[;|D,\ns^[Í@\0SVWUQ3$\0\0\0T\0p\0;\0t)-]P%]Z&\0\0t$\tOuҋ$Z]_^[ËUS؃=H\0u:c$OȋE\b@3+ȋd\0\0\0kd؋E\bx\0~E\bXE\bHE\b@[]ËUSVW3ۉ]؉]܉]]Mڋ3Uhg@\0d0d 3fE\0\0fE\0\0E\0E\0\0pE3E=\0\0t>\08gu4ӋEPI\0\0\0\\EUZEE\0@\0$\0\0~\bp\0EEPMӋ1\0\0ӊ\r\0\Z\0\0EPMӋn\0\0ӊ\r\0w\0\0\0EPMӋ?\0\0E,r\bt\"t:Rf}EEfEfEfEfE6f}EEfEfEfEfE\Zf}EEfEfEfEfE}\0~UYp}wj_`\0+ȋQd\0\0\0Yfkdff=`\0\0v<;~5fd/$}ufEfEfEfEfEfEfEfEӊ\r\0cӋ=P\0\0\0\0\0\0@\0[\0\0\0\0\0,\nsӋ\0\0\0/X;|\t| uӋX;|TEP\0\0XȋUZUܡ\0tt*EP\0Wȋ+ZUء\0JuEPfMfUE3ZYYdhn@\0Eغ\0\0\0TME_^[]\0\0\0e\0\0\0\0\0\0ddd\0US؃=H\0u:c$ȋE\b@3+ȋd\0\0\0kd؋E\bx\0~E\bXE\bHE\b@[]ËUSVW3ۉ]ԉ]؉]܉]Mڋ}\b3Uh@\0d0d fE\0\0fE\0\0fE\0\0E\0E\0GE3EG8gu4ӋEPI\0\0\0XE܍UE EW@\0j \0\0~\bp\0EEPMӋ.\0\0OӋ\Z\0\0EPMӋ\0\0OӋ\0\0\0EPMӋ\0\0E,r\bt&tB^fEfEEEfEfEfEfE>fEfEEEfEfEfEfEfEfEEEfEfEfEfE}\0~UE\tYfEu}wo\0\0\0+ȋQd\0\0\0YfkdfEf\0\0\0\0v@E;~8fEd1fE}ufEfEfEfEfEfEfEfEOӋӋt=P\0\0\0\0\0W$@\0X\0\0\0G\0,\nsӋxT;|\t| uӋxT;|LEPGhTȋVU؋Gާt&EPGBTȋVUԋG踧uEPfMfUfEE3ZYYdh@\0EԺ\0\0\0.QIE_^[]\0\0\0\0\0\0e\0\0\0\0\0\0ddd\0SVWU$3ۃ֋\r\0uֹ@\0t3*֋\r\0uֹ@\0t\0\0\0|\t֋D$PL$\b֋E\0\0fD$\0\0fD$\b\0\0fD$\n\0\0֊\r\0ttD$PL$\n֋\0\0֊\r\0tGD$PL$֋\0\0\0֊\r\0t\ZD$PL$֋g\0\0\0}S֋\r\0uֹ@\0t3*֋\r\0uֹ@\0t\0\0\0|$f|$\0tFf|$w>f|$ufD$\0\0f|$֋fD$\nPD$PfL$fT$fD$؋Ã]_^[\0\0\0AM\0\0\0\0\0PM\0\0USVWME\0M\bI֋uֹ@\0t3*M\bI֋uֹ\0@\0t\0\0\0|\t֋EPM֋\r3\0\0fE\0\0fE\0\0fE\0\0M\bI֋tnEPM֋\0\0\0M\bI֋tCEPM֋\0\0\0M\bI֋tEPM֋z\0\0\0}SM\bI֋uֹ@\0t3*M\bI֋uֹ\0@\0t\0\0\0|f}\0t>f}w7f}ufE\0\0f}֋fEPEPfMfUfEEE_^[]\0\0\0\0\0\0AM\0\0\0\0\0PM\0\0S؋ԋ%\0\0\0u\\$\bD$T$\bZ\03($[SVQ$\0\0\0΋ԋtO;$|3Z^[ÐS؋ԋ%\0\0\0u\\$\bD$T$\b@K\03$[SVQ$\0\0\0΋ԋot,O;$|3Z^[ÐSVWQ$\0\0\0W΍T$)tN;$|3Z_^[ËS؋ԋa\0\0\0u\\$\bD$T$\b<\03$[SV؋΋ԋ\0\0\0u\\$\bD$T$\b<\03$^[ËSVW$\0\0\03D$D$L$\bԋt;N;$|L$ԋau\r׋''D$\b\bA\0r\rD$\bD$D$\bd$Ã_^[\0\0\0\0SVWU$\0\0\03D$D$VL$T$t M;$|#VL$T$u΋Ջi)D$\bA\0rD$\bD$]\0D$\bd$]\0Ã]_^[\0\0\0\0\0\0S\0j\0h\0\0\0T$\bRj\0Pj\0h\02\0\0xH~T!r\rtԋˑ\tK\0\0\0[ÐU\0SV]\bh\0\0\0\0QRPqy~I\0J\tË\"J^[]\0SVWQًjD$PVW0y~$Z_^[UQSVWM]\bSE@3ɋk;\0u\rEp_^[Y]\b\0U3QQQQQQSVW3UhA\0d0d [yE\0\0\0\0܆\0UjEPa\0JCDHyYU^IUjEPa\0JC8HVYU;IC\ru\0\0\0\0(\0C\0\0\0UUjEPb\0JE1\bYUHUjEP0b\0JE*YUHC\bu3ZYYdhA\0E\0\0\0rH@_^[]Í@\0UQSVWM]\bSE@3ɋ;\0u\rE%o_^[Y]\b\0U3QQQQQQSVWUE3UhA\0d0d \0\0\0u$UjEPa\0O׍CDH}YUHUjEPa\0׍C8H[YUF0GC\ru\0\0\0uƄ\0\0\0C\0\0\0UjEPb\0JG1YUGUjEP0b\0JG*YUFvGC\bu3ZYYdh\rA\0E\0\0\0#Gy?_^[]USV3\0\0\0tC<P\0\0uP\0U\bH\0\0\0^[]\0Uj\0SV3UhA\0d0d 3\0\0\0t,C<l\0uEU\bHE3=l\0\0\0\03ZYYdhA\0EPF>^[Y]\0@\0Uj\0V3Uh_A\0d0d EP;vtA\0\0\0\0E\0\0\0ϧƃs<jVvPhA\0t\0\0\0p\0\0JujVuPhPA\0s3ZYYdhfA\0EE >^Y]\0\0\0\0\01\0\0\0U3QQQQQSVW3UhB\bA\0d0d \0\0\0aEEPtuX\bA\0\t\0\09E\0\0\0\bD\0\0H\0tr3t5#D,Gt\Z, tETFUGCG;~\0\0ǋ*E\0\0\0D%\0\0\04a\0s.Ӌ\Z\0\0EEPMӋIUG]\0\0\0\\\bA\0D\0\0\0buǺh\bA\0bGC~l\bA\0D\0\0\0<uǺ|\bA\0<GV\bA\0D\0\0\0uǺ\bA\0GC0D,Yt, uǺ\bA\0FETEUFCF;3ZYYdhI\bA\0E\0\0\0C=<_^[]\0\0\01\0\0\0gg\0\0\0\0\0ggg\0yyyy\0\0\0\0\0\0\0eeee\0\0\0\0yy\0\0\0\0\0ee\0\0\0\0\0e\0\0\0t-\0\0\0ËUĨSVWMڋjPS*u\0\0\0uh\0\0PPru#h\0\0Ph\0PrE\t+]\\!\0\0B\0\0膯,\nA\0,\nA\0Ƌ8@\0#5t!FG؋ʮt|.t0\nA\0h\0\0\0P`z\0@Ph\0^PU~2ƅƅEƅƅƅPjU\bE*E_^[]\0\0\0\0\0\0.\0\0\0ļh\0\0\0L$Hdk\08\0t^TL\0''D$DPD$HPxj\0D$PD$L踭PD$PPjKqP}sj\0D$Pjh\nA\0j0qPbs6j@D$\bPDH\0@Ph\0\\P(}h \0\0D$\bPD$LPj\0J}D\0\0\0\0\0\0\0\0\r\n\0\0EP\rHX\0Ē@\0\0\0\0c:Ë\0V:ÐSVWt\b5ڋG\rAǄtV5d\0\0\0\0_^[ËUj\0SVWt\b4ڋ3UhA\0d0d EPUM\bUG@3ZYYdhA\0EC@8Ǆt4d\0\0\0\0_^[Y]\b\0SVWt\b]4ڋWgǄt4d\0\0\0\0_^[ËUj\0j\0SVWt\b\Z4ڋ3UhA\0d0d EPUfEUM\b\ZUG?3ZYYdhA\0E\0\0\0?7Ǆt\n4d\0\0\0\0_^[YY]\b\0USVWt\b3ڋG~?E\bG\bǄt3d\0\0\0\0_^[]\0x\0t/\rA\0\tTErrorRec\b\0\0\0\0\0\0@\0\0\0\0SV3@C\t;4Lb\0uPb\0Г@\04$D$\0Tj\0\rG\0Г@\0pYZ^[Ë\rA\0\nTExceptRec\b\0\0\0\0\0\0@\0\0\0\0SڋttJr,\0+\0#%\0\0\0lb\0H\0C:S7[ËUSVW3ۉ]]3UhA\0d0d tEi>\rU(i\0dEEEuE}E\0EPjUr\0dMؚ@\03ZYYdhA\0Eq=Ei=5_^[]É̉$m\06ËU<M\bU\b]\0\rI\08@\06Ë\0=\0\0,tY=\0\0tS-\0\0tU-\0\0\0t<HtHUq?r3t7G=\0\0t5-\0\0t(HtHt/-\0\0t%=t!ððððð\bð\tððð\rððÐS؋v%\0\0\0lb\0[UĐSV3E3UhCA\0d0d E\bX{\0uU}\0Ic\rUe\0:csjEPCP\0n}\0\0\0\0\0\0h\0\0PEPvk\0\0\0Cƅ\0\0<>臦ƅEƅƅPjm\0~b@\0ZCƅEƅƅPjf\0\"b@\0X3ZYYdhJA\0:\0\0\0:E:<3Ջ^[]ËUS3҉UE3UhA\0d0d Ew%\0\0\0Ѓ\br\btJ\ns\"lb\0H\0;UY0E\0EE\0EPj\0U;\0OaM@\0؋Ë(@\0,tEC3ZYYdhA\0E9p2[]Í@\0\0\0\09Ë\rH\0t@\0\0\ra\0@\0\0<\0\0\rA\0PO\0\0 A\0F\08@\0<N\0\0pA\0O\0\0TA\0A\0d\0A\0;\0Ë=\0\0t\Z\0@\0R3\0=\0\0t\Z\0@\0)3\0<\03҉PO\03҉F\03҉<N\03҉O\03҉d\03҉Í@\0l$\0\0\0TitPD$`\0D$`\0D$\b`\0=`\0uD$%\0\0`\0\tD$`\0`\0T$\0\0\0:Ĕ\0\0\0Ë;`\0|;`\0u\b;`\0~3ðËUS3҉U3UhA\0d0d EE8EG=EPE<P=j؅tsE3Uh}A\0d0d EPSEPE<P\0jt#EPEPhA\0EPit\tE@\bE3ZYYdhA\0E03ZYYdhA\0Ek7/E[]\0\0\0\\\0\0\0j\0qsVW3҅tf<8\0t`u\0%\0\0\04a\0sLHNN|0\0\0\0\r4a\0r+΁\0\0yIAu8%\0\0\04a\0s_^Í@\0SV3=P\0\0t;Jh^[Ð3ɀ=P\0\0tTȋÍ@\0SV؋w9;~\tl9֋\0\0\0^[ËSVW3~EH9;:=P\0\0t/\0\0\03;|$T\0\0\04a\0sЋ\0\0@G;}܋_^[USVWMU8E\0\0\0\0\0\0!FD%\0\0\04a\0s\rӋu\0\0C;]};u|;uu#;]}D%\0\0\04a\0sӋA\0\0H؋E0E\b_^[]\0@\0SVڋ3$~J[8;?~7=P\0\0t.TL$\bJ6K;\\$,8;$3$\b$$$YZ^[SVڋ3$~F7;~\t7؀=P\0\0t&TL$\bӋ7;$}7$$$YZ^[S؀=P\0\0t\nSk+[ø\0\0\0[Í@\0PkÐSVظ\0\0\0=P\0\0t\"T3\0\0\04a\0sZ9H^[Í@\0SVڋC=P\0\0t$T\0\0\04a\0s 9Hh^[Í@\0SVڋ~6;|\\u\rӋ+t3^[ð^[ÐSVWU3ۅ~-6;\"׋u8T>Ë]_^[SV؋֋\0\0\0^[ËSVڋË3n6ЋUuúA\0]6^[\0\0\0\0\0\\\0\0\0SV؋֋\0\0\0^[ËSVڋË3\Z6Ћt6J9^[ÐSVWU37P7Z\0\0؅t+G]_^[Í@\0Uj\0j\0SV3UhA\0d0d UC\0\0\0EPU5\0\0\0EZ3ZYYdhA\0E\0\0\02*^[YY]SVWU=P\0\0tm@5ǋ8\0\0\0;|[}7TTD%\0\0\04a\0sC[7TTD,\Zs>7D C;}\t׋ه]_^[SVWU=P\0\0tm4ǋ58\0\0\0;|[6TTD%\0\0\04a\0sC6TTD,\Zs6l C;}\t׋]_^[SVWU3ۅ\0\0\0>\0t|tx}\0\0tr]$SՋP?+֋UD$|$tWUWSj\0h\0\0\0n^t''|$uCCՋ؅t\r+Ƌ$+;v3ۋYZ]_^[ÐSVڋ\0\0\0tt@\t\0\0\0u^[SVWڋӋ褞t$+֋,rtGGӋ耞u܋_^[US3҉U3UhA\0d2d\"jURh\0\0P_EU\0\0\02EP^X̑3ZYYdh#A\0E/c([]ËUQSVW}\bWD\0tP^3)D7\\7*r\ZCEE%\0\0\04a\0Eu}\nD7\nD7u_^[Y]áH\0w4c\0Í@\0UhSVWD\0\t\0\0H\0\t\0\0\0L\0\0\0\0M_tD\0ftf҉H\0\nL\0A\04a\0\b\0\0\0=`\0\0\0\0mtQ\0\0P\0\0\0\0\0UY4a\0A\0 ÈP\0tQ\0\0\0\0\0\0\0\0l@B=\0\0\0uljRh\0\0\0PjD\0PC^\0\0\0jf:\rQ\0u6Hu.jJhQ\0j*hÈP\0tU>Y_^[]\0\0\0\0\0\0\0\0\0\0\0\0\0\0\0\0\0\0\0\0\0\0\0\0\0\0\0\0\0\0\0\0\0\0U\b\0\0\0j\0j\0IuS3Uh A\0d0d id=P\0\0tz]؍EP3ɺ\0\0\0U𸄆\0-EP A\0\0\0\0kE3=\0EP A\0\0\0\0GE3\0,\0\0\0v\0.\0\0\0c\0EP A\0\0\0\0E3ώ\0/\0\0\0,\0EP!A\0\0\0\0E܍U?Uฐ\0-EP!A\0 \0\0\0EԍUUظ\0,:\0\0\0\0EP,!A\0(\0\0\0YUи\0,EP8!A\0)\0\0\07U̸\0,E2,E*,EP A\0%\0\0\0E3׍uED!A\0,\rEP!A\0,EP A\0#\0\0\0E3蘍u?EP A\0\0\0E3uuE\\!A\00,\rEl!A\0!,uuh|!A\0u\0\0\0\0/uuh!A\0u\0\0\0\0.,\0\0\0}R\03ZYYdh A\0E\0\0\0F+#[]\0\0\0\00\0\0\0\0\0\0m/d/yy\0\0\0\0\0mmmm d, yyyy\0\0\0\0\0\0\0am\0\0\0\0\0pm\0\0\0\0\0h\0\0\0\0\0\0hh\0\0\0\0\0 AMPM\0\0\0\0\0\0AMPM \0\0\0\0\0\0:mm\0\0\0\0:mm:ss\0\0U\b\0\0\0j\0j\0IuSVW3UhC$A\0d0d jW[tWZ؋֋0EP3ɺ\0\0\0UF\bg*EP\\$A\0\0\0\0E3EP\\$A\0\0\0\0E3蟋F,\0\0\0F.\0\0\0FEP\\$A\0\0\0\0E3[F/\0\0\0FEPh$A\0\0\0\0VE܍UUF)EPx$A\0 \0\0\0+EԍUU؍Fy):\0\0\0SFEP$A\0(\0\0\0UЍFH)EP$A\0)\0\0\0U̍F()E(E(EP\\$A\0%\0\0\0E3quE$A\0,)\rE$A\0)EP\\$A\0#\0\0\0`E32u?EP\\$A\0\0\0=E3uE$A\0(\rE$A\0(uuh$A\0uF\0\0\0+uuh$A\0uF \0\0\0+,\0\0\0F3ZYYdhJ$A\0E\0\0\0''< _^[]\0\0\0\0\0\00\0\0\0\0\0\0m/d/yy\0\0\0\0\0mmmm d, yyyy\0\0\0\0\0\0\0am\0\0\0\0\0pm\0\0\0\0\0h\0\0\0\0\0\0hh\0\0\0\0\0 AMPM\0\0\0\0\0\0AMPM \0\0\0\0\0\0:mm\0\0\0\0:mm:ss\0\0Uj\0j\0j\0j\0j\0SVWM؋u\b3Uh&A\0d0d EtU|U|EZ''EP''EF''&\0\0\0UE؅uƋU{)}6EPI\0\0\0E+uuƺ\0\0\0\t*EP>)ӹE+EuƋU%)''EPE)ӹE^+}\0f3ZYYdh&A\0E\0\0\0&h_^[]\b\0%K\0US3E3Uh&A\0d0d )U؅t7]E\0UBEEEEPj\r<h\0@\0\rv\0@\0JЉZ3ZYYdh&A\0EE%[]S؅uX[S8c\0Stu[ËS8c\0\b\0\0\0;\0u[Ð3P3P\b3PË3P3P\b3PÐ\rB\08@\0)SVWN\08\0t$j\nh''A\0N\0\0P''SPN\0\0PiU13r\0t#j\nh''A\0~WRPW@Uuu_^[\0\0DVCLAL\0\0SVWUQ؅tV7><c\0Lc\0;2u;t;ru;Gt;r\bu;G\bt3$SR<$\0u\r-Hc\0Z]_^[;@c\0t\r;Dc\0tÐSh(A\0ES؅th(A\0SLSXa\0=Xa\0\0u\n@\0Xa\0[\0\0kernel32.dll\0\0\0\0GetDiskFreeSpaceExA\0\0\0\0@úHÇÍ@\0ËSVWUڋ3l3Dtŋm\0\0uFuދӀ~]_^[Í@\0UQQfEE2E$Y]SVWUQ$Q3Ëlm\0t;uuu8M\0\0\0u+\0\0\0qvuE\bm\03ÍDE\0$(Z]_^[Ð3ɉH3҉P\bÐS؋V%\0\0\0\\t$C\b=t\n$QCu܋[ÐSVt\b:ڋ3ҋF\0\0j\0jjj\0}OFj\0j\0j\0j\0mOFFԝ@\0_F Ƅt=d\0\0\0\0^[ËSV5ڋz\0\0\0ӀBFPNFPNF 8~^[Ë@PRË@PRË@PRËPR@PSËPR@PRËSVWUQP;w$t|o(ԋG $x\0Ät\"GiG\0\0ztG\0b=\0\0uԋHt\bG4w$G(H;GZ]_^[SQ؋ԋC K{\0u 3C$C\0\0\b$x\0u\nԋC Z[Í@\0SVQԋF =$@$xO;F$t=u9$F~=\0\0uj\0Ff~Z^[ËSQ؋ԋC $H$x\0uHԋC 1N;C$t4Cȁ\0\0u\t2\0\0uZ[Ë3ɉ\bËSVW؅tWVSt3_^[ËUj\0SVW3Uhw-A\0d0d t9E@Ⱥ-A\0ntϋ֋Euϋ֋Ou33ZYYdh~-A\0Ez@\b_^[Y]\0\0\0\0\0\0\0\0\0\0\0\0\0\0\0\0FUj\0SV3Uh-A\0d0d E7@ȋ֋<3ZYYdh-A\0E@^[Y]ËUSROE3Uh^.A\0d0d }3Uh@.A\0d0d \"PNE3ZYYdhG.A\0m?3ZYYdhe.A\0EP+O!E[]Í@\0\0\0\00c\0d\0(c\0`U\0 c\0;\0c\0(i\0c\0tl\0\bc\0I\0\0c\00T\0b\07\0b\0Y\0b\0]\0b\0Q\0b\0Q\0b\0|t\0b\0Q\0b\0\b{\0b\0a\0b\0_\0b\0{\0b\0v\0b\0\bS\0b\0t\0b\0\\u\0b\0H\0xb\00C\0pb\0_\0hb\0h\0`b\08\0Xb\0xt\0Pb\0|R\0(\0\0\0Hb\0Ds\0\0\0\0\0Db\0@<\0\0\0\0\0@b\0g\0\0\0\0\0<b\08\0\0\0\0\08b\0F\0\0\0\0\04b\0E\0\0\0\0\00b\0x=\0\0\0\0\0,b\0xR\0\0\0\0\0(b\0a\0\0\0\0\0$b\0E\0\0\0\0\0 b\0p^\0\0\0\0\0b\0k\0\0\0\0\0b\0\\k\0\0\0\0\0b\0c\0\0\0\0\0b\0\bQ\0\0\0\0\0b\0L\0\0\0\0\0\bb\08\0\0\0\0\0b\0j\0\0\0\0\0\0b\00\\\0\0\0\0\0a\0K\0\0\0\0\0a\0|Y\0\0\0\0\0a\0T`\0\0\0\0\0a\0dZ\0\0\0\0\0a\0N\0\0\0\0\0a\08\0\0\0\0\0a\0T\0\0\0\0\0a\0u\0\0\0\0\0a\0\br\0\0\0\0\0a\0l^\0\0\0\0\0a\0H\0\0\0\0\0a\09\0\0\0\0\0a\0p\0\0\0\0\0a\0}\0\0\0\0\0a\0h>\0\0\0\0\0a\07\0\0\0\0\0a\0s\0\0\0\0\0a\0h^\0\0\0\0\0a\0y\0\0\0\0\0a\0S\0\0\0\0\0a\0DI\0\0\0\0\0U3Uh2A\0d0d \0J\0\0\0eCb\0\0\0\0\rA\0\Z)Lb\0\0\0\0\rA\0)`a\0\0\0\0@\0(Ta\0J\Z\0@\0\n5\0@\04T\0\0\0\0@\0((\0\0\0\0@\0(\0\0\0\0@\0(܆\0\0\0\0@\0r(\0\0\0\0@\0](\0\0\0\0\0\0\0{`\0q`\0 `\0]3ZYYdh2A\0]ËU3Uh(3A\0d0d -\0s@p.A\0\\/A\0*=e\0\0tTa\0<3A\0R%$C3ZYYdh/3A\0W]\0\0\0\0\0\00x\0\0%K\0%K\0%K\0%K\0%K\0U}\0\0\0t@\0fEPfEPEPE\bP]\0U@\0]\b\0U@\0]\0U@\0]\0Uj\0S3Uh4A\0d0d }\0\0\0t@\0 EU\b\ZEUydd\03ZYYdh4A\0Ei[Y]\0@\0Uj\0S3Uh4A\0d0d }\0\0\0t@\0 EU\ba\ZEU辜dd\03ZYYdh4A\0E[Y]\0@\0Uj\0S3Uh4A\0d0d }\0\0\0t@\0 EU\bEU&dd\03ZYYdh4A\0E[Y]\0@\0Uj\0S3UhZ5A\0d0d }\0\0\0t@\0 EU\bEUFdd\03ZYYdha5A\0E%[Y]\0@\0Uj\0S3Uh5A\0d0d }\0\0\0t@\0 EU\bEUdd\03ZYYdh5A\0E?[Y]\0@\0US3E3UhE6A\0d0d }\0\0\0t@\0-EU\bEUTydd\0}Uf3ZYYdhL6A\0E:[YY]\0@\0Uj\0SEt3҉3Uh6A\0d0d }\0\0\0t@\0uu\bE{UE33ZYYdh6A\0EM\r[Y]\0Uj\0SEt3҉3Uh(7A\0d0d }\0\0\0t@\0uu\bEGUE 33ZYYdh/7A\0EW\r[Y]\0Uj\0SEt3҉3Uh7A\0d0d }\0\0\0t@\0f}\b@M3xUE33ZYYdh7A\0Ei[Y]\0%K\0%K\0%K\0%K\0%K\0%K\0%K\0%K\0USڋӋM\by\0tPE\b@PCЅuӋ[]ÐUQh:A\0CEUh3A\0 :A\0Y\0U3A\04:A\0Y\0U3A\0<:A\0Y\0U3A\0D:A\0qY\0U3A\0L:A\0[Y\0U3A\0T:A\0EY\0U3A\0\\:A\0/Y\0U3A\0d:A\0Y\0U3A\0l:A\0Yć\0U3A\0t:A\0Yȇ\0U3A\0|:A\0Ẏ\0U3A\0:A\0YЇ\0U3A\0:A\0Yԇ\0U3A\0:A\0Y؇\0U(4A\0:A\0Y܇\0U4A\0:A\0iY\0U\05A\0:A\0SY\0Ul5A\0:A\0=Y\0U5A\0:A\0''Y\0UX6A\0:A\0Y\0U6A\0;A\0Y\0U87A\0;A\0Y\0Y]oleaut32.dll\0\0\0\0VariantChangeTypeEx\0VarNeg\0\0VarNot\0\0VarAdd\0\0VarSub\0\0VarMul\0\0VarDiv\0\0VarIdiv\0VarMod\0\0VarAnd\0\0VarOr\0\0\0VarXor\0\0VarCmp\0\0VarI4FromStr\0\0\0\0VarR4FromStr\0\0\0\0VarR8FromStr\0\0\0\0VarDateFromStr\0\0VarCyFromStr\0\0\0\0VarBoolFromStr\0\0VarBstrFromCy\0\0\0VarBstrFromDate\0VarBstrFromBool\0U3UhI;A\0d0d \03ZYYdhP;A\06\t]Ë-\0sÐ̃D$D$\0 D$p\0\0D$r\0\0e;A\0r;A\0|;A\0\0\0\0\0\0\0\0\0\0\0\0\0\0\0\0\0\0F;A\0\b\0\0\0\0\0\0\0\0<A\0;A\0\0\0\0\0\0\0\0\0\0\0\0\0\0\0\0\0\0\0\0\0\0\0\0\0<<A\0\0\0\0@\08?@\0D?@\0H?@\0L?@\0@?@\0<@\0<@\0A\0A\0@A\0tA\0TA\0A\0<A\0A\0A\0A\0`.@\0`.@\0A\0A\0pA\0dA\0TCustomVariantTypeT<A\0TCustomVariantType\0<A\0(@\0\0\0\bVariants\0\0@\0<A\0\rTVarDataArray\0\0\0\0\0\0\0\0\0\0\0\bVariants̃P\0@@$ÃP\0@D$ÃP\0@H$ÃP\0@L$ÃD$D$\0 D$\0\0D$\0\0<A\0<A\0<A\0<A\0<A\0<A\0<A\0\0\0\0R\\˻AX-=A\0\0\0\0\0\0\0\0=A\0 =A\0\0\0\0\0\0\0\0\0\0\0\0\0\0\0\0\0\0\0\0\0\0\0\0\0=A\0\0\0\0;A\08?@\0D?@\0H?@\0L?@\0@?@\0<@\0<@\0A\0A\0@A\0tA\0TA\0`A\0<A\0A\0A\0A\0`.@\0`.@\0A\0A\0pA\0dA\0LA\0$A\00A\0A\0A\0TInvokeableVariantType@>A\0\0\0\0\0\0\0\0\0\0\0\0\0\0\0\0\0\0\0\0\0\0\0\0\0\0\0\0\0@>A\0\0\0\0|@\08?@\0D?@\0H?@\0L?@\0@?@\0<@\0<@\0<@\0EVariantInvalidOpError>A\0\0\0\0\0\0\0\0\0\0\0\0\0\0\0\0\0\0\0\0\0\0\0\0\0\0\0\0\0>A\0\0\0\0|@\08?@\0D?@\0H?@\0L?@\0@?@\0<@\0<@\0<@\0EVariantTypeCastError\b?A\0\0\0\0\0\0\0\0\0\0\0\0\0\0\0\0\0\0\0\0\0\0\0\0\0\0\0\0\0\b?A\0\0\0\0|@\08?@\0D?@\0H?@\0L?@\0@?@\0<@\0<@\0<@\0EVariantOverflowErrorl?A\0\0\0\0\0\0\0\0\0\0\0\0\0\0\0\0\0\0\0\0\0\0\0\0\0\0\0\0\0l?A\0\0\0\0|@\08?@\0D?@\0H?@\0L?@\0@?@\0<@\0<@\0<@\0EVariantInvalidArgError?A\0\0\0\0\0\0\0\0\0\0\0\0\0\0\0\0\0\0\0\0\0\0\0\0\0\0\0\0\0?A\0\0\0\0|@\08?@\0D?@\0H?@\0L?@\0@?@\0<@\0<@\0<@\0EVariantBadVarTypeError4@A\0\0\0\0\0\0\0\0\0\0\0\0\0\0\0\0\0\0\0\0\0\0\0\0\0\0\0\0\04@A\0\0\0\0|@\08?@\0D?@\0H?@\0L?@\0@?@\0<@\0<@\0<@\0EVariantBadIndexError@A\0\0\0\0\0\0\0\0\0\0\0\0\0\0\0\0\0\0\0\0\0\0\0\0\0\0\0\0\0@A\0\0\0\0|@\08?@\0D?@\0H?@\0L?@\0@?@\0<@\0<@\0<@\0EVariantArrayLockedError@\0\0AA\0\0\0\0\0\0\0\0\0\0\0\0\0\0\0\0\0\0\0\0\0\0\0\0\0\0\0\0\0\0AA\0\0\0\0|@\08?@\0D?@\0H?@\0L?@\0@?@\0<@\0<@\0<@\0EVariantArrayCreateError@\0hAA\0\0\0\0\0\0\0\0\0\0\0\0\0\0\0\0\0\0\0\0\0\0\0\0\0\0\0\0\0hAA\0\0\0\0|@\08?@\0D?@\0H?@\0L?@\0@?@\0<@\0<@\0<@\0EVariantNotImplError@\0AA\0\0\0\0\0\0\0\0\0\0\0\0\0\0\0\0\0\0\0\0\0\0\0\0\0\0\0\0\0AA\0\0\0\0|@\08?@\0D?@\0H?@\0L?@\0@?@\0<@\0<@\0<@\0EVariantOutOfMemoryError@\04BA\0\0\0\0\0\0\0\0\0\0\0\0\0\0\0\0\0\0\0\0\0\0\0\0\0\0\0\0\04BA\0\0\0\0|@\08?@\0D?@\0H?@\0L?@\0@?@\0<@\0<@\0<@\0EVariantUnexpectedErrorBA\0\0\0\0\0\0\0\0\0\0\0\0\0\0\0\0\0\0\0\0\0\0\0\0\0\0\0\0\0BA\0\0\0\0|@\08?@\0D?@\0H?@\0L?@\0@?@\0<@\0<@\0<@\0EVariantDispatchErrorBA\0\0\0\0\0\0\0\0\0\0\0\0\0\0\0\0\0\0\0\0\0\0\0\0\0\0\0\0\0BA\0\0\0\0=A\08?@\0D?@\0H?@\0L?@\0@?@\0<@\0<@\0<@\0\ZEVariantInvalidNullOpErrorUj\03UhbCA\0d0d U]\0/MX>A\043ZYYdhiCA\0E\bY]USV3ɉMMM3UhCA\0d0d UQp\0\0EEEU=p\0\0EEEEPjU䡄8\0T/MX>A\03ZYYdhDA\0E\0\0\0.\b\0^[]Uj\03UhRDA\0d0d UY\0.M=A\0D3ZYYdhYDA\0E-\0Y]Uj\03UhDA\0d0d U^\0.MBA\0\03ZYYdhDA\0E_Y]USV3ɉMMM3Uh?EA\0d0d U\ro\0\0EEEUn\0\0EEEEPjUd\0.M>A\0I\\\03ZYYdhFEA\0E\0\0\0@^[]Uj\03UhEA\0d0d U0T\0-M@A\0\0\03ZYYdhEA\0EoY]U\b\0\0\0j\0j\0IuS3UhGA\0d0d =\n\09\0\0\0=\0tW-@\0\0\0\0-\0\0\\\0\0z\0\0-\b\0t?Htbk\0\0-\0\0\0\0\0\0\0-\0\0\0\0\0I\0\0\0>\0\0\0\0UXu\0,M?A\0&^\0\0T\0\0U@\0,M>A\0.\0\0Utl\0,M?A\0\b\0\0U{\0^,ML@A\0[\0\0\0UP`\08,MAA\05\0\0\0U衐H\0,MAA\0^\0\0\0U䡘I\0+M ?A\08sUࡸ@\0+MAA\0Pu\0\0EE]E\0UċEĉEEEPjUpT\0w+M|@\03ZYYdhGA\0E\0\0\0QE\b\0\0\0D[]Í@\0tËSt,؁\0tt\rMo[ÐSVE@\02t΋Ӹ\n\0^[ L@\0\rt΋Ӹ\n\02@\0t΋Ӹ\0[Ћ^[Uj\03UhIA\0d0d U7\0H*MLBA\0E3ZYYdh\tIA\0E}Y]S؋\0\0f\0[Í@\0USM\b\0T]\b;\0Ht}[]ÐUSVM\b\0M\bًu\b\0u\b;\0\"u3\ZU\bU\b\0U\bRHYЋ^[]ÐUSVW@ u\nW\0 f\0ff\"\0\0@t@\b\0@\b\0K|kC3\0ƉPGPPTPGPP@s+PBG\bKuK|\ZC\0\b\n\bKuUKLYt*P\0PP\0\0\0UEYuP,_^[]SVQf3fs\rS[f\0uf\0\0C\b\0Efu\n\04f\0 t\t4$ԋ蹆\0\0tӋ$\bQ$SVZ^[Ëf\0uf\0\0\0rÐPXUSV]f;@uEPEPC\bPE\bP\0\0\0}\b\0u3EEP;EE3UhLA\0d0d f3=\0\0t\ttt--\t@\0\0tu!=\0\0tBEPEPSEP\0*Uх\0\0tEPEPˋUES}3ZYYdhLA\0}\0tEЋE\b%\0\0E^[]Í@\0USM\b\0T]\b;\0Ht}[]ÐUSVM\b\0M\bًu\b\0u\b;\0\"u3\ZU\bU\b\0U\bRHYЋ^[]ÐUSVWډC u\nW\0zfffs\0\0@t\rC\b\0\tC\b\0K|kC3\0ƉPGPPPGPP+PBG\bKu\0PPjiuKf\0 p\bK|\ZC\0\b\n\bKuUK#YtLP\0PP$/P\0PVЋUYuSPB_^[]Ë\0\0\0ËSVWQftf>fsVSyf\0uf\03C\bC\bV\b[fuf;F\bC\b\0Af\0 tOA\0֋*ԋ蓂\0\0tj\0΋ӋD$S(VS*Z_^[ÐSVڋ;t6fu&ft9CFC\bF\bCF\tӋ^[ÐSV;tVS,^[Ò&9\0\0Ð\0\0ËSVQڋf\0\0tjˋ֋D$S(\tӋZ^[ÐUj\0SVڋ3UhARA\0d0d fЁg\0\0$PA\0\rRA\0\rRA\0QA\0QA\0(QA\09QA\0JQA\0[QA\0lQA\0RA\0\rRA\0QA\0QA\0RA\0\rRA\0\rRA\0QA\0QA\0QA\0QA\0QA\0ƋS\b?\0\0\0\0ƋS\b?\0\0\0\0C\b\0A\0\0\0\0\0C\b\0A\0\0\0\0\0C\b(A\0\0\0\0\0C\b\0aA\0\0\0\0\0UU\0B\0\0\0\0\0ƋS\bffA\0\0\0\0\0ƋS\b?\0\0|ƋS\b>\0\0kƋS\b>\0\0ZƋS\b>\0\0JC\bP\0RP?\0\07C\bЋP\0\0\0)Ӌ\t t<PA\0Ӌ0\tӋ3ZYYdhHRA\0E$>^[Y]Í@\0B@uuËSV؋B\b+f\b\0s\b^[ËUSVW؍EP3UhRA\0d0d ֍EE\0ύUB\0\03ZYYdhRA\0E_^[]ËUj\0S3Uh6SA\0d0d EJ6\0\0ËU`@\0\03ZYYdh=SA\0E/\0I[Y]Í@\0Uj\0S3UhSA\0d0d E.\0\0ËU?\0\03ZYYdhSA\0E[Y]Í@\0Uj\0S3UhSA\0d0d EV<\0\0ËU,@\0\03ZYYdhSA\0E#\Z[Y]Í@\0Uj\0S3Uh\ZTA\0d0d E>;\0\0ËU?\0\03ZYYdh!TA\0Ee[Y]Í@\0SVWڋfffr-Ӌǹ\b\0\0\0\0\0\0Vj\0h\0\0\0WWp\0\0f3ffsVj\0h\0\0\0SWp\0\0fh_^[Í@\0SVWUQڋf+fu\rӋǋCԋi}\0\0tVˋ׋D$S&ԋL}\0\0tˋ׋$SӋǋZ]_^[ÐSVڋf;uӋ^[f=@uC\bЋ\0\0у\0\0$YUA\0UA\0UA\0UA\0UA\0VA\0(VA\0BVA\0\\VA\0vVA\0VA\0WA\0VA\0WA\0WA\0WA\0WA\0VA\0VA\0VA\0VA\0VA\0f;u=td\0\0t3f\0n\0\0b\0\0-V\0\0\b\0\0Ћ;\0\0A\0\0\0\0Ћ:\0\0,\0\0/\0\0$;\0\0\0\0}\0\0$;\0\0\0\0\0;%\0\0<$;\0\0\0\0\0\0\0$<\0\0\0\0\0Ӌy\0\0\0\r\0\0Ћ<\0\0\0\0\0\0\0Ћ:\0\0\0\0\0#\0\0Ћn:\0\0z\b\0\0Ћ|:\0\0hw\t\0\0Ћ:\0\0V\0\0RP:\0\0DӋ9Ӌ.с\0\0\0tJt\rӋ f=\tӋn^[Í@\0Uj\0j\0j\0S3UhWA\0d0d ӍE1\0\0EPj\0h\0\0\0EPDy\0\0ЋЁ\0t\nu+5EUEUBVu\0\0Eff\0;3ZYYdhWA\0E*EE[]ËST@jj\0h\0\0\0SD$Pp\0\0ff\0D$\b[Í@\0US؍EP3UhXA\0d0d ӍEvE\0Em\0\0\0E3ZYYdhXA\0E!E[]ÐSVWfy\0\0؄t!D$Pj΍T$\bD$0VD$Ã_^[USVWE3Uh\\A\0d2d\"Ef\0Ѓ\0\0$YA\0_YA\0iYA\0YA\0YA\0YA\0YA\0YA\0ZA\00ZA\0ZA\0ZA\0@ZA\0ZA\0ZA\0ZA\0ZA\0OZA\0^ZA\0mZA\0|ZA\0ZA\03E\0\0=td\0\0t\rf\0f\03Ef\0\0E@\bEW\0\0E@\bEI\0\0E@\bP;XtqE(\0\0E@\b^P;XtPE\0\0Eh\b5$]A\07P;Xt)E\0\0E@\bP;Xt\bE\0\0E\bE\0\0E@\bE\0\0E@\bE\0\0E@\bE\0\0E@\bEs\0\0E@\byE\\\0\0EP@\bP;XtE=\0\0E@\bE*\0\0E''E\Z\0\0Uf\0tft EPE\0\0E0E\0\0U@\0\0U%\0\0$/[A\0\\A\0\\A\0[A\0[A\0[A\0[A\0[A\0\\A\06\\A\0\\A\0\\A\0F\\A\0\\A\0\\A\0\\A\0\\A\0W\\A\0h\\A\0v\\A\0\\A\0\\A\0E@\b\0E[\0\0E@\b\0EK\0\0E@\b\0P;XtqE(\0\0E@\b\0\\P;XtNE\0\0E@\b(5$]A\03P;Xt%E\0\0\0E@\b\0P;XtE\0\0\0EE\0\0\0E@\b\0E\0\0\0E@\b\0E\0\0\0E@\b\0EyE@\b\0EkE@\b\0yEUE@\bP\0P;Xt}E7E@\bE''E$E\ZUEuE\bE3ZYYdEf\0f\0''3EE_^[YY]\0\0\0\0@FUQSVWEEf\0frtf\nt&ft(.3}=td\0\0t\rf\0f\03c][\b[][\bS3Uh]A\0d0d EF؁À\0\0\0\0\0\0vÀ3ZYYdEf\0f\0l3-_^[Y]ÐUQSVWEEf\0frtf\nt&ft(.3t=td\0\0t\rf\0f\0T3Z][\bR][\bJ3Uh[^A\0d0d E؁\0\0\0v3ZYYdpEf\0f\03_^[Y]ËUQSVWEE\0\0\0\0^A\0$^A\0\0\0\0\0\0\0\0\0\0\0\0\0_A\0^A\0^A\0^A\0^A\0_A\0_A\03\0\0\0=td\0\0t\rf\0f\0{3z]f[\bq]f[\bh][\b_][\bV3UhT_A\0d0d E؁\0\0\0\0\0v\03ZYYdwEf\0f\03_^[Y]ÐUQSVWEE\0wq_A\0$_A\0\0\0\0\0\0\0\0\0\0\0\0\0\0\0_A\0_A\0_A\0_A\0_A\0_A\03=td\0\0t\rf\0f\03e]f[\b\\][\bS]f[\bJ3Uh-`A\0d0d E؁\0\0v\r3ZYYdEf\0f\03_^[Y]UQSVWEE\0\0\0\0v`A\0$`A\0\0\0\0\0\0\0\0\0\0\0\0\0\0\0`A\0`A\0`A\0`A\0`A\0`A\0`A\03\0\0\0=td\0\0t\rf\0f\03i][\b`][\bW][\bN][\bF3UhaA\0d0d E\0\0t''3ZYYdEf\0f\03_^[Y]S؍D$\bPjj\0h\0\0\0SD$Pp\0\0ЅuD$$T$ejj\0h\0\0\0SD$Pp\0\0ЅuD$$T$7=\0u\0\03҉$T$ff\08$\0\0\0\0D$\0\0\0\0$T$[ÐUS3҉UU3UhbA\0d0d ӍES''\0\0EUEU]L\0\0\0EPj\0h\0\0\0EPDy\0\0ЅuEEUaEPj\0h\0\0\0EPL`\0\0ЅuEEU5=\0u\0\03҉EU\Zff\0ZE\0\0\0\0E\0\0\0\03ZYYdhbA\0E;EEU[]US؍EPJ3Uh;cA\0d0d ӍEE\0E}\0\0\0EU3ZYYdhBcA\0EjDEU[]Í@\0SVWfn\0\0؄t(D$Pj΍T$\bD$0VD$D$GÃ_^[ÐUSVWE3UhgA\0d2d\"Ef\0Ѓ\0\0$cA\0#dA\06dA\0_dA\0rdA\0dA\0dA\0dA\0dA\0dA\0eA\0eA\0dA\0jeA\0eA\0eA\0eA\0\beA\0eA\0/eA\0CeA\0VeA\0E\0\0\0\0E\0\0\0\0h\0\0=td\0\0t\rf\0f\0 E\0\0\0\0E\0\0\0\0?\0\0E@\bEU,\0\0E@\bEU\Z\0\0E@\bEU\0\0E@\bEU\0\0Eh\b5gA\0oEU\0\0E@\bYEU\0\0EEU\0\0E@\bEU\0\0E@\bEU\0\0E@\b3҉EUo\0\0E@\b3҉EU[\0\0E@\b3҉EUH\0\0EP\bUPU4\0\0E@\b''EU\0\0EEU\0\0Uf\0tft&E6EU\0\0E#EU\0\0U@\0\0U%\0\0$eA\0qgA\0qgA\0GfA\0\\fA\0pfA\0fA\0fA\0fA\0fA\0qgA\0qgA\0fA\0^gA\0qgA\0qgA\0qgA\0fA\0gA\0&gA\09gA\0KgA\0E@\b\0EUB\0\0E@\b\0EU.\0\0E@\b\0EU\0\0E@\b\0EU\0\0\0E@\b(5gA\0}EU\0\0\0E@\b\0eEU\0\0\0EEU\0\0\0E@\b\0EU\0\0\0E@\b\0EU\0\0\0E@\b\03҉EUxE@\b\03҉EUeE@\b\03҉EUSE@\bUPU@E@\b3EU-EEUUEuEEU3ZYYd''#Ef\0f\0xE\0\0\0\0E\0\0\0\0-EU_^[]\0@FUS3҉UU3UhhA\0d0d ӍEW!\0\0EPj\0h\0\0\0EP,\\\0\0ЋЁ\0tu:f}@E9EUmEUGuff\0\0ff\03ZYYdhhA\0EvEE[]ËSTjj\0h\0\0\0SD$Pp\0\0ff\0(f|$\b@[ËUS؍EPF3Uh<iA\0d0d ӍEE\0Eu\0\0\0E3ZYYdhCiA\0EiCE[]ÐSVWfh\0\0؄t&D$Pj΍T$\bD$0Vf|$@Ã_^[Í@\0SQfЃz\0\0$iA\0jA\0jA\0.jA\0<jA\0IjA\0^jA\0sjA\0jA\0jA\0kA\0%kA\0jA\0kA\0kA\0%kA\0%kA\0jA\0jA\0jA\0jA\0jA\0$\0\0\0=td\0\0t\rf\0f\0G$\0\0\0f{\b\0$\0\0{\b\0$\0\0C\blA\0$x\0\0C\blA\0$c\0\0k\blA\0$N\0\0C\blA\0$9\0\0<$*\0\0f{\b@$\Z\0\0{\b\0$\r\0\0{\b\0$\0\0\0f{\b\0$\0\0{\b\0$\0\0{\0u{\b\0$\0\0C\b$\0\0$\0\0f\0tft$\0\0$\0\0@c\0\0%F\0\0$tkA\0lA\0lA\0kA\0kA\0kA\0kA\0lA\0,lA\0ClA\0lA\0lA\0RlA\0lA\0lA\0lA\0lA\0alA\0mlA\0ylA\0lA\0lA\0C\bf8\0$\0\0\0C\b8\0$\0\0\0C\b\0lA\0$\0\0\0C\b\0lA\0$\0\0\0C\b(lA\0$\0\0\0C\b\0lA\0$\0\0\0$\0\0\0C\bf8@$uC\b8\0$iC\b8\0$]C\bf8\0$PC\b8\0$DC\bx\0u8\0$0C\b$#$ԋu\n$$Z[\0\0\0\0US3҉UU3UhmA\0d0d ӍEK\0\0EPj\0h\0\0\0EPL`\0\0ЋЁ\0t\nu8BEUlEUct\tm]ff\0\0ff\0}3ZYYdhmA\0ElEE[]S؍D$\bPjj\0h\0\0\0SD$Pp\0\0ff\0D$$D$D$$[ÐUS؍EP23UhQnA\0d0d ӍEE\0Eu\0\0\0]3ZYYdhXnA\0ET.E[]SVWfc\0\0؄t(D$Pj΍T$\bD$0VD$D$GÃ_^[ÐSfЃ\0\0$nA\0oA\0*oA\0NoA\0ZoA\0foA\0roA\0oA\0oA\0oA\0DpA\0TpA\0oA\03pA\0DpA\0TpA\0TpA\0oA\0oA\0oA\0\rpA\0''pA\03$D$\0\0=td\0\0t\rf\0f\0,3$D$\0\0C\b$\0\0C\b$\0\0C\b$\0\0C\b$CD$\0\0k\b5$rA\0$\0\0C\b$CD$q\0\0=$a\0\0C\bD$\bD$\b$L\0\0C\bD$\bD$\b$7\0\03C\bD$\bD$\b$!\0\0C\bD$\bD$\b$\0\0C\bD$3D$l$$\0\0k\b$\0\0C\bq$\0\0e$\0\0f\0tft $\0\0$\0\0@t\0\0%V\0\0$pA\0qA\0qA\0pA\0qA\0qA\0#qA\07qA\0KqA\0_qA\0qA\0qA\0oqA\0qA\0qA\0qA\0qA\0qA\0qA\0qA\0qA\0qA\0C\b\0$\0\0C\b\0$\0\0C\b\0$\0\0\0C\b$PT$\0\0\0C\b(5$rA\0$\0\0\0C\b$PT$\0\0\0$\0\0\0C\b\0D$\bD$\b$\0\0\0C\b\0D$\bD$\b$C\b\0D$\bD$\b$kC\b\0D$\bD$\b$WC\b\0D$3D$l$$>C\b($3C\b$%$ԋVu$$[\0\0\0\0@FS؋w<$,$[Í@\0USVWEE\0&\0\0$frA\0rA\0rA\0rA\0rA\0sA\0sA\0sA\0sA\0sA\0sA\0sA\0sA\0sA\0sA\0sA\0sA\0&sA\0<sA\0OsA\0bsA\0ysA\03E\0\0=td\0\0t\rf\0f\03E\0\0\0E@\b]\0\0\0E@\b]\0\0\0E@\bE\0\0\0E@\bEE]\0\0\0E@\bEE]\0\0\0E@\bEE]xE@\bEE]eE@\bE3Em]NEh\b]B3UhsA\0d0d E]3ZYYd\"Ef\0f\0w3E5E_^[]Í@\0US3҉UUU3UhtA\0d0d ӍE`\0\0EPj\0h\0\0\0EPI\0\0ЋЁ\0t\nuWaEUEUuGEUgEU\\tEEEEff\0\0ff\0s3ZYYdhtA\0E\0\0\0EE[]ÐUS؍EPnfE\0E\bEEEjj\0h\0\0\0EPEPp\0\0ff\0EEEEE[]\b\0S؍D$\bPjj\0h\0\0\0SD$Pp\0\0ff\0D$$D$D$$[ÐUS؍EP½3UhuA\0d0d ӍE:E\0Eu\0\0\0]3ZYYdhuA\0EE[]SVWfX\\\0\0؄t(D$PLj΍T$\bD$0VD$D$GÃ_^[ÐSfЃ\0\0$8vA\0vA\0vA\0vA\0vA\0vA\0vA\0vA\0vA\0vA\0wA\0wA\0\bwA\0wA\0wA\0wA\0wA\0wA\02wA\0HwA\0]wA\0wwA\03$D$\0\0=td\0\0t\rf\0f\03$D$\0\0C\b$\0\0C\b$\0\0C$|\0\0C\b$CD$j\0\0$Z\0\0C\bD$\bD$\b$E\0\0C\bD$\bD$\b$0\0\03C\bD$\bD$\b$\Z\0\0C\bD$\bD$\b$\0\0C\bD$3D$l$$\0\0k\b$8$\0\0C\b$\0\0w$\0\0f\0tft $\0\0$\0\0@_\0\0%A\0\0$xA\0=yA\0=yA\0WxA\0exA\0sxA\0sxA\0sxA\0xA\0xA\0=yA\0=yA\0xA\0/yA\0=yA\0=yA\0=yA\0xA\0xA\0xA\0xA\0yA\0C\b\0$\0\0\0C\b\0$\0\0\0$\0\0\0C\b$PT$\0\0\06$\0\0\0C\b\0D$\bD$\b$\0\0\0C\b\0D$\bD$\b$\0\0\0C\b\0D$\bD$\b$yC\b\0D$\bD$\b$eC\b\0D$3D$l$$LC\b($$3C\b$%$ԋ}u$$[ËUS3҉UU3UhzA\0d0d ӍE\0\0EPj\0h\0\0\0EPv\0\0ЋЁ\0t\nu/9EUEUWuff\0\0ff\03ZYYdhzA\0EEMgm[]ÐUS؍EPfE\0E\bEEEjj\0h\0\0\0EPEPp\0\0ff\0EEEEm[]\b\0S؍D$\bP訸jj\0h\0\0\0SD$Pp\0\0ff\0DD$$D$D$,$[ÐUS؍EPZ3Uh){A\0d0d ӍEE\0Eu\0\0\0}3ZYYdh0{A\0E|Vm[]SVWfV\0\0؄t(D$Pj΍T$\bD$0VD$D$GÃ_^[ÐSfЃ\0\0${A\0{A\0|A\0&|A\08|A\0J|A\0J|A\0Z|A\0l|A\0||A\0D}A\0T}A\0|A\03}A\0D}A\0T}A\0T}A\0|A\0|A\0|A\0|A\0}A\03$D$?\0\0=td\0\0t\rf\0f\0T3$D$\0\0C\b\rLA\0<$\t\0\0C\b\rLA\0<$\0\07<$\0\0C\b$CD$\0\0<$\0\0<$\0\0C\bD$\bD$\b\rLA\0<$\0\0C\bD$\bD$\b\rLA\0<$\0\03C\bD$\bD$\b\rLA\0<$c\0\0C\bD$\bD$\b\rLA\0<$H\0\0C\bD$3D$l$\rLA\0<$(\0\0k\b$<$\0\0C\bI<$\0\0=<$\0\0f\0tft <$\0\0Y<$\0\0@\0\0%~\0\0$}A\0A\0A\0}A\0\r~A\0!~A\0!~A\01~A\0E~A\0U~A\0A\0A\0e~A\0A\0A\0A\0A\0~A\0~A\0~A\0~A\0~A\0C\b\0\rLA\0<$4\0\0C\b\0\rLA\0<$ \0\0`<$\0\0C\b$PT$\0\0\0<<$\0\0\0<$\0\0\0C\b\0D$\bD$\b\rLA\0<$\0\0\0C\b\0D$\bD$\b\rLA\0<$\0\0\0C\b\0D$\bD$\b\rLA\0<$\0\0\0C\b\0D$\bD$\b\rLA\0<$kC\b\0D$3D$l$\rLA\0<$LC\b($ <$3C\bn<$%e<$ԋuK<$,$[\0\0\0\0@FUS؋Pj\0h\0\0\0uu\bA\0\0f\b\0f\0[]\b\0US؋Pj\0h\0\0\0uu\bL\\\0\0f\b\0f\0G[]\b\0U3QQQQSVڋ3UhvA\0d0d Pj\0h\0\0\0V4m\0\0f\b\0f\0d\0,rOtt#BEEU U&EyEU: U3ZYYdh}A\0E\0\0\0\t^[]ÐUSV3ɉMM3UhCA\0d0d EP葲3Uh!A\0d0d j\bj\0h\0\0\0SEPp\0\0ff\0 EPEUE\0\0\0WU3ZYYdh(A\0E^3ZYYdhJA\0E\0\0\0:<^[]USV؍EP۱3UhA\0d0d ӍESE\0U\0\0\03ZYYdhA\0E^[]ÐUSU؋Et3҉UffP\0\0E}\0tQEPX3Uh)A\0d0d h\0\0\0ˍUESEUE3ZYYdh0A\0E|VE[]U\0\0\0j\0j\0IuSVڋ3UhoA\0d0d fЃB\0\0$qA\0łA\0тA\0A\0A\0.A\0OA\0pA\0A\0A\0A\0A\0ڃA\0A\0A\0A\0A\0A\0A\0,A\0GA\0eA\08O\0\0=td\0\0t\rf\0f\0Ƌxd\0d''\0\0UC\b?(UI\0\0UC\b%(U/\0\0C\b<$EKU\0\0C\b<$EKU\0\0ss\bEU0\0\0ss\bEUv\0\0EPES\bE\0\0\0UF\0\0UfC\bU܋+\0\0UC\bC''U؋M\0\0U3C\b''''Uԋ1\0\0UC\b''UЋ\0\0C\b3RPE(Ű\0\0ss\bE(Uȋ\0\0C\bЋ\0\0UċUċt\0\0f\0tft(ƋS\bU\0\0U{Uy<\0\0@\0\0%\0\0$A\0A\0A\0YA\0vA\0A\0A\0؅A\0A\0A\0A\0A\0''A\0ԆA\0A\0A\0A\0DA\0aA\0~A\0A\0A\0UC\b\0%U\0\0UC\b\0%U\0\0C\b\0<$E:IUk\0\0C\b\0<$EIUH\0\0C\bp0EhU)\0\0C\bp0EU\n\0\0ƋS\b\Z\0\0\0UC\bf\0Uy\0\0\0UC\b\0$U\0\0\0UC\b\0$U\0\0\0UC\b\0$U\0\0\0C\b\03RPEh&UhC\bp0EL&ULC\bЋX>UUb(ЋuUnU83ZYYdhvA\0E\0\0\0E\0\0\05E\0\0\0Eܺ\0\0\0E\0\0\0^[]USV3ɉM3Uh&A\0d0d EP蜫3Uh\tA\0d0d j\bj\0h\0\0\0SEPp\0\0ff\b\0+VEUE\0\0\0e3ZYYdhA\0Ev3ZYYdh-A\0E?Y^[]ÐUSV؍EP3UhA\0d0d ӍEoE\0U\0\0\03ZYYdhA\0E^[]ÐUS3ɉMU؋Et3҉3UhPA\0d0d UfoI\0\0E}\0tdEPa3Uh3A\0d0d j\bˍUESEPEUE\0\0\0;3ZYYdh:A\0ErL3ZYYdhWA\0E/E[]ÐU\0\0\0j\0j\0IuQSVڋ3UhA\0d0d fЃ5\0\0$A\0A\0A\0\"A\0=A\0WA\0xA\0A\0A\0ӊA\0A\0ȋA\0A\0A\0A\0ȋA\0ȋA\0A\0,A\0HA\0cA\0A\0oB\0\0=td\0\0t\rf\b\0f\0\\Ƌxd\0\Z\0\0UC\b!U\0\0UC\b U\0\0C\b<$EwDU\0\0C\b<$EVDU\0\0ss\bEU\0\0ss\bEUi\0\0VES\bE\0\0\0gF\0\0UfC\bU+\0\0UC\b'' U܋\t\0\0U3C\b U؋\0\0UC\bUԋ\0\0C\b3RPE!UЋ\0\0ss\bE!Ű\0\0C\bЋ\0\0UȋUȋt\0\0f\0tft(ƋS\bNU\0\0UċCUċ<\0\0@\0\0%\0\0$!A\0A\0A\0uA\0A\0A\0ьA\0A\0A\02A\0A\0A\0CA\0A\0A\0A\0A\0`A\0}A\0A\0A\0ԍA\0UC\b\0U\0\0UC\b\0U\0\0C\b\0<$EBUdk\0\0C\b\0<$EAUAH\0\0C\bp0ELU)\0\0C\bp0EeUs\n\0\0ƋS\b\0\0\0UC\bf\0oUE\0\0\0UC\b\0U\0\0\0UC\b\0U\0\0\0UC\b\0U~\0\0\0C\b\03RPELU^hC\bp0E0UBLC\bЋd>UtU(IЋtuUJUd3ZYYdhA\0E\0\0\0&E\0\0\0ŽE\0\0\0E\0\0\0諽Eĺ\0\0\0E̺\0\0\0葽E\0\0\0E\0\0\0w͵^[]ÐUSV؍EPk3Uh*A\0d0d ֍EE\0f}\rt\rf\r\0fbËU3ZYYdh1A\0E{U^[]ÐSVQڋ\rtKrt%\bt?b-\0\0tP-\b?\0\0t;t6M}x=td\0\0t\rf\r\0f\0^YƋS\bjMƋS\b\\?Ӌ\t4fyB\0\0t\Z\"ȺA\0$ǭuff\r\0Z^[\0\0\0\0\0\0\0\0\0\0\0\0\0\0\0\0\0FSVQڋffrtf\bt0f-\0@t6Bm=td\0\0t\rf\t\0f\0)NƋS\bBƋS\b4fA\0\0t\ZuȺA\0$\Zuff\t\0ҲZ^[\0\0\0\0\0\0\0\0\0\0\0\0\0\0FSVWًfta=|d\0\0tfEd\0ff\0w\b_^[SVft(f\0s\b^[ÐSVft\bf\0s\b^[ÐSVڋftf\0^\b^[ÐSVftȹf\0fs\b^[SVft訹f\0s\b^[ÐSVڋft船f\0^\b^[ÐSVfthf\0fs\b^[USftHf\0E\bC\bEC[]\b\0USftE\bC\bf\0[]\0USftE\bC\bECf\0[]\b\0USft̸E\bC\bECf\0[]\b\0USft蠸E\bC\bECf\0[]\b\0SVڋfttf\0fF\b^[ËPָXf\0\0X\bÍ@\0P¸Xf\0\0X\bÍ@\0P许Xf\0\0x\bÍ@\0SVft3C\bf\0C\b,^[ÐUj\0SV3UhsA\0d0d E%U3ZYYdhzA\0E蒸^[Y]ÐSVft蔷3C\bf\b\0C\bP\0\0\0^[ËSVft\\3C\bf\r\0C\b(^[ÐSVft03C\bf\t\0C\b^[ÐUj\0SV3UhSA\0d0d EUC3ZYYdhZA\0E,^[Y]ÐUj\0SV3UhA\0d0d EU3ZYYdhA\0Ebܯ^[Y]ÐUSV؍EP{3UhA\0d0d ֍EE\0U3ZYYdh\rA\0E蟶y^[]Ð\0\0\0ËSVWQڋf;@uC\bЋ+\0\0ft޵f;ǃtert/\0\0\0-\0\0\0\0\0\0H\0\0\0\0\0\0Ӌƹ\0\0\0艿\0\0\0CtӋƹ\0\0\0p\0\0\0Ӌƹ\0\0\0]\0\0\0{\0u{\bw''#{u{\b\0\0\0r|Ӌƹ\0\0\0$uӋƹ\0\0\0eS\bYӋNf\0 tA\0Ӌ\"7f%f=sӋ苹 ԋ;\0\0tˋ֋$S 豬Z_^[U3QQQQSV3UhA\0d0d f;\0u-EEPEUXGUI+EEPEUXU3ZYYdhA\0E\0\0\0zE\0\0\0o^[]Í@\0USMUE]ff%f=\0\0UEf\0:\0\0u\n諬\0\0EPUMES\0\0\0Ef\0f;Et_EP诛3UhA\0d0d MUEfU؋EEf\0f;EtN3ZYYdhA\0Eų韬EPMUES,g\0\0EP93Uh[A\0d0d M\tUEEf\0f;EtU؋EM7\0\03ZYYdheA\0EJ$UE9\0\0u萫EPUMES\b\0\0\0Ef\0f;EtdEP虚3UhA\0d0d MUEPfEf;EtEEPM؋UES,3ZYYdheA\0E課鄫EPMUES,L\0\0]ff%f=\0\0\0EEf;tcEP3UhA\0d0d M\tUE費U؋EcEf\0Uf;t蘩3ZYYdhA\0EUEM\n\0\0\0\0\0UE8\0\0u\nB\0\0\0EPUMEStEf\0f;Et_EPJ3UhEA\0d0d MUEU؋E貵Ef\0f;Et3ZYYdhLA\0E`:EPMUES,裩[]ËSffvf\0uf\b\0|[USVWf;u\b\0f>uSEP肘3UhA\0d0d ֍EE\0UË\t\0\03ZYYdhA\0E褰~֋Ëi\t\0\0_^[]ËSVW؋}$r\\$\br\ntOtOt)4$D$\b$,$d$\b$$L$\b$$t$\b$聨ft蓯$C\bD$Cf\0_^[ËSVW؋Y$N\\$\brt\Z$D$\b$$d$\b$\rft$C\bD$Cf\0_^[ËUSVWE\0蚼E萼Eǃ\n\0\0\0$]A\0A\0A\0A\0A\0A\0ΜA\0ڜA\0A\0A\0A\0A\0EUEEmEU)EE\\EUEEKEEE}E9E}U-Me%MmE!EE\tE\rE1E}\0t\r֋Ëft\0EC\bf\0_^[]ËUSVWMUE3ۋEDEUE6EUE\np\0\0$A\0A\0A\0A\0@A\0GA\0cA\0|A\0A\0A\0A\0ԞA\03UhA\0d0d ErtHt*?EUEUEU+EU+EUEUuuEUEU3ZYYd\0\0\0\0\0\0L@\0-A\0\0\0\0\01A\0r\0\0\0\0\0\0uuEU\\EU\0\0\0uuEUEUqEȋEU EUYEȋEU(EUAEU#E#UEU-EUEUEUEU3E3UEUtUEM)Ef\0t\bEEUP\bUPEf\0\0_^[]Í@\0SV؃\bt\bItK\0\0\0f;u%f>t>t\t觩s֋`ht]f>uW肩^[f;u%f>tu\ta-֋\Z\"uf>u<^[Ë2^[Í@\0Uj\0j\0S3UhiA\0d2d\"t\bIr%FU{\0M@\0\rk\\(U\\u\0M8@\0j9V3ZYYdhpA\0E\0\0\0[YY]Í@\0USV؋r\rt+HrE2\0\0}m}\0\0}m}\0\0\0}uW}\buQu&}m5A\0}\0\0\0n}cm\rA\0}\0\0\0}\buPue]2M}zft迩}\tm[\bf\0iu}\nm}(}m}֋QftEEC\bECf\0^[]\b\0\0@FSVWUQfYd\0fHd\0$3$3Ҋk´d\0\n\0\0$VA\0A\0A\0A\0A\0ѢA\0A\0A\0CA\0A\0BA\0aA\0聡\0\0׋Ƌ\0\0׋Ƌ9\0\0u׋Ƌ`\0\0׋ƋX\0\0|׋ƋC\0\0׋Ƌ+}\0\0SD$P׋Ƌqg\0\0u׋SU\0\0|׋Ƌ@\0\0׋Ƌ0\0\0\b}%|׋Ƌ\0\0׋Ƌ\0\0\btMt0MtU\0\0\0t\tu3\0\0\0\0uu3\0\0\0؋2؋Ӌ\0\0\0Ńr\ntHr,7׋Ƌh׋Ƌ\buX<$\buRf\0K׋Ƌ>׋Ƌ1u\r׋Ƌ׋Ƌ׋Ƌ$蕟Z]_^[Í@\0SVWfff=sfs\r֋Ë]af=@uӋ蜭֋ËEf@uF\bЋË.f%f=sffs\r֋Ë֋Ë\Z_^[ËUSVWڋEP3UhϥA\0d0d ֍E蔪f>u\tE\0f;uWEP3UhA\0d0d ӍE\\E\0UߍE6\b\0\0E3ZYYdhA\0EܞӍE\n\b\0\0E3ZYYdh֥A\0E֥鰞E_^[]<uu3ðÐSQ$уtJtUJ\0\0\0\0\0\0ld\0rtt\Z\0\0\0-\0\0\00e\0\0\0\0<u<$t30e\0{ld\0r\bt\rtha2e\0Y<u\n<$u32e\0>pd\0r\bt\rt+譝$Me\0<u<$u\r3\t3Z[Ë;~3;}ËUEU;Uu;E\bs\b}3\ZEU;Uu;E\bv\b~]\0@\0UE]\bs3E]\bv]\0UE]\bs3E]\bv]\0Umm\bv3mm\bs]\0Uj\0j\0S3UhA\0d2d\"ЍEnӍEdUE33ZYYdh\nA\0E\0\0\0&|[YY]Í@\0SVWUfFd\0f5d\03Ҋ3Ɋk<e\0\n4\0\0$eA\0A\0A\0A\0A\0A\0:A\0]A\0hA\0A\0ըA\0A\0r\0\0\0Ћ:\0\0\0͋Ћ>\0\0\0PZ\0\0\0RP跺RP\0\0\0$$\Z\0\0\0$$_C<$5<$!<׋B1)PZY׋Ƌ|q]_^[ËUSVMUEf3f%f=y\0\0fu3ҰE\0\0fuM3ҰE\0\0UEf\07(\0\0u\n\0\0EPӹ\0\0\0E0V\0\0\0ff;Et{EP\03UhA\0d0d MӍE踪fEf%f;Et詘EPMU؋ES4UU0e\0DE3ZYYdhA\0EԙEPMӋES4UU0e\0DE\0\0EP[3Uh9A\0d0d UEfEf%f;tU؋ËME3ZYYdhA\0ElFEf\0fu3EX\0\0UfuM3E;\0\0U&\0\0u\n|#\0\0EPU\0\0\0E0V\b\0\0\0Ef\0f;EtwEP~3Uh)A\0d0d MUE5fEf;Et*EPM؋ӋES4UU0e\0DE3ZYYdhA\0E|VEPMӋES4UU0e\0DEZ\0\0uf6f%f=sfEPˆ3UhˬA\0d0d M\tӍE聨Ef\0f;EttUE؋MbE3ZYYdhA\0Eڞ鴗UE]%\0\0u\n \0\0\0EPӹ\0\0\0E0V\0\0\0ff;EtwEP&3UhA\0d0d MӍEާfEf;EtӕEPMU؋ES4UU0e\0DE3ZYYdhA\0E$EPMӋES4UU0e\0DETE^[]Í@\0VWf0f:fsfs\b9_^f@u\n@\b5f@u\nR\b$ffsffs|_^ÐUj\0j\0j\0S3UhA\0d0d ӍEEPj\0h\0\0\0EPDy\0\0ЋЁ\0tuOËUұ,KEU''EULtËUұ!Ѐff\0/3ZYYdhA\0EEv鐕[]ÐS؋蓴$T$|$\0u<$w*&|$u<$\0\0\0r|$ҋñh$T$RPnYZ[ËSSSy\0\0}[Í@\0SV3QQQQ؋Ӌ?P\0\0\0ԋ/^[ÐS؋\0.\0\0\0[SVQfq\"\0\0؄tֹ\r\0\0\0$0V0Z^[ËSfЃ\0\0\0$A\0UA\0fA\0eA\0kA\0pA\0pA\0pA\0pA\0yA\0˰A\0԰A\0A\0A\0˰A\0԰A\0԰A\0A\0A\0A\0A\0A\0úM[fS\b[S\b[Ë[Ë[fC\bffC\b[S\b[S\b[fS\b[S\b[ËC\bS҉C\bS[ËӋC\b[Ë[Ëf\0tft=v\0\0j\0\0@O\0\0%5\0\0$A\0KA\0KA\0qA\0A\0A\0A\0A\0A\0A\0KA\0KA\0A\0?A\0KA\0KA\0KA\0ұA\0A\0A\0A\0(A\0ËS\bffұ*\0\0\0ËS\bұ\0\0\0U\0\0\0u\0\0\0ËS\bff\0\0\0ËS\bұËS\bҁ\0\0\0gËS\bffұPËS\bұ>C\bP\0RP''ӋC\b3au[f8\br\Zpp\bp0f\0\0\0KÍ@\0\0\0\0Empty\0\0\0\0\0\0Null\0\0\0\0\b\0\0\0Smallint\0\0\0\0\0\0\0Integer\0\0\0\0Single\0\0\0\0\0Double\0\0\b\0\0\0Currency\0\0\0\0\0\0\0Date\0\0\0\0\0\0\0OleStr\0\0\b\0\0\0Dispatch\0\0\0\0\0\0\0Error\0\0\0\0\0\0Boolean\0\0\0\0Variant\0\0\0\0Unknown\0\0\0\0Decimal\0\0\0\0$0F\0\b\0\0\0ShortInt\0\0\0\0\0\0\0Byte\0\0\0\0\0\0\0Word\0\0\0\0\b\0\0\0LongWord\0\0\0\0\0\0\0Int64\0\0\0USVW3ɉ3UhA\0d0d ffw׋e\0(\0\0\0f\0uƺ(A\0\0\0\0fuƺ8A\0qU\0\0t;PE\0蹇\0\0\0uϙ(Ǻ\0\0\0~u\0i tƺDA\0V@tƺTA\0C3ZYYdhA\0m_^[]\0\0\0String\0\0\0\0\0Any\0\0\0\0Array \0\0\0\0\0ByRef \0\0f\0@\bf8@tÍ@\0ґ號SVW؋|$f\\$fs(f|$\0tfD$f\ttf\ru|$\0t3!ԋj\0\0tT$$\bQ3_^[Í@\0QD\0\0ZËfrftfr3ðËS؋:f\0[f\bt\tf=\0t3ðËS؋f8\0[ÐS؋f8[ÐSV؋΋Ëxd\0\0\0\0^[SVW؋uƋ\tƋ謕_^[Uj\0SV3UhA\0d0d Exd\0YU΋%\0\0\03ZYYdh\0A\0El醍^[Y]Í@\0SVW؋@uƋ;\tƋp_^[US؋cf\0E\bC\bEC[]\b\0輾$$YZËSVW؋V|$^V|$^f$fuf|$\0,fuf|$fD$fs3ËC\0\0 _^[ÐSVW؋kV|$^XV|$^f$fuf|$\0f\0Ifuf|$f\0/fD$fs Ë\0\0u3Ë\0\0} _^[Í@\0SV؋f\n\0s\b^[ú\0ÐSff@u@\b(f\ZB ÄtB@t\t@\b\0@\b3[ÐUSVfMڋt\rfE\0\0u1Cy\0]]K|\"CƋʋ0qp+qF1\b\bKu獅PEPEPG~؅u܋E\b,fEf\r\0 U\bfE\bX\b^[]\0SVWUډ$U3D$\b\\$D$\bf\0\0\0\0-|\ZF3$WjSU_\0\0GNu]_^[ÐS؋̍T$u\nW\0$YZ[S؍L$ԋt\tD$\03YZ[ËSVQTVPf}衍$Z^[ËSVQTV|PJ}}$Z^[ËSQT\\P2}]$Z[Í@\0S؋>P}?[Ð\0\0\0ÃtL$YZf\0f%\0 f=\0 YZËfs@h\0<\0u3ðSVƃsvh\0|\0uu3^[ð^[Í@\0USMUEOu\nW\0荌E\0;Et\n\0xEPw3UhA\0d0d f]fۃu%EPEPEP/|:EЍE\t\ZEPEPEP{f]UE\b3ZYYdhA\0E衏{[]USC~4IySPE\bP\Zd[]\0USVuMUE\b[u\nW\0虋MU@ufEuf}\0t\n\0iE\0;Et\n\0Tf]fۃu:f}\0u\rfE.t%EPEPEP\r{E܋\0\0\0EPLv3UhlA\0d0d u֍EsEE''֍Eru\bEEEE܋EPEPEPz螊3ZYYdhsA\0E9^[]Í@\0US]\bx4Ky]\bCSRPd[]\0USVWU֋}\b1ۅ}m\01Gǋgt?C9~]_^[]\03҅t3ɊHȋHtÍ@\0S3Ct8t[Åt@SVWU$؋H~BD$t4N~\0\0\0;t$\0GNuL$u$YZ]_^[Í@\0SVWUQ$؋$dVŹ\0\0\0@\0N|F3tQHU\0GNuZ]_^[ËSVW3ۋЅ|B3<\0t@Jut9\0|-<\0tH<\0tHuӋ_^[SVWUPǹ\0\0\0@\0D33҉CtH6C;|]_^[S\0\0\0t8u3ҊPЋX\nHu\0\0\0~tt\r~\r\0\0\0t4[UQ\0\0\0j\0j\0IuQMSVWE3Uh*A\0d0d E@\0貦E@\0褦Elދ_E}\0\0\0u\tE\b\0\0\0EEH~Ӌ\0\0M֋M֋M@\0E EPETfME2UȋEE3UhA\0d0d VEȋU؅\0\0EB\Z\0\0\n\0\0$A\0A\0A\0A\0A\0A\0A\0A\0A\0A\0A\0A\0+\0\0\0\0\0H\0\0\0\0\0\0H\0\0\03\0\0\0\0\0H\0\0-\0\0\0\0\0\0\0E\t\0\0E؋\0\0\0E\0\0\0E\0\0\0+E\0\0\0E\0\0\0E؋\0\0\0E؋\0\0\0E؋\0\0\0EfflyE؋萍mE؋laEURE3ҊEBE63E؋(%SRPE3E؋_\bEEIPU؋EMEU3ZYYdhA\0E鐁3ZYYdh1A\0Eȋ@\0\0\0\0芗E@\0\0\0\0wU_^[]UQ\0\0\0j\0j\0IuQMSVWUE3Uh9A\0d0d EE}\0u\nW\0tE3Uh\tA\0d2d\"ESeEuN|(F3ۍSEPSErZ+BECNuۋEPEMߋAME\0M@\0E詡EPEݟȋEUWEǟȋE\0U\\؋ƃB\0\0\nx\0\0$gA\0A\0A\0A\0A\0A\0A\0\"A\02A\0BA\0QA\0]A\0+\b\0\0\0\0\0H\0\0\0\0\0\0H\0\0\0\0\0\0\0\0H\0\0\0-\0\0\0\0\0\0\0\0\0Ef\0\0\0Eݓ\0\0\0E\0\0\0E\0\0\0EZ;\0\0\0E\0\0\0ÍU\0\0\0ÍU{E7oEofbÍUPVÍUJEB>E62E*f%EE՝S\nÍU`EU,E!c3ZYYdhA\0Ev~3ZYYdh@A\0E蓅E@\0','upload/files/20130326220757GtOq6EUI.swf',NULL,'docx',NULL),
  ('297e5a493da707be013da709a6d50001',NULL,NULL,NULL,'ѯDB2','upload/files/201303262211008h3rBYAi.docx','jeecg.system.pojo.base.TSDocument','2013-03-26 22:11:00','\0P@\0Ët8JIt2SËBPHvXHI|Hu\b@[Í@\0ËËSt-Xt&J|9})Ӆ|9D$\b|1D$\by[\0SVWÉ։t0JN|*9}&~\")9~)؋R)\0\0\0_^[ÅtVSVWUÉ։ϋRtRO}19~׋ku\0\0\0X9u/H)w؋j]_^[Ðt@t1SVWƉ׋OWVJxF)~uVW_^tZ1\b1Z)_^[Í@\0SVWÉ1~Ht#xu\b\tPX\bp\0(ǋtH9|,;_^[ËSVWÉ։ω~_^[Ë3\0\0\0SӉ1ɅtK)QY[YðÅtPj\0Í@\0tRÍ@\0t\0\0\0\0\0PRXÍ@\0SVÉ֋t\0\0\0\0PxNu^[Í@\0JQRPIqËSVWUP$\tx]n\0\0}(VD$\bL$\0\08؅~T$ǋ9\0\0\0*݋ǋ\0\0VL$\n؅}3ۋǋ\0\0\0\0]_^[ËPQRZ2ÐR\0\0\0CZÐR\0\0\0ZÐ1Ʌt!R:\nt:Jt:Jt:JtBBBZ)Í@\01Ʌt-Rf;\nt f;Jtf;Jtf;Jt\bZ)TÍ@\01Ɋ\nBÐWPQ1fuXX_,Í@\01ɅtJÐSVW\0ً\0\0\0~\0\0\0Y\0\0\0;Åu3PD$Ϻ\0\0}3;}È~V̑\0\0\0_^[ÐtÐ\0\0U@\0Ët@ËSVWUQ$؅tB$\03I~ɋ׋$\0ɍw$3Z]_^[ÐSVWUL$$}؋D$rut1ɋ׋-ɍ_D$$YZ]_^[SVRP1LtAJuPƋDt\nHKuZXZ^[X$SVWƉ9trtQtTFW)wRt&9uAJtN_9u4\b\bJuZtfff9u!W)F)Zf9u\tf9_^[Í@\0USVWڋQ}3K;}؅}3\b+;}ǋ֋M\b_^[]\0@\0SVWUQڋE\0~n|i;|e~aK++ǋ}3uu3$9L$~ɋ$E\0~+E\0pɋ$Zwŋ$)Z]_^[Í@\0SVWUىT$$$p~uD$\0_}3K;}ߍ>~ɋՋD$\0\nɍT]\0$;~\ZTu\0+ɋD$\0XD$YZ]_^[ËtKt:SVWƉ׋OWVJx f)~fuVWf_^tZ1\n1Z)_^[SVW3ۅ~''\b؋~;}ƋɋӋDǋ_^[Í@\0tPJQR腻ZÐ1SJVWÍt\n|F؋\0\0\0\0\0\0\bO_^[Ð\0\0\0SVWÉ։1ҊV1<\nt\"<t<t$<\rt3<tM<t<t\n_^[\\OEKK\bKO2UՋT.\n\\.L.O]UՉ\\.EO]_^[Ð\0\0\0bÐ1SJVWÍt\n|F؋\0\0\0''\0\0\0\bO_^[Í@\0=`\0\0t`\0ðÃ\0\0\0\0PSVWÉ։1ҊV<\nt%<t><tQ<\rt\\<tv<\0\0\0<\0\0\0\0\0\0\n\0\0\0-\0\0\0Xwgn؃gO_UՋT.\n\\.L.bO]AUՉ\\.\0O]+؃\0\0O؉_\0\0O_^[X_^[XË\0\0\0\nÐ1SJVWÍt\n|F؋\0\0\0#\0\0\0\bO_^[Ð=`\0\0t`\0ðqSVW\0\0\0É։1ҊV<\nt\"<t-<t8<\rtC<t]<to<tz_^[2On؃-O_؃OPUՋT.\n\\.L.}O]2UՉ\\.O]\0\0O\r\n\0\0O_^[Ð=`\0\0t`\0ðSVWUÉ1A|\b\no1OQO)~G\n\nt1t=tI\rtUtp\0\0\0\0\0\0]_^[-0+\0\0\0}0b\0\0\0l0Q\0\0\0[1ɊJttL\n\t0a\0\0\0X;1ɊJLQэ0,X\"0o\0\0\0\0\0ы0d\t\0\0\0\0\0G\bMY)~\n]_^[ËSVWUÉ։ϋl$\nt1tCtR\rtat}\0\0\0\0\0\0]_^[6؋5Mu\0\0\0؋fMuz؉RMuf1ɊO|9؉O\bwc7MuE؉31G\\8t8Mu(؋h\0\0Mu؋Z\b\0\0Mu]_^[\0ÐR&ZtPoXÐPX,Í@\0\0\0\0Ë\0\0\0Ë:ÐTÍ@\0SVWڋPȋJfC\0\0_^[SVQ؉$$jЋ΋Z^[Í@\0SQ3$|ȋċM$Z[Í@\0RPD$$$D$d$$d$YY\b\0USVW1\\$L$\tu\b\tt\\\ttX\ty\n؃\0\ty\nۃ\0͹@\0\0\0W119rw9r)@[\0\0\0t؃\0_^[]\b\01Í@\0USVW1\\$L$\tu\b\tt]\ttY\ty\n؃\0\tyۃ\0͹@\0\0\0W119rw9r)@[\0\0\0t؃\0_^[]\b\01Ð |@|11É1Í@\0 |@|11É1Í@\0USVW3ۃ}\0u\t}\b\0Ej\0j\nE\bU}؃\0ڃ0\0DCj\0j\nE\bUpE\bU}\0u}\b\0u}\0tD-C\0\0\0~\0\0\0\0\0\0+;|\t @;}~\rKT߈@J_^[]\b\0@\0USuu\b3+[]\b\0SVWU$\0\0\03D$\b\0\0\0\0D$\0\0\0\0u$(\0\0E|. tD$\0D.<-u\bD$E<+uE|.$t(D.c<Xt|.0\0\0\0.L<X\0\0\0|.0uEED.ЀЀ\nrrrz\0\0\00\0\0\07\0\0\0W|$\0u\t|$\b\0rG|C|$u\t|$\bv0.ǙRPD$T$$T$\bD$\bT$E3f|$\0\0\0\0D$\bT$؃\0ډD$\bT$\0\0\0D.ЀЀ\nsb\0\0\00|$\0u\t|$\b\0rI|E|$u|$\bv/-j\0j\nD$T$&RPǙ$T$\bD$\bT$E3됀|$\0tD$\bT$؃\0ډD$\bT$|$\0u|$\b\0t|$\0u\n|$\b\0:D$tM|.\0\nt$($3҉D$\bT$]_^[Ðt@HÐUu\b]\0Ë\0\0ËUSVWME]E\b8\Z}EJ\0\03EtE3FƋƋPUPt23mEE;EtE\bt;u5];}}tÃ\bUM+ϋ;EUL]^E؋EE;}}}t*UUÃ\b3EPUÃ\bMMӃ\bE\0M\0\0\0;+UUEE32}~.E\bMO|\"GE\0\0\0\0E\bPEMEOuE_^[]\0T$jÐSt؃SQ3\0\0\0[Ë\0\0\0[USVWUEu3ۃ}\0\0\0\0EE}3E\0;}+;~}3\0\0\0E@EE@EE@t\0E3Em\b\0\0\03}}~5}\0tU3\nVMU`MӋEE\bU[E\b_^[]\b\0\bt3\0\0\0\0\0Iu''P1ɊJTtHt\b\bXËStBtKuPRCZX[Ðt@Í@\0jT$RP蠭|$\0\0\0uD$3ËËSV؃{\0u+h\0\0D$PCPĲ\0\0suCCC\b\0\0^[Ð<`\0t;Bt\n;B\bt;Bu\bËuP0t\\uUİSVWUEEEhi@\0jt@hi@\0VaÅt/h\0\0PEPӅtEPPEPY\"\0\0E8\\u8Ex\\\r\0\0Ed>\0\0\0\0FQ>\0\0\0\0u+]CPEPP\0\0\0F+ƋB\0\0\0\0\0@PVPPPEttV0P蜫S@=\0\0UƄ\\\0\0+HPP@P`P\\@؋>\0VEPPEP2E_^[]kernel32.dll\0\0\0\0GetLongPathNameA\0\0\0\0USVEh\0\0Pj\0諪E\0EPh\0\0j\0hk@\0h\0\0t@EPh\0\0j\0hk@\0h\0\0Ǫt\"EPh\0\0j\0hk@\0h\0\0詪\0\0\03Uhj@\0d0d E\0\0\0\0\0EPEPj\0j\0PEPht\"EPEPj\0j\0hl@\0EPJtE\0E\03ZYYdhj@\0EPh\0\0EPPjEPj辩P萩3\0\0\0\0}\0u\n}\0\0\0\0P譩؍K;.t\n;u;\0\0\0C}\0t(+и\0\0+PEPS^jj\0P>uj}\0td+и\0\0+PEPS&jj\0Pu2E\0+и\0\0+PEPSjj\0PШ^[]\0\0Software\\Borland\\Locales\0\0\0\0Software\\Borland\\Delphi\\Locales\0\0\0\0\0\0\0\0Ë+\0\0\0ËSVW<`\0t׋Cքtu_^[ËSVW<`\0tքtu_^[Ë\0\0\0Ë#\0\0\0ËSظ\b\0\0\0S@`\0X@`\0[ÐSV5@`\0t\"V;u@`\0\0@`\0\b\0\0\05^[Ëօt''\ntY;u\b\0\0\0\ru^[ËUSVWE@`\0E}\0t93UhOm@\0d0d ]ES3ZYYd\n|E\0E}\0u_^[YY]Ë<`\0<`\0ËUQE3Uhm@\0d2d\"E@t3ZYYdhm@\0E;<`\0uE\0<`\0<`\0t;Uu\tU\0uY]Ët\0\0\0\0\0PRP\bXÍ@\0tRPRPX\b\0uËQP\bË\bɉtQP\bÅWj\0TQRttP\0P\bX_ÅtP\0PÐP裦Ëx\0tǻË@\0\0\0Í@\0US]\bMUt3@\0[]\0UE\bPA]\0USV]\bCP3u\tË\bQ^[]\0y\r \0t$Ѱ6ÐUSVMU3҃}\0\0\0\033Ʌ\0\0\0lUJAw0FY\0\0v1^;]wS0?ˀ\\0?ʀT0 ^;]w\"0?ʀT0;M\bs;ur;uruN0\0\";M\bsEHAv\n\0\0vFFF;M\brV^[YY]\0USVMUE}\0u\n3E\t\0\0E33}\0\0\0\0\0\0\0U3Ɋ2Ftl;u\b\0\0\0? t.U2Fڀ\0\0\0;u\b\0\0\0?\0\0\0ыʋU2Fڀ\0\0\0?\0\0\0fыMfAUfB@;u\bs\t;Ep;ErEHUfB\0\0G;u\bsBU2Ft0;u\bs5? tU2Fu;u\bsU2Fu\n@;u\br@EE^[]\0@\0Uj\0SV3Uhq@\0d0d 3{t^Z@EHPEs@P&PEaYZ~\rJE\bEUƋU3ZYYdhq@\0E6^[Y]ÐUj\0SV3Uhsr@\0d0d ht]ЍEPE@PPEyYZ~\rJE\bEƋUC3ZYYdhzr@\0E^[Y]ÐUj\0SV3Uhr@\0d0d EE3ZYYdhr@\0E^[Y]ÐUj\0SV3Uhs@\0d0d UU3ZYYdh\Zs@\0ERl^[Y]ÐSV\0؅t={\0\0\0}*h\0\0\0D$PCP\0lPVȋԋ\nƋS\0\0\0^[ËUS3҉U3Uhs@\0d2d\"jURh\0\0PѠEU\0\0\0EU؃}\0t33ZYYdhs@\0E''[]U3Uh6t@\0d0d \0u#P\0\0\0ݽШ3ZYYdh=t@\0I]Ð-\0\0\0\0`\0\0@\0\0@\0N\0\0\0_@\0tfT\0f \0f\0谟@\0莠<\0l%\0\0\0=\0\0\0t-[%\0\0\0fv\0\0\0\0 诟\0螟u\04\0Ð%C\0%\bC\0%C\0%\0C\0Pj@Í@\0T\0\0\0ËS؅t6=`\0u\n\0\0\0u\0\0\0P`\0P[Ê\rd\0`\0u&d,\0\0\0`\0Pntáp\0P]tø`\0ÐS3`\0j\0+h\0h\0`\03`\03`\0`\0u[Í@\0U3UhAv@\0d0d l\03ZYYdhHv@\0>]Ë-l\0Xv@\0TWideStringDynArray\0\0\0@\0\b\0\0\0@\0Types\b;\nuH\b;J\buH;Ju\b@;Bt3ðUS]\bSECK\b[]\b\0QË\n;\b|;H\b}J;H|\bR;P|3ðÍ@\0SVWًV򥥥^;~C;B~FC\b;B\b}F\bC;B}F\0\0\0؀u3ɺ\0\0\0\\_^[ËP\b;~P;P~3ðÍ@\0tP\bHH3Í@\0US]\bSȉK\bUS[]\b\0SX\b\b+y\0ى\ZXH+y\0ىZ[Í@\0U3Uhw@\0d0d t\03ZYYdhw@\0]Ë-t\0x@\0HWND\0\0\0\0x@\0.1\0\0\0\0\0\0\0x@\0\nodSelected\bodGrayed\nodDisabled\todChecked\todFocused\todDefault\nodHotLight\nodInactive\todNoAccel\rodNoFocusRectodReserved1odReserved2odComboBoxEditWindowsx@\0TOwnerDrawStatex@\0%XC\0%TC\0%PC\0%LC\0%HC\0%DC\0%@C\0%<C\0%8C\0%4C\0%0C\0%,C\0%,C\0%(C\0%$C\0% C\0% C\0%C\0%C\0%C\0%xE\0%tE\0%tE\0%pE\0%lE\0%lE\0%hE\0%dE\0%`E\0%`E\0%\\E\0%XE\0UEP}@PE\bP]\0%TE\0%PE\0%LE\0%LE\0%HE\0%DE\0%@E\0%<E\0%8E\0%4E\0%0E\0%,E\0%(E\0%$E\0% E\0% E\0%E\0%E\0%E\0%E\0%E\0%E\0%\bE\0%E\0%\0E\0%D\0%D\0%D\0%D\0%D\0%D\0%D\0%D\0%D\0%D\0%D\0%D\0%D\0%D\0%D\0%D\0%D\0%D\0%D\0%D\0%D\0%D\0%D\0%D\0%D\0%D\0%D\0%D\0%D\0%D\0%D\0%D\0%D\0%D\0%D\0%|D\0%|D\0%xD\0%tD\0%pD\0%lD\0%lD\0%hD\0%dD\0%`D\0%\\D\0%XD\0%TD\0%PD\0%LD\0%HD\0%DD\0%@D\0%<D\0%8D\0%4D\0%0D\0%,D\0%(D\0%$D\0% D\0%D\0%D\0%D\0%D\0%D\0%\bD\0%\bD\0%D\0%\0D\0%C\0%C\0%C\0%C\0%C\0%C\0%C\0%C\0%C\0%C\0%C\0%C\0%C\0%C\0%C\0%C\0%C\0%C\0%C\0%C\0%C\0%C\0%C\0%C\0%C\0%C\0%C\0%C\0%C\0%C\0%C\0%C\0%C\0%|C\0%xC\0%tC\0%pC\0%lC\0%hC\0%dC\0%`C\0%E\0%E\0%E\0%E\0%G\0%G\0%G\0%G\0%G\0%G\0%G\0%G\0%G\0%G\0%G\0%G\0%G\0%G\0%G\0%G\0%G\0%|G\0%xG\0%tG\0%pG\0%lG\0%hG\0%dG\0%`G\0%\\G\0%XG\0%TG\0%PG\0%LG\0%HG\0%DG\0%@G\0%<G\0%8G\0%4G\0%0G\0%,G\0%(G\0%$G\0% G\0%G\0%G\0%G\0%G\0%G\0%\bG\0%G\0%\0G\0%F\0%F\0%F\0%F\0%F\0%F\0%F\0%F\0%F\0%F\0%F\0%F\0%F\0%F\0%F\0%F\0%F\0%F\0%F\0%F\0%F\0%F\0%F\0%F\0%F\0%F\0%F\0%F\0%F\0%F\0%F\0%F\0%|F\0%xF\0%tF\0%pF\0%lF\0%hF\0%dF\0%`F\0%\\F\0%XF\0%TF\0%PF\0%LF\0%HF\0%DF\0%@F\0%<F\0%8F\0%4F\0%0F\0%,F\0%(F\0%$F\0% F\0%F\0%F\0%F\0%F\0%F\0%\bF\0%F\0%\0F\0%E\0%E\0%E\0%E\0%E\0%E\0%E\0%E\0%E\0%E\0%E\0%E\0%E\0%E\0%E\0%E\0%E\0%E\0%E\0%E\0%E\0%E\0%E\0%E\0%E\0%E\0%E\0%E\0%K\0%K\0%K\0%|K\0%xK\0%tK\0%pK\0%lK\0%lK\0%hK\0%dK\0%K\0%`K\0%K\0%\\K\0%K\0%XK\0%K\0%K\0%K\0%K\0%TK\0%K\0%PK\0%LK\0%HK\0%DK\0%@K\0%<K\0%8K\0%4K\0%0K\0%,K\0%(K\0%$K\0% K\0%K\0%K\0%K\0%K\0%K\0%\bK\0%K\0%\0K\0%J\0%J\0%J\0%J\0%J\0%J\0%J\0%J\0%J\0%J\0%J\0%J\0%J\0%J\0%J\0%J\0%J\0%J\0%J\0%J\0%J\0%J\0%J\0%J\0%J\0%J\0%J\0%J\0%J\0%J\0%J\0%J\0%J\0%|J\0%xJ\0%tJ\0%pJ\0%lJ\0%hJ\0%dJ\0%`J\0%\\J\0%XJ\0%TJ\0%PJ\0%LJ\0%HJ\0%DJ\0%@J\0%<J\0%8J\0%4J\0%0J\0%,J\0%(J\0%$J\0% J\0%J\0%J\0%J\0%J\0%J\0%\bJ\0%J\0%\0J\0%I\0%I\0%I\0%I\0%I\0%I\0%I\0%I\0%I\0%I\0%I\0%I\0%I\0%I\0%I\0%I\0%I\0%I\0%I\0%I\0%I\0%I\0%I\0%I\0%I\0%I\0%I\0%I\0%I\0%I\0%I\0%I\0%I\0%I\0%|I\0%xI\0%tI\0%pI\0%lI\0%hI\0%dI\0%`I\0%\\I\0%XI\0%TI\0%PI\0%LI\0%HI\0%DI\0%@I\0%<I\0%8I\0%4I\0%0I\0%,I\0%(I\0%$I\0% I\0%I\0%I\0%I\0%I\0%I\0%\bI\0%I\0%\0I\0%H\0%H\0%H\0%H\0%H\0%H\0%H\0%H\0%H\0%H\0%H\0%H\0%H\0%H\0%H\0%H\0%H\0%H\0%H\0%H\0%H\0%H\0%H\0%H\0%H\0%H\0%H\0%H\0%H\0%H\0%H\0%H\0%H\0%H\0%H\0%|H\0%xH\0%tH\0%pH\0%lH\0%hH\0%dH\0%dH\0%`H\0%\\H\0%XH\0%TH\0%PH\0%LH\0%HH\0%DH\0%@H\0%<H\0%<H\0%8H\0%4H\0%0H\0%,H\0%(H\0%$H\0% H\0%H\0%H\0%H\0%H\0%H\0%\bH\0%H\0%\0H\0%G\0%G\0%G\0%G\0%G\0%G\0%G\0%G\0%G\0%G\0%G\0%G\0%\0\0\0\0\0\0\bfË\bÐ/Ë薠Ð莠Ð3葨3ÐRPAP[ËQRPXPPq\\P>ÐP>PPW\"Ð\0\0\0Í@\0\0\0\0Í@\0\b\0\0\0%\0\0\0\0\0\0\b3ҊËÍ@\0\bQ$$D$BZQff$f@fD$$ZËËË%G\0%G\0UQSVWM衡؋E\bPEPEPEPEPEPE PE$PE(PEPWVW_^[Y]$\0UQSVWMI؋E\bPEPEPEPEPEPE PE$PE(PEPWV\\_^[Y]$\0UQSVWM؋E\bPEPEPEPEPEPE PE$PEPWVj\0詠_^[Y] \0@\0UQSVWEh@\0h@\0h@\0Uhȍ@\0h@\0|>\0ttj\0j\0PSUE3҉?\0ttj\0j\0PSU\b\tE\b\0\0\0\0_^[Y]\b\0\0\0Magellan MSWHEEL\0\0\0\0MouseZ\0\0MSWHEEL_ROLLMSG\0MSH_WHEELSUPPORT_MSG\0\0\0\0MSH_SCROLL_LINES_MSG\0\0\0\0U3Uh@\0d0d x\03ZYYdh$@\0b]Ë-x\0U3UhU@\0d0d |\03ZYYdh\\@\0*]Ë-|\0h\0\0\0h\0\0\0h\0\0\0h\0\0\0h\0\0\0h\0\0\0h\0\0\0h\0\0\0h\0\0\0h\0\0\0h\0\0\0h\0\0\0h\0\0\0h\0\0\0h\0\0\0h\0\0\0h\0\0\0h\0\0\0h\0\0\0h\0\0\0h\0\0\0h\0\0\0h\0\0\0h\0\0\0h\0\0\0h\0\0\0h\0\0\0h\0\0\0h\0\0\0h\0\0\0h\0\0\0h\0\0\0h\0\0\0h\0\0\0h\0\0\0h\0\0\0h\0\0\0h\0\0\0h\0\0\0h\0\0\0h\0\0\0h\0\0\0h\0\0\0h\0\0\0h\0\0\0h\0\0\0h\0\0\0h\0\0\0h\0\0\0h\0\0\0h\0\0\0h\0\0\0h\0\0\0h\0\0\0h\0\0\0h\0\0\0h\0\0\0h\0\0\0h\0\0\0h\0\0\0h\0\0\0h\0\0\0h\0\0\0h\0\0\0h\0\0\0h\0\0\0h\0\0\0h\0\0\0h\0\0\0h\0\0\0h\0\0\0h\0\0\0h\0\0\0h\0\0\0h\0\0\0h\0\0\0h\0\0\0h\0\0\0h\0\0\0h\0\0\0h\0\0\0h\0\0\0h\0\0\0h\0\0\0h\0\0\0h\0\0\0h\0\0\0h\0\0\0h\0\0\0h\0\0\0h\0\0\0h\0\0\0h\0\0\0h\0\0\0h\0\0\0h\0\0\0h\0\0\0h\0\0\0h\0\0\0h\0\0\0h\0\0\0h\0\0\0h\0\0\0h\0\0\0h\0\0\0h\0\0\0h\0\0\0h\0\0\0h\0\0\0U3Uh@\0d0d \03ZYYdh@\0銲]Ë-\0@\0\n\tTFileName@\0\nTSearchRecX\0\0\0\0\0\b@\0\0\0\0@\0\0\0\0\0\0\0\0\0@\0\0\0\0\0\0\0\0\0\0\0\0\0\0\0\0\0@\0\0\0\0@\08?@\0D?@\0H?@\0L?@\0@?@\0<@\0<@\0<@\0\0\0\0\0\0\0\0\0@\0\0\0\0\tException@\0\tException@\0(@\0\0\0\bSysUtils\0\0@\0\0\0\0\0\0\0\0\0\0\0\0\0\0\0\0\0\0\0\0\0\0\0\0\0\0\0\0\0@\0\0\0\08@\08?@\0D?@\0H?@\0L?@\0@?@\0<@\0<@\0<@\0EAbortd@\0\0\0\0\0\0\0\0\0\0\0\0\0\0\0\0\0\0\0\0\0\0\0\0\0\0\0\0\0d@\0\0\0\08@\08?@\0D?@\0H?@\0L?@\0@?@\0<@\0\0\rA\0<@\0EHeapException@\0\0\0\0\0\0\0\0\0\0\0\0\0\0\0\0\0\0\0\0\0\0\0\0\0\0\0\0\0@\0\0\0\0@\08?@\0D?@\0H?@\0L?@\0@?@\0<@\0\0\rA\0<@\0EOutOfMemory@\0@\0\0\0\0\0\0\0\0\0\0\0\0\0\0\0\0\0\0\0\0\0\0\0\0\0\0\0\0\0@\0\0\0\08@\08?@\0D?@\0H?@\0L?@\0@?@\0<@\0<@\0<@\0EInOutErrort@\0\0\0\0\0\0\0\0\0\0\0\0\0\0\0\0\0\0\0\0\0\0\0\0\0\0\0\0\0t@\0\0\0\08@\08?@\0D?@\0H?@\0L?@\0@?@\0<@\0<@\0<@\0\tEExternal̔@\0\0\0\0\0\0\0\0\0\0\0\0\0\0\0\0\0\0\0\0\0\0\0\0\0\0\0\0\0̔@\0\0\0\0(@\08?@\0D?@\0H?@\0L?@\0@?@\0<@\0<@\0<@\0EExternalException,@\0\0\0\0\0\0\0\0\0\0\0\0\0\0\0\0\0\0\0\0\0\0\0\0\0\0\0\0\0,@\0\0\0\0(@\08?@\0D?@\0H?@\0L?@\0@?@\0<@\0<@\0<@\0\tEIntError@\0\0\0\0\0\0\0\0\0\0\0\0\0\0\0\0\0\0\0\0\0\0\0\0\0\0\0\0\0@\0\0\0\0@\08?@\0D?@\0H?@\0L?@\0@?@\0<@\0<@\0<@\0\nEDivByZeroܕ@\0\0\0\0\0\0\0\0\0\0\0\0\0\0\0\0\0\0\0\0\0\0\0\0\0\0\0\0\0ܕ@\0\0\0\0@\08?@\0D?@\0H?@\0L?@\0@?@\0<@\0<@\0<@\0ERangeError4@\0\0\0\0\0\0\0\0\0\0\0\0\0\0\0\0\0\0\0\0\0\0\0\0\0\0\0\0\04@\0\0\0\0@\08?@\0D?@\0H?@\0L?@\0@?@\0<@\0<@\0<@\0EIntOverflow@\0@\0\0\0\0\0\0\0\0\0\0\0\0\0\0\0\0\0\0\0\0\0\0\0\0\0\0\0\0\0@\0\0\0\0(@\08?@\0D?@\0H?@\0L?@\0@?@\0<@\0<@\0<@\0\nEMathError@\0\0\0\0\0\0\0\0\0\0\0\0\0\0\0\0\0\0\0\0\0\0\0\0\0\0\0\0\0@\0\0\0\0D@\08?@\0D?@\0H?@\0L?@\0@?@\0<@\0<@\0<@\0\nEInvalidOp@@\0\0\0\0\0\0\0\0\0\0\0\0\0\0\0\0\0\0\0\0\0\0\0\0\0\0\0\0\0@@\0\0\0\0D@\08?@\0D?@\0H?@\0L?@\0@?@\0<@\0<@\0<@\0EZeroDivide@\0\0\0\0\0\0\0\0\0\0\0\0\0\0\0\0\0\0\0\0\0\0\0\0\0\0\0\0\0@\0\0\0\0D@\08?@\0D?@\0H?@\0L?@\0@?@\0<@\0<@\0<@\0\tEOverflow@\0\0\0\0\0\0\0\0\0\0\0\0\0\0\0\0\0\0\0\0\0\0\0\0\0\0\0\0\0@\0\0\0\0D@\08?@\0D?@\0H?@\0L?@\0@?@\0<@\0<@\0<@\0\nEUnderflowH@\0\0\0\0\0\0\0\0\0\0\0\0\0\0\0\0\0\0\0\0\0\0\0\0\0\0\0\0\0H@\0\0\0\0@\08?@\0D?@\0H?@\0L?@\0@?@\0<@\0\0\rA\0<@\0EInvalidPointer@\0\0\0\0\0\0\0\0\0\0\0\0\0\0\0\0\0\0\0\0\0\0\0\0\0\0\0\0\0@\0\0\0\08@\08?@\0D?@\0H?@\0L?@\0@?@\0<@\0<@\0<@\0EInvalidCast@\0\0@\0\0\0\0\0\0\0\0\0\0\0\0\0\0\0\0\0\0\0\0\0\0\0\0\0\0\0\0\0\0@\0\0\0\08@\08?@\0D?@\0H?@\0L?@\0@?@\0<@\0<@\0<@\0\rEConvertError\\@\0\0\0\0\0\0\0\0\0\0\0\0\0\0\0\0\0\0\0\0\0\0\0\0\0\0\0\0\0\\@\0\0\0\0(@\08?@\0D?@\0H?@\0L?@\0@?@\0<@\0<@\0<@\0EAccessViolation@\0@\0\0\0\0\0\0\0\0\0\0\0\0\0\0\0\0\0\0\0\0\0\0\0\0\0\0\0\0\0@\0\0\0\0(@\08?@\0D?@\0H?@\0L?@\0@?@\0<@\0<@\0<@\0\nEPrivilege@\0\0\0\0\0\0\0\0\0\0\0\0\0\0\0\0\0\0\0\0\0\0\0\0\0\0\0\0\0@\0\0\0\0(@\08?@\0D?@\0H?@\0L?@\0@?@\0<@\0<@\0<@\0EStackOverflowp@\0\0\0\0\0\0\0\0\0\0\0\0\0\0\0\0\0\0\0\0\0\0\0\0\0\0\0\0\0p@\0\0\0\0(@\08?@\0D?@\0H?@\0L?@\0@?@\0<@\0<@\0<@\0\tEControlCȚ@\0\0\0\0\0\0\0\0\0\0\0\0\0\0\0\0\0\0\0\0\0\0\0\0\0\0\0\0\0Ț@\0\0\0\08@\08?@\0D?@\0H?@\0L?@\0@?@\0<@\0<@\0<@\0\rEVariantError$@\0\0\0\0\0\0\0\0\0\0\0\0\0\0\0\0\0\0\0\0\0\0\0\0\0\0\0\0\0$@\0\0\0\08@\08?@\0D?@\0H?@\0L?@\0@?@\0<@\0<@\0<@\0EAssertionFailed@\0@\0\0\0\0\0\0\0\0\0\0\0\0\0\0\0\0\0\0\0\0\0\0\0\0\0\0\0\0\0@\0\0\0\08@\08?@\0D?@\0H?@\0L?@\0@?@\0<@\0<@\0<@\0EAbstractError@\0\0\0\0\0\0\0\0\0\0\0\0\0\0\0\0\0\0\0\0\0\0\0\0\0\0\0\0\0@\0\0\0\08@\08?@\0D?@\0H?@\0L?@\0@?@\0<@\0<@\0<@\0EIntfCastError<@\0\0\0\0\0\0\0\0\0\0\0\0\0\0\0\0\0\0\0\0\0\0\0\0\0\0\0\0\0<@\0\0\0\08@\08?@\0D?@\0H?@\0L?@\0@?@\0<@\0<@\0<@\0\bEOSError@\0@\0\0\0\0\0\0\0\0\0\0\0\0\0\0\0\0\0\0\0\0\0\0\0\0\0\0\0\0\0@\0\0\0\08@\08?@\0D?@\0H?@\0L?@\0@?@\0<@\0<@\0<@\0ESafecallException@\0\r.240\0\0\0\0\0\0@\0@\0Ĝ@\0\r.340\0\0\0\0\0\0@\0@\0ܜ@\0\r.44\0\0\0\0\0\0@\0@\0@\0\r.54\0\0\0\0\0\0@\0@\0@\0TFormatSettings\0\0\0\0\0\0@\0\b\0\0\0@\0\0\0\0@\0\0\0\0@\0\0\0\0@\0\0\0\0@\0\0\0\0@\0 \0\0\0@\0$\0\0\0@\0T\0\0\0؜@\0\0\0\0@\0\0\0\0@\0@\0.74\0\0\0@\0H\0\0\0@\0\bSysUtils@\0.84\0\0\0@\0H\0\0\0@\0\bSysUtils\0\0\0$\0\0\0 @\0\0\0\0\0\0\0\0\0\0\0\0\0\0\0\0\0\0\0\0\0\0\0\0\0\0\0\0\0 @\0D\0\0\0@\08?@\0D?@\0H?@\0L?@\0@?@\0<@\0<@\0(A\0TThreadLocalCounter̃黍\0\0\0\0鿌\0\0S\0\0D$=D$[D$eU@\0_@\0i@\05@\0=@\0E@\0M@\0\0\0\0R{LWq=?t@\0,\0\0\0\0\0\0\0@\0@\0\0\0\0\0\0\0\0\0\0\0\0\0\0\0\0\0\0\0\0\0\0\0\0\0@\00\0\0\0@\08?@\0pn@\0|n@\0L?@\0@?@\0n@\0<@\0*A\0$TMultiReadExclusiveWriteSynchronizer@\0USӉf]\bff[]\0S؋˲@\0l\0\0*[SVWVW˲@\0l\0\0\n_^[Ë%K\0USV3ɉM3Uh@\0d0d VE肵EPu]EUo\03}3ZYYdh@\0Et鎤^[]ËSV؋3ɋ茓^[Í@\0S\\a\0\\a\0p<\0H\nX\b\0\0\0Έ[ËSظ\0\0\0蛈\\a\0p<\0PX\b\\a\0p<\0\0 @\0[Í@\0SVW^؋ǋ߱֋7t<ar<zw, BFKu_^[ËSVW\"؋ǋ裱֋7t<Ar<Zw BFKu_^[ËVWƉ\tt@\ttR9v9t\bFW)_^ÐVWƉ׉1x\nuu@_^VWSƉ\tt@\ttR9v9t*^ar\bzw ar\bzw 8t)[_^Ð9t\tt\ttH;Juu1ÐSVW؋Ћǋ~\tSP_^[ÐSVW؋Ћǋڪ~\tSP\t_^[ÐSV؋跬P诮P觬P蟮Pj\0h\0\0\0*^[SV؋֋^[ÐSV؋gP_PWPOPjh\0\0\0^[SV؋֋^[ÐSVjVjSj\0h\0\0\0^[ËSVjVjSjh\0\0\0^[ËSVWًSWSVjh\0\0\0c_^[SVW育؋iЋǋ\n~\tSP%_^[ÐSVWN؋5Ћǋְ~\tSP_^[ÐUj\0j\0SVW3Uh@\0d0d EEE\"PEPEPEPWh\0\0\0؃3ZYYdh@\0E\0\0\0j_^[YY]Í@\0SVWj\0zPgPoPWPj\0h\0\0\06rwt3ɋ֋褁\0\0_^[ËSV؋֋^[ÐSVWj\0PPPӰPjh\0\0\0rwt\0\0\0֋\0\0_^[Í@\0SV؋֋^[ÐSVWU譩\0\0\0C;|| v;}\n衦N|7 vU+AӋԫ]_^[Í@\0SVWU)\0\0\0C;|\bf|_ v;}\n谭Nf|w vU+AӋ花]_^[ÐSVW\0\0\0C;|| vWӋL_^[SVW覯\0\0\0C;|\bf|^ vWӋ_^[Í@\0SVW袨K~| vW˺\0\0\0_^[Í@\0SVW:K~\bf|^ vW˺\0\0\0趰_^[ËUSVW3ۉ]]UE3Uh@\0d0d 3EUt\0\0؅tCFUt\0\0؅uu-EUuuEUӦuǺ\0\0\0舨xE辧փ<?EGuU#t\0\0C+΋׋3+EGUs\0\0؅uԋ\0\0؋+΋׋+E3ZYYdhħ@\0E\0\0\0l_^[]ÐSVWUQ$ڋ$$>\0\0\0\0:\0\0\0\0\0\0>ss\0\0:uE[s\0\0>\0u>\0u\t \0\0+ǃ\0\0\0uI$裤p+Ջ$$\0臨Ӌs\0\0*:u''+ϋՋ+>r\0\0>\0uу>\0u\t\0\0+IՋՂZ]_^[Í@\0USVW3ۉ]MU3Uh%@\0d0d ߋE;vXЀ\ntt\r*}u=E8}u{\nuC)E${\nuM%\0\0\04a\0sn\0\0C;wE蟤E{;EuEԢ\0\0\0ߋEM3\\}?;vnЀ\ntt(}u\rG\nGCI}u\rG\nGC;\nu5C2%\0\0\04a\0sRm\0\0E׋ËM蛁}]GC;w3ZYYdh,@\0EZ_^[]ÐSVW3ۋ认tK,\Zr\n,t,\Zs9葤|+@\0\0\0T>Ѐ\nr\Zr\rt\b\ZsGHu۳_^[Ð\bu\ty\0\0\0-ANù\n\0\0\0RV1N0:r\tuYZ))vѰ0)2Ju\bu\ty\r\0\0\0f-\0fFAù\n\0\0\0RV1f0f:rff\tuYZ))v)f0\0)fVJufV1R1DX蘡^Í@\0\bu4\n\0\0\0@\0\0\0t&p0$T$\0\\$\0\0\0AfF-\0\bV|$<$f$\0,$f$@\0\0\0t''p0d$hhl$\b,$($ff0\0f=:\0rf\0fӛsl$Y)\tx\Z)v)f0\0)fVJufÐ\bu0\n\0\0\0@\0\0\0t\"p0$T$\0\\$\n\0\0\0F-NA\bV|$<$f$\0,$f$@\0\0\0t''p0d$hhl$\b,$($N$$0<:rӛsl$Y))v)ְ02JuÐUV 1P1ҍE\bX ^]\b\0 v1V Q\0\0\0DX蘟 ^Í@\0U ~1V \0\0\0RE\bXh ^]\b\0SV؋ԋІ<$\0t\\$D$\bT$P\03ƃ^[Í@\0SQڋ虆<$\0tZ[ËSVQ؋ԋ|<$\0Z^[Í@\0S؍T$\b诳$T$|$\b\0t\\$D$T$P\03$T$[UUnEU}\0tE\bEEEEU]\b\0SVQ؋ԋ8V<$\0Z^[á\0Nu)j\0\0\0\0@\0\0@\0聝\0u)j\0\0\0\0@\0踶\0(@\0J\0\0\0\0True\0\0\0\0\0\0\0False\0\0\0UQSVWE\0| F؋E\b@ctENuE_^[Y]ËUSډEUEU!\0\0Єtm@\0IU\0VС\0zYЄt!U\03С\0WYЄt\0[]\0\0\0\0\0\0\0\0\00\0\0\0\0\0\0-1\0\0SV؄t,tƋ\0.$Ƌ\0^[Ë3ҊӋ`a\0\b^[ÐX@\0\bTStrData\b\0\0\0\0\0\0@\0\0\0\0SV\0h\0\0\0D$PPVeȋԍCU{\0\0\0\0^[ÐUSV؍ET@\0躨3Uh@\0d0d ]E!Ut@\08ƋU^3ZYYdh@\0ET@\0?i^[YY]ÐSV؋֋}^[ËSVWڋw?Ӂ\0\0\0@w2j\0h\0\0\0jj\0%\0\0\0ta\0Pha\0PkP5_^[ÐSj\0h\0\0\0jj\0j\0h\0\0\0DP[ËSVWQj\0D$PWVS{u$$Z_^[SVWQj\0D$PWVSu$$Z_^[USV؋E\bEEEVEPEPSeEEU^[YY]\b\0P.ÐUĴS؍P肞Pt4Pu%EPPEPEPEPuEE[]S؋@[S؋\ZPttu3[ð[Í@\0U3QQQQSEE۝3Uhȳ@\0d0d }\0u\"\rz\0Г@\0X\0\0B\0\0\0CUExe\0\0UEIE蕛|MEduAUE\0\0EU躜t)UE\0\0EYtEy\0\0u33ZYYdhϳ@\0E\0\0\0a鷐[]ËS؋Ph[ËSVW3WPul؋_^[SCPCP_uF?C#CuTC,PSCPD$\bPC8CCC\bCSD\0\03YZ[ÐSVWً҃SCP^Pstkt6\0\0\0_^[Í@\0S؍CPCPt\t1[[S؋Ct\rPkC[ËS؋ޛP@[SV؋ÛP軛P@^[SV衙؅tKӋ_\0\0<tD^[3^[Í@\0SVWU؋md~(\\>tӋ\0\0t׋_\0\0<uOO؋]_^[Í@\0USVW3ۉ]M3Uh;@\0d0d ָT@\0؅t|.tEPI\0\0\08UE3ZYYdhB@\0EʕD_^[YY]\0\0\0\0\0\0.\\:\0SVW؋Ӹ@\0\tWκ\0\0\0Ԛ_^[\0\0\0\\:\0\0SVWָܶ@\0؃~|\\uIָܶ@\0Xa\0\0uKW˺\0\0\0耚_^[\0\0\0\\:\0\0SVW؋Ӹ@\0WVK_^[\0\0\0\0\0\0\\:\0\0SVWָ\\@\0I؅~|.uWӋ\t贔_^[\0\0\0.\\:\0SVTD$\bPh\0\0rPȍT$c\b\0\0^[ËUSE\bu3URURURURPn؋Em3҉EUE3RPEU謧MQE3RPEU蒧MQ[]\03rËSj\0ȘPr@[Ëǹ2)ȉÐǹ2GÐV+s^Í@\0WVƉ׹2щ։ʉу^_WVƉ׹2щ։уG^_Í@\0WVSƉ׉2tuA)ˉ։ك󤪉[^_Í@\0SVڋPߗЋY^[ËSVW؋Ћϋ_^[ÐSV؋ ^[Í@\0WV׉ƹ1щ1FW)^_ËWV׉ƹ1щ1t!F<ar<zw, War\bzw )t^_Í@\0WVS׉Ɖ1\tt)ˉى1FW)[^_ÐWVS׉Ɖ1\tt/)ˉى1t!F<ar<zw, War\bzw )t[^_Ë\bu3@\b:uÍ@\0WVS\ttD\tt@É2It.Ή߹)vߍ^֬uW_uG1[^_Í@\0SV؋Ƌi^[ËS؃?n[Ã\0Í@\0SV؅u3^[Ë\\F΋u^[Ët\nnÐSVW؋ًv\0\0\0J0Z\0\0<uKċˋ0\0ĉD$ D$$T$ a\03(_^[S\ry\09\0ty\0[ðn[Í@\0S؋z[UĔS3ۉ]SVWǉ1EM}1EEE\tt\r9t\t<%tJu+E#\0\09t<%t^]E<-u9tܬ~\0\0\0<:u\n]9tˬ]<.u\n9tZ\0\0\0]܉uQR\0\0\0Z])s1ۀ}-u\n)s1)s1Ұ )s1}\0t\nREZYuG1<*t\"<0r=<9w9i\n\0\0\0,09tX0E;E\bE]|\0t19tܬ$߈\0\0\0];]\b\\Eu4ދV$ݼ@\0n@\0!@\0@\0n@\0׽@\0O@\0/@\0!@\0!@\0!@\0@\0@\0j@\0@\0!@\0@\08@\01\0\0UM)ы]uU܃ v1҉ˀD\0\0\0X\n\0\0\0U볍uU܉˃v1ҀD\0\0\0X\n\0\0\0UzSq\0\0\0ÀSbf8vEuJ1ÀSAƬ=<N@\0N@\0uS!ES][uS\ttN;MwËMÀSW2MuO)_ÀP\b\0\0\0\0\0\0u.\0Ƴ\0Gt?Et8FtNtM\0\0\0U9v%\0\0\0Mu\0Eܺ\0\0\0v\0\0\0SPREϋ]\0\0uSPE]X[_^[[]\0USVW؅t''t#PWE\bP΋úY\03_^[]\0USVW؅t''t#PEPE\bP΋Ë\03_^[]\b\0UQM\b\0\0\0]\0UPSVMU\0\0\0E4=\0\0\0}&E%PEPE\bPM\0\0E؋ËJ;|C0ۋƋlE؎PEPE\bPMJ^J;}ɋ֒?Α觌^[]\0@\0Uj\0j\0SVWً3Uh@\0d0d E蠘Eˋ̓EU!EQЋˋZ3ZYYdh@\0EEE蝒鷃_^[YY]ËS\rg\09\0tg\0[ðYi[Í@\0UXS3ۉ]SVWǉ1EMN}1EE\tt9t\rff=%\0tfJu+E[\0\09tff=%\0t^]fEf=-\0u9tfz\0\0\0f=:\0u]9tfډ]f=.\0u9tfP\0\0\0]uQR\0\0\0Z])s1f}-u)s1f)s1f \0f)s1fYu>1f=*\0t)f=0\0rCf=9\0w=i\n\0\0\0f-0\09tfX\"E;E\bE]|\0t19tf$߈\0\0\0];]\b\\Eu4ދV$c@\0@\0@\02@\0@\0t@\0@\0@\0@\0@\0D@\0@\0@\0@\0S@\0@\0@\0@\01\0\0UM)]uU v1҉ˀD\0\0\0X~\n\0\0\0Up뱍zU˃v1ҀD\0\0\0X\n\0\0\0UuSl\0\0\0=SZ\0\0\0ÀSKf8vEluK1ÀS*\b@S@\0T@\00U@\0S\nuES][uS\ttN;MwËMÀSW1MfuOO)_ÀP\b\0\0\0\0\0\0z\0Ƴ\0Gt?Et8FtNtMi\0\0\0U9v%\0\0\0Mu\0E\0\0\0v\0\0\0SPRZϋ]Q\0\0ZSPE]ÎX[_^[[]\0UP\0\0\0PHuESVMU\0 \0\0Eؐ=\0\0\0}&EɐPEPE\bPM\0\0E裐؋ËJ;|C0ۋ5ƋE|PEPE\bPMJJ;}ɋ֒軓Α^[]\0@\0UQM\b%]\0V1\bu1\n\t}-\bt઒P1a\00CI\tu\tK9uX^ÐUWVSE\0E\0E\0E\0E󠉆\0EE\0\0\0\0\0\0\0\0uE}\0\0\0~\0\0\0EP''\0\0}rE\bPEQ\0\0}E-\0\0s\Zp\0\0\0I@\0u\0\0\0-u]tw\tE;E~\0@\0]]Ӊ+E[^_\0\0@\0=@\0t@\0t@\0@\0INFNAN\bu0NÀ}\0t-M1;M|\t\Z0>\0t:Eٰ0\Z\0\0\0B\bt\btĊEf\bt0\tt1efMIy+M\bv1ɰE]UJ!^U\br\0\0\0M\t0*1ۀ}t\nHC$ItKuEt\ttEt\t0JtAuJu1ۊ]\0\0\0}\0t\b]\0\08v\0덜A@\0]\0\0\0<@tQS<$t<*t\n\r\0\0\0M[YCVutN^$*@@@*$@@@$ *@@* $@@($*)@-$*@@$-*@@$*-@@(*$)@-*$@@*-$@@*$-@@-* $@-$ *@* $-@$ *-@$ -*@*- $@($ *)(* $)]\0UĸWVSE׉E\0\0\0\0\0E\0E\0\0\0\0tGt\ZOG\bGtO\b\0\0\0tL\0\0\0E''\0\0}\0u\n+E¸\0\0\0PREЉp\0\0fEf=\0tf=t\0u#f=\0~}\0uj\0jj\0Eu-\0\0}\0u\0\0\0\0\0\0t;utE\0\0\0\0\0\0\0\0u\b<''t$<\"t \bt<;u\bt<;uu\b\bt<;ÈĬ8t\buSu̻\0\011EUˈU<#t&<0t%<.t,<,t3<''t5<\"t1<Et:<et6<;tF\bu@B9}Bǃ}uUE불Ĭ8t\bu<-t<+uE<0t떉U}uUE)~1EċE)}1E[À}\0tE1E;EEU+UEUű}]Ӏ}\0t\b;u\bu-<#t''<0t#<.t<,t<''t<\"t\Z<Et$<et <;tS\btOM\0\0\0͈Ĭ8t\bt:&+t-u2AF>0tr\0\0\0S]U+Un[눉+EÃ}\0t|\0\0\0Mu\rEE;E~AC\buKE;E~10}\0u\tĊEf }\0tE~u\bEtM[^_]\0UWVSÉE\0\0\0\0\0t\n1\0\0\0\0\0\0\0\0\0\0fF\b%\0\0t=\0\0u\"fF\0t>\0u\t~\0\0\0t@1C\0\0\0\0.-?\0\0iM\0\0@E\0\0\0+ES]l[}ۯa\0ٛ}fE\0At\tڷa\0Eu{\t\0\0\0D*f00fJu2}}\by1w;}r}s''|;5r%D;\0Ox\rD;|;9wfC1\0E\0\0\0D;\0Ox|;0tfV\bEffS1\n\0\0\0d\0\0\0\0\0''\0\0V\t\0\0\0\ty؃\01ɋ}\b\t}1|\0\0\0A-\0\0dڳ\rsI\0\0dҳ\rEUm\0\0\0)t\n}ڴ@\0u{\tu\t\0\0\0D)u$uIu90\t\0\0\0D)0$0IuL)\0O?0tV11҈CfS[^_]\b\0UWVSƉE\0\0\0\0\0E˛}-a\0\0\0\0>+t-uF|\0\0\01Ҋ:Eu\bFm\0\0\09tO$<Eu\nFRt\0\0\0XE\0\0\0>\0u3ЀuS]i[-u\0t??f\t\0u1mV\bt< tN11Ҭ,:\ns\ra\0EEBN11Ҋ+t-uF,:\nsFk\n\0\0r-u[^_]USj\0jj\0U\bE3ȍU}[]\0USj\0j\0j\0U\bEȍU}[]\b\0USVWSVWUE3yȍUE\b}_^[]\0@\0USVWSj\0VU\bE@ȍUP}_^[]\b\0@\0U\0SV؋*=\0\0\0~\nU\0iPU\b\03ȍ\0|^[]\0U\0SV؋~=\0\0\0~\nU\0躀PU\b\0eȍ\0|^[]\b\0S؋胀3Vu\\$D$T$,E\03,$[ÐUS؋DU3uE\bEEEfEfEm[]\0SV؋3^[Í@\0SV؋3t,$^[Í@\0SV؋3t,$^[Í@\0S؋Աju\\$\bD$T$\b,E\03,$[ÐSV؋[ֱ.^[Í@\0US1ۉE\b؋a\0\b<$XZ\ty؃\0a\0a\0Z\n\0A[]\b\0S|x\0)\r0~\0X$D$\0T$\bD$\0ċи\0\0\07[ËS1PX\b@-Z\n\0a\0\ty)ȃ\0ȃ\0RP,$سa\0\b[ËUS1ۉE\bUa\0A[]\b\0S1P[X@؋a\0\0[ÐUVuE\0fsMf<sGf<sAfs:i6\0i`\0\0i\0\0EE5\b@\0E\bEE^YY]\b\0\0ˤLUSVWfE\bPEPϋ֋mu\n\bZ\0E_^[YY]\0@\0USVW؍EPuuE7EMf`VEf<\0E\bPEf_^[]\0SVu!ًþd\0\0\03uù\0\03t3^[ð^[Í@\0USVWًfEE\0fE@4`\0f}\0\0\0f}''w~frxfwrfrlf;\\FwbH~\0\0\0f\\NAHuMId\0\0\0im\0\0хy+\0\0Z\n\0uEE\bEE_^[YY]\0SVWTϋ֋ u\nh\0n$YZ_^[ÐUSVMUE]\buuEM$Ef\0\0\0Ef\0\0\0Ef\0\0\0f\0\03\0\0\0\0\0\0BfIf\0:\0|:\0fÐ:\0}EPEff}u\nfMfEfkEdf؍EPMEffEf؍EPMEfmqf}u\nfMfEmf]3@4`\0f\0fLNfMfMf;MrfMf)M@ߋMfMffE@Mf^[]\0@\0UQVuu\bEP^Y]\b\0USuu\bCPKSwfKuu\bCPKS\nC\b[]\b\0SfKfSf$$@\0rfCPfKfS\nfC\bF$$fCPfKfS\nfC\b'',$$$YZ[\0\0\0\0\0Uuu\bEE\0\0\0@YY]\b\0D$\bPSfL$fT$\nfD$\bk$$ÃD$\bP''fD$PfL$fT$fD$$$ËD$\bPfL$fT$\nfD$\b\\$fD$PfL$fT$fD$LD$$$ ÐUS\\VEUm @\0rE\bVE\bU+[YY]\b\0\0\0\0\0US؋E\bEEEs3EEEC[YY]\b\0Tf$Í@\0USM\b\0\0\0+;}څt\ZU\bM\b\0RE\b[]ËUS؋E\bP/vЋY[]ËUSV؋E\bPjuE\0]E\0EPja\0E\0\0\0ЍEZY^[]Í@\0USE\b\0\b\t]\b:Kt\0+@U\bB[]ËUE\bx\0u*E\b@\bpp\bE\bHE\bPE\bE\b@]UE\bx\0u1E\b@\bpp\bE\bPE\bHE\bPE\bE\b@]ÐUSV3ɉMڋ3Uh@\0d0d rE\bf@fEE\bf@fEE\bf@fEE$@\0rh\0\0\0PEvPEPjP\0\0\0Í\0\0\0''tN\0\0\0H\0t\"\ruzS\0\0\0`<\0\0ȋ\0\0\0v]=L\0uTPtЋ:\0\0u?\0\0\0;\0\0N:s\0\0\0;\0\0ȋËr3ZYYdh@\0pEpqi^[]\0\0\0\0gg\0\0USV3ɉMڋ3Uh@\0d0d pE\bf@fEE\bf@fEE\bf@fEE@\0q\rE(@\0\tqh\0\0\0PEIuPEPjmPot3Í\0\0\0rNu80uSsI\0\0\0`u3ZYYdh\r@\0Eoyh^[]\0\0\0\0yy\0\0\0\0\0yyyy\0\0\0\0USV3҉U؉U܉E3Uh@\0d0d }\0;\0\0E\b+\0\0E\b E\0E\0E\0\0\0EE%\0\0\04a\0s)E\bPE:\0\0ЋEYE:\0\0E \0\0E:\0\0EEЀ\Zs, Ѐ¿\Zs\r<MuHuN%\0\0\0ރ8h\0\0@\0$L@\0\0\0\0\0\0\0\0\0\0\0\0\r\0\0\0\0\0\0\0\0\0\0\0\0\0\0\0\0\0\0\0\0\0\0\0\0\0\0\b\t\0\0\0\0\nn@\0@\0@\0\b@\05@\0@\0G@\0A@\0r@\0@\0@\0\t@\0|@\0@\0\0@\0@\0UYUY}#E\bPEd\0\0\03º\0\0\0Y\0\0E\bPE\0\0\0Y\0\0U;YU`YE\bPUU܋EYEYx\0\0UYU3YE\bPUU؋EYEYK\0\0UYUYEHrt0E\bPEUpY\Z\0\0E\bPE\06Y\0\0\0E\bPE؆\0Y\0\0U|YEHr\nt%HtIHtmUYE\bPEUY\0\0E\bPE\bpp\b\b\0Y\0\0E\bPE\bpp\b$\0Ya\0\0E\bP\0YM\0\0E\bP\0Y9\0\0UYU,YE\0u\0\0\0%\0\0\04a\0s7\0\0|3Ht{\"tct^\Zt_att`S}\0uM@\0\0\0\0/t*@\0\0\0\0\Zt@\0\0\0\0uEE4EFafE}\0tfuf\0\nfvf}~E\0\0\0U\bRUY?\0\0UYU2Y}~E\0\0\0E\bPEUdY\0\0UYUY}~E\0\0\0E\bPEU3Y\0\0UsY}uE\bP\0rY\0\0E\bP\0^Y\0\0U>YUY}~E\0\0\0E\bPEUYw\0\0UqYuN@\0\0\0\0u(f}rE\bP\0\0\0)YEE/\0\0@\0\0\0\0u(f}rE\bP\0\0\0YEE\0\0@\0\0\0\0Iu4f}sE\bP\0YE\bP\0YEE\0\0@\0\0\0\0\0u2UVYE\bPE\bpp\b$\0YEb\0\0@\0\0\0\0u2UYE\bPE\bpp\b\b\0UYE\0\0E\bPE\0\0\0Y\0\0UYE\bP\0YUYf}\0uf}\0uf}\0\0\0\0E\bP@\0\0\0\0YE\bP\0\\Y\0\0\0=\0\0\0\0\0E\bP\0\0\0\0rY\0\0\0=\0\0twE\bP\0\0\0\0PYau%\0\0\04a\0s\rE&4\0\0EEE\0t:EuԋE\bPU+֋YE8\0tEE\bPE\0\0\0YE\0E\b3ZYYdh@\0Eغ\0\0\0xh`^[]\0\0AM/PM\0\0\0A/P\0AMPM\0\0\0\0AAAA\0\0\0\0AAA\0 \0\0\0USVڋ33tU!YU<@\0Y\0Ƌh^[]\b\0\0\0\0C\0\0\0USM\b\0\0\0+;}څt\ZU\bM\b\0\"GE\b[]ËUS؋E\bP[jЋY[]ËUSV؋E\bPjuE\0]E\0EPja\0E\0\0\0ЍEZY^[]Í@\0USE\b\0\b\t]\b:Kt\0+@U\bB[]ËUE\bx\0u*E\b@\bpp\bE\bHE\bPE\bE\b@]UE\bx\0u1E\b@\bpp\bE\bPE\bHE\bPE\bE\b@]ÐUSV3ɉMڋ3Uh@\0d0d AfE\bf@fEE\bf@fEE\bf@fEE@\0fh\0\0\0PEjPEPjP\0\0\0Í\0\0\0ShN\0\0\0H\0t\"\ruzS\0\0\00\0\0ȋ\0\0\0j]=L\0uT|hЋ.\0\0u?\0\0\0/\0\0Nfg\0\0\0*0\0\0ȋË3f3ZYYdh@\0+eE#e]^[]\0\0\0\0gg\0\0USV3ɉMڋ3Uh@\0d0d dE\bf@fEE\bf@fEE\bf@fEE@\0De\rE@\05eh\0\0\0PEuiPEPj虔P蛓t3Í\0\0\0fNu80uS;gI\0\0\0i3ZYYdh@\0E+d\\^[]\0\0\0\0yy\0\0\0\0\0yyyy\0\0\0\0USV3҉U؉U܉E3Uh@\0d0d }\0\0\0E\b\0\0E\b E\0E\0E\0v\0\0EE%\0\0\04a\0s)E\bPE.\0\0ЋEYE.\0\0E 9\0\0E.\0\0EEЀ\Zs, Ѐ¿\Zs\r<MuHuN%\0\0\0ރ8\0\0@\0$ @\0\0\0\0\0\0\0\0\0\0\0\0\r\0\0\0\0\0\0\0\0\0\0\0\0\0\0\0\0\0\0\0\0\0\0\0\0\0\0\b\t\0\0\0\0\n@\0`@\0@\0@\0\t@\0z@\0N@\0H@\0y@\0@\0@\0@\0@\0@\0J@\0p@\0UYUY}#E\bPEd\0\0\03º\0\0\0Y:\0\0E\bPE\0\0\0Y\"\0\0U;YU`YE\bPUU܋EYEY\0\0UYU3YE\bPUU؋EYEY\0\0UYUYEHrt6E\bPEUpY\0\0E\bPEU\bD 0Yw\0\0E\bPEU\bDPYW\0\0UpYEHrt,HtYH\0\0\0\0\0\0U{YE\bPEUY\0\0E\bPE\bpp\b.U\b\0\0\0Y\0\0E\bPE\bpp\bU\b\0\0\0rY\0\0E\bPE\b@Y\0\0E\bPE\b@Y\0\0UYUYE\0u\0\0\0%\0\0\04a\0s+\0\0|3Ht{\"tct^\Zt_att`S}\0uM@\0\0\0\0(t*@\0\0\0\0t@\0\0\0\0uEE4EFafE}\0tfuf\0\nfvf}~E\0\0\0U\bRUbY\0\0UYUY}~E\0\0\0E\bPEU1YX\0\0UqYUY}~E\0\0\0E\bPEU\0Y''\0\0U@Y}uE\bPE\b@8Y\0\0E\bPE\b@ Y\0\0UYUZY}~E\0\0\0E\bPEUY\0\0U0YuN@\0\0\0\0u(f}rE\bP\0\0\0YEEk\0\0@\0\0\0\0qu(f}rE\bP\0\0\0YEE.\0\0@\0\0\0\04uBf}sE\bPE\b@YE\bPE\b@YEE\0\0$@\0\0\0\0u;UYE\bPE\bpp\bU\b\0\0\0DYE\0\0,@\0\0\0\0u;UYE\bPE\bpp\bU\b\0\0\0YE7\0\0E\bPE\0\0\0Y \0\0U9YE\bPE\b@7YUYf}\0uf}\0uf}\0\0\0\0E\bP0@\0\0\0\0?YE\bPE\b@ Y\0\0\0=\0\0\0\0\0E\bPE\b\0\0\0Y\0\0\0=\0\0t~E\bPE\b\0\0\0Yau%\0\0\04a\0s\rE''\0\0EEE\0t:EuԋE\bPU+֋YE8\0tEE\bPE\0\0\0pYE\0}E\b3ZYYdh\t@\0Eغ\0\0\0''\\}T^[]\0AM/PM\0\0\0A/P\0AMPM\0\0\0\0AAAA\0\0\0\0AAA\0 \0\0\0USVڋ33tUYU@\0Y\0Ƌm\\^[]\b\0\0C\0\0\0USm\b$a\0r,a\0)=@\0m\br3tm\b[]\0\0\0?UfEPuu\bEuE\bEEUTa\03FE]\0Uuu\b\0]\b\0Uuu\b\0]\b\0Uuu\b3]\b\0Uuu\bȋ3]\b\0Uuu\b]]\b\0SVWCQ];| t_^[USVWMUE\0E\b\0\0U]33ҊTf0fC\\;D,\nsfr͋E;~ËU*U\bEEf0EE_^[]\0@\0USVW3ۉ]E3Uh@\0d0d 3ۅt:֋EEPn\\ȋE^UuM\\3ZYYdh@\0EHYQ_^[YY]Í@\0SVWQ$3ۋ׋\\;|D:$uZ_^[ÐSVW3ۿ\0\0\0)D>$,Dt\Zt\n,\bt,t\Z3G[;~3ۋ_^[ËSVڋ#D%\0\0\04a\0s\r+$\0\0j[;|D,\ns^[Í@\0SVWUQ3$\0\0\0T\0p\0;\0t)-]P%]Z&\0\0t$\tOuҋ$Z]_^[ËUS؃=H\0u:c$OȋE\b@3+ȋd\0\0\0kd؋E\bx\0~E\bXE\bHE\b@[]ËUSVW3ۉ]؉]܉]]Mڋ3Uhg@\0d0d 3fE\0\0fE\0\0E\0E\0\0pE3E=\0\0t>\08gu4ӋEPI\0\0\0\\EUZEE\0@\0$\0\0~\bp\0EEPMӋ1\0\0ӊ\r\0\Z\0\0EPMӋn\0\0ӊ\r\0w\0\0\0EPMӋ?\0\0E,r\bt\"t:Rf}EEfEfEfEfE6f}EEfEfEfEfE\Zf}EEfEfEfEfE}\0~UYp}wj_`\0+ȋQd\0\0\0Yfkdff=`\0\0v<;~5fd/$}ufEfEfEfEfEfEfEfEӊ\r\0cӋ=P\0\0\0\0\0\0@\0[\0\0\0\0\0,\nsӋ\0\0\0/X;|\t| uӋX;|TEP\0\0XȋUZUܡ\0tt*EP\0Wȋ+ZUء\0JuEPfMfUE3ZYYdhn@\0Eغ\0\0\0TME_^[]\0\0\0e\0\0\0\0\0\0ddd\0US؃=H\0u:c$ȋE\b@3+ȋd\0\0\0kd؋E\bx\0~E\bXE\bHE\b@[]ËUSVW3ۉ]ԉ]؉]܉]Mڋ}\b3Uh@\0d0d fE\0\0fE\0\0fE\0\0E\0E\0GE3EG8gu4ӋEPI\0\0\0XE܍UE EW@\0j \0\0~\bp\0EEPMӋ.\0\0OӋ\Z\0\0EPMӋ\0\0OӋ\0\0\0EPMӋ\0\0E,r\bt&tB^fEfEEEfEfEfEfE>fEfEEEfEfEfEfEfEfEEEfEfEfEfE}\0~UE\tYfEu}wo\0\0\0+ȋQd\0\0\0YfkdfEf\0\0\0\0v@E;~8fEd1fE}ufEfEfEfEfEfEfEfEOӋӋt=P\0\0\0\0\0W$@\0X\0\0\0G\0,\nsӋxT;|\t| uӋxT;|LEPGhTȋVU؋Gާt&EPGBTȋVUԋG踧uEPfMfUfEE3ZYYdh@\0EԺ\0\0\0.QIE_^[]\0\0\0\0\0\0e\0\0\0\0\0\0ddd\0SVWU$3ۃ֋\r\0uֹ@\0t3*֋\r\0uֹ@\0t\0\0\0|\t֋D$PL$\b֋E\0\0fD$\0\0fD$\b\0\0fD$\n\0\0֊\r\0ttD$PL$\n֋\0\0֊\r\0tGD$PL$֋\0\0\0֊\r\0t\ZD$PL$֋g\0\0\0}S֋\r\0uֹ@\0t3*֋\r\0uֹ@\0t\0\0\0|$f|$\0tFf|$w>f|$ufD$\0\0f|$֋fD$\nPD$PfL$fT$fD$؋Ã]_^[\0\0\0AM\0\0\0\0\0PM\0\0USVWME\0M\bI֋uֹ@\0t3*M\bI֋uֹ\0@\0t\0\0\0|\t֋EPM֋\r3\0\0fE\0\0fE\0\0fE\0\0M\bI֋tnEPM֋\0\0\0M\bI֋tCEPM֋\0\0\0M\bI֋tEPM֋z\0\0\0}SM\bI֋uֹ@\0t3*M\bI֋uֹ\0@\0t\0\0\0|f}\0t>f}w7f}ufE\0\0f}֋fEPEPfMfUfEEE_^[]\0\0\0\0\0\0AM\0\0\0\0\0PM\0\0S؋ԋ%\0\0\0u\\$\bD$T$\bZ\03($[SVQ$\0\0\0΋ԋtO;$|3Z^[ÐS؋ԋ%\0\0\0u\\$\bD$T$\b@K\03$[SVQ$\0\0\0΋ԋot,O;$|3Z^[ÐSVWQ$\0\0\0W΍T$)tN;$|3Z_^[ËS؋ԋa\0\0\0u\\$\bD$T$\b<\03$[SV؋΋ԋ\0\0\0u\\$\bD$T$\b<\03$^[ËSVW$\0\0\03D$D$L$\bԋt;N;$|L$ԋau\r׋''D$\b\bA\0r\rD$\bD$D$\bd$Ã_^[\0\0\0\0SVWU$\0\0\03D$D$VL$T$t M;$|#VL$T$u΋Ջi)D$\bA\0rD$\bD$]\0D$\bd$]\0Ã]_^[\0\0\0\0\0\0S\0j\0h\0\0\0T$\bRj\0Pj\0h\02\0\0xH~T!r\rtԋˑ\tK\0\0\0[ÐU\0SV]\bh\0\0\0\0QRPqy~I\0J\tË\"J^[]\0SVWQًjD$PVW0y~$Z_^[UQSVWM]\bSE@3ɋk;\0u\rEp_^[Y]\b\0U3QQQQQQSVW3UhA\0d0d [yE\0\0\0\0܆\0UjEPa\0JCDHyYU^IUjEPa\0JC8HVYU;IC\ru\0\0\0\0(\0C\0\0\0UUjEPb\0JE1\bYUHUjEP0b\0JE*YUHC\bu3ZYYdhA\0E\0\0\0rH@_^[]Í@\0UQSVWM]\bSE@3ɋ;\0u\rE%o_^[Y]\b\0U3QQQQQQSVWUE3UhA\0d0d \0\0\0u$UjEPa\0O׍CDH}YUHUjEPa\0׍C8H[YUF0GC\ru\0\0\0uƄ\0\0\0C\0\0\0UjEPb\0JG1YUGUjEP0b\0JG*YUFvGC\bu3ZYYdh\rA\0E\0\0\0#Gy?_^[]USV3\0\0\0tC<P\0\0uP\0U\bH\0\0\0^[]\0Uj\0SV3UhA\0d0d 3\0\0\0t,C<l\0uEU\bHE3=l\0\0\0\03ZYYdhA\0EPF>^[Y]\0@\0Uj\0V3Uh_A\0d0d EP;vtA\0\0\0\0E\0\0\0ϧƃs<jVvPhA\0t\0\0\0p\0\0JujVuPhPA\0s3ZYYdhfA\0EE >^Y]\0\0\0\0\01\0\0\0U3QQQQQSVW3UhB\bA\0d0d \0\0\0aEEPtuX\bA\0\t\0\09E\0\0\0\bD\0\0H\0tr3t5#D,Gt\Z, tETFUGCG;~\0\0ǋ*E\0\0\0D%\0\0\04a\0s.Ӌ\Z\0\0EEPMӋIUG]\0\0\0\\\bA\0D\0\0\0buǺh\bA\0bGC~l\bA\0D\0\0\0<uǺ|\bA\0<GV\bA\0D\0\0\0uǺ\bA\0GC0D,Yt, uǺ\bA\0FETEUFCF;3ZYYdhI\bA\0E\0\0\0C=<_^[]\0\0\01\0\0\0gg\0\0\0\0\0ggg\0yyyy\0\0\0\0\0\0\0eeee\0\0\0\0yy\0\0\0\0\0ee\0\0\0\0\0e\0\0\0t-\0\0\0ËUĨSVWMڋjPS*u\0\0\0uh\0\0PPru#h\0\0Ph\0PrE\t+]\\!\0\0B\0\0膯,\nA\0,\nA\0Ƌ8@\0#5t!FG؋ʮt|.t0\nA\0h\0\0\0P`z\0@Ph\0^PU~2ƅƅEƅƅƅPjU\bE*E_^[]\0\0\0\0\0\0.\0\0\0ļh\0\0\0L$Hdk\08\0t^TL\0''D$DPD$HPxj\0D$PD$L踭PD$PPjKqP}sj\0D$Pjh\nA\0j0qPbs6j@D$\bPDH\0@Ph\0\\P(}h \0\0D$\bPD$LPj\0J}D\0\0\0\0\0\0\0\0\r\n\0\0EP\rHX\0Ē@\0\0\0\0c:Ë\0V:ÐSVWt\b5ڋG\rAǄtV5d\0\0\0\0_^[ËUj\0SVWt\b4ڋ3UhA\0d0d EPUM\bUG@3ZYYdhA\0EC@8Ǆt4d\0\0\0\0_^[Y]\b\0SVWt\b]4ڋWgǄt4d\0\0\0\0_^[ËUj\0j\0SVWt\b\Z4ڋ3UhA\0d0d EPUfEUM\b\ZUG?3ZYYdhA\0E\0\0\0?7Ǆt\n4d\0\0\0\0_^[YY]\b\0USVWt\b3ڋG~?E\bG\bǄt3d\0\0\0\0_^[]\0x\0t/\rA\0\tTErrorRec\b\0\0\0\0\0\0@\0\0\0\0SV3@C\t;4Lb\0uPb\0Г@\04$D$\0Tj\0\rG\0Г@\0pYZ^[Ë\rA\0\nTExceptRec\b\0\0\0\0\0\0@\0\0\0\0SڋttJr,\0+\0#%\0\0\0lb\0H\0C:S7[ËUSVW3ۉ]]3UhA\0d0d tEi>\rU(i\0dEEEuE}E\0EPjUr\0dMؚ@\03ZYYdhA\0Eq=Ei=5_^[]É̉$m\06ËU<M\bU\b]\0\rI\08@\06Ë\0=\0\0,tY=\0\0tS-\0\0tU-\0\0\0t<HtHUq?r3t7G=\0\0t5-\0\0t(HtHt/-\0\0t%=t!ððððð\bð\tððð\rððÐS؋v%\0\0\0lb\0[UĐSV3E3UhCA\0d0d E\bX{\0uU}\0Ic\rUe\0:csjEPCP\0n}\0\0\0\0\0\0h\0\0PEPvk\0\0\0Cƅ\0\0<>臦ƅEƅƅPjm\0~b@\0ZCƅEƅƅPjf\0\"b@\0X3ZYYdhJA\0:\0\0\0:E:<3Ջ^[]ËUS3҉UE3UhA\0d0d Ew%\0\0\0Ѓ\br\btJ\ns\"lb\0H\0;UY0E\0EE\0EPj\0U;\0OaM@\0؋Ë(@\0,tEC3ZYYdhA\0E9p2[]Í@\0\0\0\09Ë\rH\0t@\0\0\ra\0@\0\0<\0\0\rA\0PO\0\0 A\0F\08@\0<N\0\0pA\0O\0\0TA\0A\0d\0A\0;\0Ë=\0\0t\Z\0@\0R3\0=\0\0t\Z\0@\0)3\0<\03҉PO\03҉F\03҉<N\03҉O\03҉d\03҉Í@\0l$\0\0\0TitPD$`\0D$`\0D$\b`\0=`\0uD$%\0\0`\0\tD$`\0`\0T$\0\0\0:Ĕ\0\0\0Ë;`\0|;`\0u\b;`\0~3ðËUS3҉U3UhA\0d0d EE8EG=EPE<P=j؅tsE3Uh}A\0d0d EPSEPE<P\0jt#EPEPhA\0EPit\tE@\bE3ZYYdhA\0E03ZYYdhA\0Ek7/E[]\0\0\0\\\0\0\0j\0qsVW3҅tf<8\0t`u\0%\0\0\04a\0sLHNN|0\0\0\0\r4a\0r+΁\0\0yIAu8%\0\0\04a\0s_^Í@\0SV3=P\0\0t;Jh^[Ð3ɀ=P\0\0tTȋÍ@\0SV؋w9;~\tl9֋\0\0\0^[ËSVW3~EH9;:=P\0\0t/\0\0\03;|$T\0\0\04a\0sЋ\0\0@G;}܋_^[USVWMU8E\0\0\0\0\0\0!FD%\0\0\04a\0s\rӋu\0\0C;]};u|;uu#;]}D%\0\0\04a\0sӋA\0\0H؋E0E\b_^[]\0@\0SVڋ3$~J[8;?~7=P\0\0t.TL$\bJ6K;\\$,8;$3$\b$$$YZ^[SVڋ3$~F7;~\t7؀=P\0\0t&TL$\bӋ7;$}7$$$YZ^[S؀=P\0\0t\nSk+[ø\0\0\0[Í@\0PkÐSVظ\0\0\0=P\0\0t\"T3\0\0\04a\0sZ9H^[Í@\0SVڋC=P\0\0t$T\0\0\04a\0s 9Hh^[Í@\0SVڋ~6;|\\u\rӋ+t3^[ð^[ÐSVWU3ۅ~-6;\"׋u8T>Ë]_^[SV؋֋\0\0\0^[ËSVڋË3n6ЋUuúA\0]6^[\0\0\0\0\0\\\0\0\0SV؋֋\0\0\0^[ËSVڋË3\Z6Ћt6J9^[ÐSVWU37P7Z\0\0؅t+G]_^[Í@\0Uj\0j\0SV3UhA\0d0d UC\0\0\0EPU5\0\0\0EZ3ZYYdhA\0E\0\0\02*^[YY]SVWU=P\0\0tm@5ǋ8\0\0\0;|[}7TTD%\0\0\04a\0sC[7TTD,\Zs>7D C;}\t׋ه]_^[SVWU=P\0\0tm4ǋ58\0\0\0;|[6TTD%\0\0\04a\0sC6TTD,\Zs6l C;}\t׋]_^[SVWU3ۅ\0\0\0>\0t|tx}\0\0tr]$SՋP?+֋UD$|$tWUWSj\0h\0\0\0n^t''|$uCCՋ؅t\r+Ƌ$+;v3ۋYZ]_^[ÐSVڋ\0\0\0tt@\t\0\0\0u^[SVWڋӋ褞t$+֋,rtGGӋ耞u܋_^[US3҉U3UhA\0d2d\"jURh\0\0P_EU\0\0\02EP^X̑3ZYYdh#A\0E/c([]ËUQSVW}\bWD\0tP^3)D7\\7*r\ZCEE%\0\0\04a\0Eu}\nD7\nD7u_^[Y]áH\0w4c\0Í@\0UhSVWD\0\t\0\0H\0\t\0\0\0L\0\0\0\0M_tD\0ftf҉H\0\nL\0A\04a\0\b\0\0\0=`\0\0\0\0mtQ\0\0P\0\0\0\0\0UY4a\0A\0 ÈP\0tQ\0\0\0\0\0\0\0\0l@B=\0\0\0uljRh\0\0\0PjD\0PC^\0\0\0jf:\rQ\0u6Hu.jJhQ\0j*hÈP\0tU>Y_^[]\0\0\0\0\0\0\0\0\0\0\0\0\0\0\0\0\0\0\0\0\0\0\0\0\0\0\0\0\0\0\0\0\0\0U\b\0\0\0j\0j\0IuS3Uh A\0d0d id=P\0\0tz]؍EP3ɺ\0\0\0U𸄆\0-EP A\0\0\0\0kE3=\0EP A\0\0\0\0GE3\0,\0\0\0v\0.\0\0\0c\0EP A\0\0\0\0E3ώ\0/\0\0\0,\0EP!A\0\0\0\0E܍U?Uฐ\0-EP!A\0 \0\0\0EԍUUظ\0,:\0\0\0\0EP,!A\0(\0\0\0YUи\0,EP8!A\0)\0\0\07U̸\0,E2,E*,EP A\0%\0\0\0E3׍uED!A\0,\rEP!A\0,EP A\0#\0\0\0E3蘍u?EP A\0\0\0E3uuE\\!A\00,\rEl!A\0!,uuh|!A\0u\0\0\0\0/uuh!A\0u\0\0\0\0.,\0\0\0}R\03ZYYdh A\0E\0\0\0F+#[]\0\0\0\00\0\0\0\0\0\0m/d/yy\0\0\0\0\0mmmm d, yyyy\0\0\0\0\0\0\0am\0\0\0\0\0pm\0\0\0\0\0h\0\0\0\0\0\0hh\0\0\0\0\0 AMPM\0\0\0\0\0\0AMPM \0\0\0\0\0\0:mm\0\0\0\0:mm:ss\0\0U\b\0\0\0j\0j\0IuSVW3UhC$A\0d0d jW[tWZ؋֋0EP3ɺ\0\0\0UF\bg*EP\\$A\0\0\0\0E3EP\\$A\0\0\0\0E3蟋F,\0\0\0F.\0\0\0FEP\\$A\0\0\0\0E3[F/\0\0\0FEPh$A\0\0\0\0VE܍UUF)EPx$A\0 \0\0\0+EԍUU؍Fy):\0\0\0SFEP$A\0(\0\0\0UЍFH)EP$A\0)\0\0\0U̍F()E(E(EP\\$A\0%\0\0\0E3quE$A\0,)\rE$A\0)EP\\$A\0#\0\0\0`E32u?EP\\$A\0\0\0=E3uE$A\0(\rE$A\0(uuh$A\0uF\0\0\0+uuh$A\0uF \0\0\0+,\0\0\0F3ZYYdhJ$A\0E\0\0\0''< _^[]\0\0\0\0\0\00\0\0\0\0\0\0m/d/yy\0\0\0\0\0mmmm d, yyyy\0\0\0\0\0\0\0am\0\0\0\0\0pm\0\0\0\0\0h\0\0\0\0\0\0hh\0\0\0\0\0 AMPM\0\0\0\0\0\0AMPM \0\0\0\0\0\0:mm\0\0\0\0:mm:ss\0\0Uj\0j\0j\0j\0j\0SVWM؋u\b3Uh&A\0d0d EtU|U|EZ''EP''EF''&\0\0\0UE؅uƋU{)}6EPI\0\0\0E+uuƺ\0\0\0\t*EP>)ӹE+EuƋU%)''EPE)ӹE^+}\0f3ZYYdh&A\0E\0\0\0&h_^[]\b\0%K\0US3E3Uh&A\0d0d )U؅t7]E\0UBEEEEPj\r<h\0@\0\rv\0@\0JЉZ3ZYYdh&A\0EE%[]S؅uX[S8c\0Stu[ËS8c\0\b\0\0\0;\0u[Ð3P3P\b3PË3P3P\b3PÐ\rB\08@\0)SVWN\08\0t$j\nh''A\0N\0\0P''SPN\0\0PiU13r\0t#j\nh''A\0~WRPW@Uuu_^[\0\0DVCLAL\0\0SVWUQ؅tV7><c\0Lc\0;2u;t;ru;Gt;r\bu;G\bt3$SR<$\0u\r-Hc\0Z]_^[;@c\0t\r;Dc\0tÐSh(A\0ES؅th(A\0SLSXa\0=Xa\0\0u\n@\0Xa\0[\0\0kernel32.dll\0\0\0\0GetDiskFreeSpaceExA\0\0\0\0@úHÇÍ@\0ËSVWUڋ3l3Dtŋm\0\0uFuދӀ~]_^[Í@\0UQQfEE2E$Y]SVWUQ$Q3Ëlm\0t;uuu8M\0\0\0u+\0\0\0qvuE\bm\03ÍDE\0$(Z]_^[Ð3ɉH3҉P\bÐS؋V%\0\0\0\\t$C\b=t\n$QCu܋[ÐSVt\b:ڋ3ҋF\0\0j\0jjj\0}OFj\0j\0j\0j\0mOFFԝ@\0_F Ƅt=d\0\0\0\0^[ËSV5ڋz\0\0\0ӀBFPNFPNF 8~^[Ë@PRË@PRË@PRËPR@PSËPR@PRËSVWUQP;w$t|o(ԋG $x\0Ät\"GiG\0\0ztG\0b=\0\0uԋHt\bG4w$G(H;GZ]_^[SQ؋ԋC K{\0u 3C$C\0\0\b$x\0u\nԋC Z[Í@\0SVQԋF =$@$xO;F$t=u9$F~=\0\0uj\0Ff~Z^[ËSQ؋ԋC $H$x\0uHԋC 1N;C$t4Cȁ\0\0u\t2\0\0uZ[Ë3ɉ\bËSVW؅tWVSt3_^[ËUj\0SVW3Uhw-A\0d0d t9E@Ⱥ-A\0ntϋ֋Euϋ֋Ou33ZYYdh~-A\0Ez@\b_^[Y]\0\0\0\0\0\0\0\0\0\0\0\0\0\0\0\0FUj\0SV3Uh-A\0d0d E7@ȋ֋<3ZYYdh-A\0E@^[Y]ËUSROE3Uh^.A\0d0d }3Uh@.A\0d0d \"PNE3ZYYdhG.A\0m?3ZYYdhe.A\0EP+O!E[]Í@\0\0\0\00c\0d\0(c\0`U\0 c\0;\0c\0(i\0c\0tl\0\bc\0I\0\0c\00T\0b\07\0b\0Y\0b\0]\0b\0Q\0b\0Q\0b\0|t\0b\0Q\0b\0\b{\0b\0a\0b\0_\0b\0{\0b\0v\0b\0\bS\0b\0t\0b\0\\u\0b\0H\0xb\00C\0pb\0_\0hb\0h\0`b\08\0Xb\0xt\0Pb\0|R\0(\0\0\0Hb\0Ds\0\0\0\0\0Db\0@<\0\0\0\0\0@b\0g\0\0\0\0\0<b\08\0\0\0\0\08b\0F\0\0\0\0\04b\0E\0\0\0\0\00b\0x=\0\0\0\0\0,b\0xR\0\0\0\0\0(b\0a\0\0\0\0\0$b\0E\0\0\0\0\0 b\0p^\0\0\0\0\0b\0k\0\0\0\0\0b\0\\k\0\0\0\0\0b\0c\0\0\0\0\0b\0\bQ\0\0\0\0\0b\0L\0\0\0\0\0\bb\08\0\0\0\0\0b\0j\0\0\0\0\0\0b\00\\\0\0\0\0\0a\0K\0\0\0\0\0a\0|Y\0\0\0\0\0a\0T`\0\0\0\0\0a\0dZ\0\0\0\0\0a\0N\0\0\0\0\0a\08\0\0\0\0\0a\0T\0\0\0\0\0a\0u\0\0\0\0\0a\0\br\0\0\0\0\0a\0l^\0\0\0\0\0a\0H\0\0\0\0\0a\09\0\0\0\0\0a\0p\0\0\0\0\0a\0}\0\0\0\0\0a\0h>\0\0\0\0\0a\07\0\0\0\0\0a\0s\0\0\0\0\0a\0h^\0\0\0\0\0a\0y\0\0\0\0\0a\0S\0\0\0\0\0a\0DI\0\0\0\0\0U3Uh2A\0d0d \0J\0\0\0eCb\0\0\0\0\rA\0\Z)Lb\0\0\0\0\rA\0)`a\0\0\0\0@\0(Ta\0J\Z\0@\0\n5\0@\04T\0\0\0\0@\0((\0\0\0\0@\0(\0\0\0\0@\0(܆\0\0\0\0@\0r(\0\0\0\0@\0](\0\0\0\0\0\0\0{`\0q`\0 `\0]3ZYYdh2A\0]ËU3Uh(3A\0d0d -\0s@p.A\0\\/A\0*=e\0\0tTa\0<3A\0R%$C3ZYYdh/3A\0W]\0\0\0\0\0\00x\0\0%K\0%K\0%K\0%K\0%K\0U}\0\0\0t@\0fEPfEPEPE\bP]\0U@\0]\b\0U@\0]\0U@\0]\0Uj\0S3Uh4A\0d0d }\0\0\0t@\0 EU\b\ZEUydd\03ZYYdh4A\0Ei[Y]\0@\0Uj\0S3Uh4A\0d0d }\0\0\0t@\0 EU\ba\ZEU辜dd\03ZYYdh4A\0E[Y]\0@\0Uj\0S3Uh4A\0d0d }\0\0\0t@\0 EU\bEU&dd\03ZYYdh4A\0E[Y]\0@\0Uj\0S3UhZ5A\0d0d }\0\0\0t@\0 EU\bEUFdd\03ZYYdha5A\0E%[Y]\0@\0Uj\0S3Uh5A\0d0d }\0\0\0t@\0 EU\bEUdd\03ZYYdh5A\0E?[Y]\0@\0US3E3UhE6A\0d0d }\0\0\0t@\0-EU\bEUTydd\0}Uf3ZYYdhL6A\0E:[YY]\0@\0Uj\0SEt3҉3Uh6A\0d0d }\0\0\0t@\0uu\bE{UE33ZYYdh6A\0EM\r[Y]\0Uj\0SEt3҉3Uh(7A\0d0d }\0\0\0t@\0uu\bEGUE 33ZYYdh/7A\0EW\r[Y]\0Uj\0SEt3҉3Uh7A\0d0d }\0\0\0t@\0f}\b@M3xUE33ZYYdh7A\0Ei[Y]\0%K\0%K\0%K\0%K\0%K\0%K\0%K\0%K\0USڋӋM\by\0tPE\b@PCЅuӋ[]ÐUQh:A\0CEUh3A\0 :A\0Y\0U3A\04:A\0Y\0U3A\0<:A\0Y\0U3A\0D:A\0qY\0U3A\0L:A\0[Y\0U3A\0T:A\0EY\0U3A\0\\:A\0/Y\0U3A\0d:A\0Y\0U3A\0l:A\0Yć\0U3A\0t:A\0Yȇ\0U3A\0|:A\0Ẏ\0U3A\0:A\0YЇ\0U3A\0:A\0Yԇ\0U3A\0:A\0Y؇\0U(4A\0:A\0Y܇\0U4A\0:A\0iY\0U\05A\0:A\0SY\0Ul5A\0:A\0=Y\0U5A\0:A\0''Y\0UX6A\0:A\0Y\0U6A\0;A\0Y\0U87A\0;A\0Y\0Y]oleaut32.dll\0\0\0\0VariantChangeTypeEx\0VarNeg\0\0VarNot\0\0VarAdd\0\0VarSub\0\0VarMul\0\0VarDiv\0\0VarIdiv\0VarMod\0\0VarAnd\0\0VarOr\0\0\0VarXor\0\0VarCmp\0\0VarI4FromStr\0\0\0\0VarR4FromStr\0\0\0\0VarR8FromStr\0\0\0\0VarDateFromStr\0\0VarCyFromStr\0\0\0\0VarBoolFromStr\0\0VarBstrFromCy\0\0\0VarBstrFromDate\0VarBstrFromBool\0U3UhI;A\0d0d \03ZYYdhP;A\06\t]Ë-\0sÐ̃D$D$\0 D$p\0\0D$r\0\0e;A\0r;A\0|;A\0\0\0\0\0\0\0\0\0\0\0\0\0\0\0\0\0\0F;A\0\b\0\0\0\0\0\0\0\0<A\0;A\0\0\0\0\0\0\0\0\0\0\0\0\0\0\0\0\0\0\0\0\0\0\0\0\0<<A\0\0\0\0@\08?@\0D?@\0H?@\0L?@\0@?@\0<@\0<@\0A\0A\0@A\0tA\0TA\0A\0<A\0A\0A\0A\0`.@\0`.@\0A\0A\0pA\0dA\0TCustomVariantTypeT<A\0TCustomVariantType\0<A\0(@\0\0\0\bVariants\0\0@\0<A\0\rTVarDataArray\0\0\0\0\0\0\0\0\0\0\0\bVariants̃P\0@@$ÃP\0@D$ÃP\0@H$ÃP\0@L$ÃD$D$\0 D$\0\0D$\0\0<A\0<A\0<A\0<A\0<A\0<A\0<A\0\0\0\0R\\˻AX-=A\0\0\0\0\0\0\0\0=A\0 =A\0\0\0\0\0\0\0\0\0\0\0\0\0\0\0\0\0\0\0\0\0\0\0\0\0=A\0\0\0\0;A\08?@\0D?@\0H?@\0L?@\0@?@\0<@\0<@\0A\0A\0@A\0tA\0TA\0`A\0<A\0A\0A\0A\0`.@\0`.@\0A\0A\0pA\0dA\0LA\0$A\00A\0A\0A\0TInvokeableVariantType@>A\0\0\0\0\0\0\0\0\0\0\0\0\0\0\0\0\0\0\0\0\0\0\0\0\0\0\0\0\0@>A\0\0\0\0|@\08?@\0D?@\0H?@\0L?@\0@?@\0<@\0<@\0<@\0EVariantInvalidOpError>A\0\0\0\0\0\0\0\0\0\0\0\0\0\0\0\0\0\0\0\0\0\0\0\0\0\0\0\0\0>A\0\0\0\0|@\08?@\0D?@\0H?@\0L?@\0@?@\0<@\0<@\0<@\0EVariantTypeCastError\b?A\0\0\0\0\0\0\0\0\0\0\0\0\0\0\0\0\0\0\0\0\0\0\0\0\0\0\0\0\0\b?A\0\0\0\0|@\08?@\0D?@\0H?@\0L?@\0@?@\0<@\0<@\0<@\0EVariantOverflowErrorl?A\0\0\0\0\0\0\0\0\0\0\0\0\0\0\0\0\0\0\0\0\0\0\0\0\0\0\0\0\0l?A\0\0\0\0|@\08?@\0D?@\0H?@\0L?@\0@?@\0<@\0<@\0<@\0EVariantInvalidArgError?A\0\0\0\0\0\0\0\0\0\0\0\0\0\0\0\0\0\0\0\0\0\0\0\0\0\0\0\0\0?A\0\0\0\0|@\08?@\0D?@\0H?@\0L?@\0@?@\0<@\0<@\0<@\0EVariantBadVarTypeError4@A\0\0\0\0\0\0\0\0\0\0\0\0\0\0\0\0\0\0\0\0\0\0\0\0\0\0\0\0\04@A\0\0\0\0|@\08?@\0D?@\0H?@\0L?@\0@?@\0<@\0<@\0<@\0EVariantBadIndexError@A\0\0\0\0\0\0\0\0\0\0\0\0\0\0\0\0\0\0\0\0\0\0\0\0\0\0\0\0\0@A\0\0\0\0|@\08?@\0D?@\0H?@\0L?@\0@?@\0<@\0<@\0<@\0EVariantArrayLockedError@\0\0AA\0\0\0\0\0\0\0\0\0\0\0\0\0\0\0\0\0\0\0\0\0\0\0\0\0\0\0\0\0\0AA\0\0\0\0|@\08?@\0D?@\0H?@\0L?@\0@?@\0<@\0<@\0<@\0EVariantArrayCreateError@\0hAA\0\0\0\0\0\0\0\0\0\0\0\0\0\0\0\0\0\0\0\0\0\0\0\0\0\0\0\0\0hAA\0\0\0\0|@\08?@\0D?@\0H?@\0L?@\0@?@\0<@\0<@\0<@\0EVariantNotImplError@\0AA\0\0\0\0\0\0\0\0\0\0\0\0\0\0\0\0\0\0\0\0\0\0\0\0\0\0\0\0\0AA\0\0\0\0|@\08?@\0D?@\0H?@\0L?@\0@?@\0<@\0<@\0<@\0EVariantOutOfMemoryError@\04BA\0\0\0\0\0\0\0\0\0\0\0\0\0\0\0\0\0\0\0\0\0\0\0\0\0\0\0\0\04BA\0\0\0\0|@\08?@\0D?@\0H?@\0L?@\0@?@\0<@\0<@\0<@\0EVariantUnexpectedErrorBA\0\0\0\0\0\0\0\0\0\0\0\0\0\0\0\0\0\0\0\0\0\0\0\0\0\0\0\0\0BA\0\0\0\0|@\08?@\0D?@\0H?@\0L?@\0@?@\0<@\0<@\0<@\0EVariantDispatchErrorBA\0\0\0\0\0\0\0\0\0\0\0\0\0\0\0\0\0\0\0\0\0\0\0\0\0\0\0\0\0BA\0\0\0\0=A\08?@\0D?@\0H?@\0L?@\0@?@\0<@\0<@\0<@\0\ZEVariantInvalidNullOpErrorUj\03UhbCA\0d0d U]\0/MX>A\043ZYYdhiCA\0E\bY]USV3ɉMMM3UhCA\0d0d UQp\0\0EEEU=p\0\0EEEEPjU䡄8\0T/MX>A\03ZYYdhDA\0E\0\0\0.\b\0^[]Uj\03UhRDA\0d0d UY\0.M=A\0D3ZYYdhYDA\0E-\0Y]Uj\03UhDA\0d0d U^\0.MBA\0\03ZYYdhDA\0E_Y]USV3ɉMMM3Uh?EA\0d0d U\ro\0\0EEEUn\0\0EEEEPjUd\0.M>A\0I\\\03ZYYdhFEA\0E\0\0\0@^[]Uj\03UhEA\0d0d U0T\0-M@A\0\0\03ZYYdhEA\0EoY]U\b\0\0\0j\0j\0IuS3UhGA\0d0d =\n\09\0\0\0=\0tW-@\0\0\0\0-\0\0\\\0\0z\0\0-\b\0t?Htbk\0\0-\0\0\0\0\0\0\0-\0\0\0\0\0I\0\0\0>\0\0\0\0UXu\0,M?A\0&^\0\0T\0\0U@\0,M>A\0.\0\0Utl\0,M?A\0\b\0\0U{\0^,ML@A\0[\0\0\0UP`\08,MAA\05\0\0\0U衐H\0,MAA\0^\0\0\0U䡘I\0+M ?A\08sUࡸ@\0+MAA\0Pu\0\0EE]E\0UċEĉEEEPjUpT\0w+M|@\03ZYYdhGA\0E\0\0\0QE\b\0\0\0D[]Í@\0tËSt,؁\0tt\rMo[ÐSVE@\02t΋Ӹ\n\0^[ L@\0\rt΋Ӹ\n\02@\0t΋Ӹ\0[Ћ^[Uj\03UhIA\0d0d U7\0H*MLBA\0E3ZYYdh\tIA\0E}Y]S؋\0\0f\0[Í@\0USM\b\0T]\b;\0Ht}[]ÐUSVM\b\0M\bًu\b\0u\b;\0\"u3\ZU\bU\b\0U\bRHYЋ^[]ÐUSVW@ u\nW\0 f\0ff\"\0\0@t@\b\0@\b\0K|kC3\0ƉPGPPTPGPP@s+PBG\bKuK|\ZC\0\b\n\bKuUKLYt*P\0PP\0\0\0UEYuP,_^[]SVQf3fs\rS[f\0uf\0\0C\b\0Efu\n\04f\0 t\t4$ԋ蹆\0\0tӋ$\bQ$SVZ^[Ëf\0uf\0\0\0rÐPXUSV]f;@uEPEPC\bPE\bP\0\0\0}\b\0u3EEP;EE3UhLA\0d0d f3=\0\0t\ttt--\t@\0\0tu!=\0\0tBEPEPSEP\0*Uх\0\0tEPEPˋUES}3ZYYdhLA\0}\0tEЋE\b%\0\0E^[]Í@\0USM\b\0T]\b;\0Ht}[]ÐUSVM\b\0M\bًu\b\0u\b;\0\"u3\ZU\bU\b\0U\bRHYЋ^[]ÐUSVWډC u\nW\0zfffs\0\0@t\rC\b\0\tC\b\0K|kC3\0ƉPGPPPGPP+PBG\bKu\0PPjiuKf\0 p\bK|\ZC\0\b\n\bKuUK#YtLP\0PP$/P\0PVЋUYuSPB_^[]Ë\0\0\0ËSVWQftf>fsVSyf\0uf\03C\bC\bV\b[fuf;F\bC\b\0Af\0 tOA\0֋*ԋ蓂\0\0tj\0΋ӋD$S(VS*Z_^[ÐSVڋ;t6fu&ft9CFC\bF\bCF\tӋ^[ÐSV;tVS,^[Ò&9\0\0Ð\0\0ËSVQڋf\0\0tjˋ֋D$S(\tӋZ^[ÐUj\0SVڋ3UhARA\0d0d fЁg\0\0$PA\0\rRA\0\rRA\0QA\0QA\0(QA\09QA\0JQA\0[QA\0lQA\0RA\0\rRA\0QA\0QA\0RA\0\rRA\0\rRA\0QA\0QA\0QA\0QA\0QA\0ƋS\b?\0\0\0\0ƋS\b?\0\0\0\0C\b\0A\0\0\0\0\0C\b\0A\0\0\0\0\0C\b(A\0\0\0\0\0C\b\0aA\0\0\0\0\0UU\0B\0\0\0\0\0ƋS\bffA\0\0\0\0\0ƋS\b?\0\0|ƋS\b>\0\0kƋS\b>\0\0ZƋS\b>\0\0JC\bP\0RP?\0\07C\bЋP\0\0\0)Ӌ\t t<PA\0Ӌ0\tӋ3ZYYdhHRA\0E$>^[Y]Í@\0B@uuËSV؋B\b+f\b\0s\b^[ËUSVW؍EP3UhRA\0d0d ֍EE\0ύUB\0\03ZYYdhRA\0E_^[]ËUj\0S3Uh6SA\0d0d EJ6\0\0ËU`@\0\03ZYYdh=SA\0E/\0I[Y]Í@\0Uj\0S3UhSA\0d0d E.\0\0ËU?\0\03ZYYdhSA\0E[Y]Í@\0Uj\0S3UhSA\0d0d EV<\0\0ËU,@\0\03ZYYdhSA\0E#\Z[Y]Í@\0Uj\0S3Uh\ZTA\0d0d E>;\0\0ËU?\0\03ZYYdh!TA\0Ee[Y]Í@\0SVWڋfffr-Ӌǹ\b\0\0\0\0\0\0Vj\0h\0\0\0WWp\0\0f3ffsVj\0h\0\0\0SWp\0\0fh_^[Í@\0SVWUQڋf+fu\rӋǋCԋi}\0\0tVˋ׋D$S&ԋL}\0\0tˋ׋$SӋǋZ]_^[ÐSVڋf;uӋ^[f=@uC\bЋ\0\0у\0\0$YUA\0UA\0UA\0UA\0UA\0VA\0(VA\0BVA\0\\VA\0vVA\0VA\0WA\0VA\0WA\0WA\0WA\0WA\0VA\0VA\0VA\0VA\0VA\0f;u=td\0\0t3f\0n\0\0b\0\0-V\0\0\b\0\0Ћ;\0\0A\0\0\0\0Ћ:\0\0,\0\0/\0\0$;\0\0\0\0}\0\0$;\0\0\0\0\0;%\0\0<$;\0\0\0\0\0\0\0$<\0\0\0\0\0Ӌy\0\0\0\r\0\0Ћ<\0\0\0\0\0\0\0Ћ:\0\0\0\0\0#\0\0Ћn:\0\0z\b\0\0Ћ|:\0\0hw\t\0\0Ћ:\0\0V\0\0RP:\0\0DӋ9Ӌ.с\0\0\0tJt\rӋ f=\tӋn^[Í@\0Uj\0j\0j\0S3UhWA\0d0d ӍE1\0\0EPj\0h\0\0\0EPDy\0\0ЋЁ\0t\nu+5EUEUBVu\0\0Eff\0;3ZYYdhWA\0E*EE[]ËST@jj\0h\0\0\0SD$Pp\0\0ff\0D$\b[Í@\0US؍EP3UhXA\0d0d ӍEvE\0Em\0\0\0E3ZYYdhXA\0E!E[]ÐSVWfy\0\0؄t!D$Pj΍T$\bD$0VD$Ã_^[USVWE3Uh\\A\0d2d\"Ef\0Ѓ\0\0$YA\0_YA\0iYA\0YA\0YA\0YA\0YA\0YA\0ZA\00ZA\0ZA\0ZA\0@ZA\0ZA\0ZA\0ZA\0ZA\0OZA\0^ZA\0mZA\0|ZA\0ZA\03E\0\0=td\0\0t\rf\0f\03Ef\0\0E@\bEW\0\0E@\bEI\0\0E@\bP;XtqE(\0\0E@\b^P;XtPE\0\0Eh\b5$]A\07P;Xt)E\0\0E@\bP;Xt\bE\0\0E\bE\0\0E@\bE\0\0E@\bE\0\0E@\bE\0\0E@\bEs\0\0E@\byE\\\0\0EP@\bP;XtE=\0\0E@\bE*\0\0E''E\Z\0\0Uf\0tft EPE\0\0E0E\0\0U@\0\0U%\0\0$/[A\0\\A\0\\A\0[A\0[A\0[A\0[A\0[A\0\\A\06\\A\0\\A\0\\A\0F\\A\0\\A\0\\A\0\\A\0\\A\0W\\A\0h\\A\0v\\A\0\\A\0\\A\0E@\b\0E[\0\0E@\b\0EK\0\0E@\b\0P;XtqE(\0\0E@\b\0\\P;XtNE\0\0E@\b(5$]A\03P;Xt%E\0\0\0E@\b\0P;XtE\0\0\0EE\0\0\0E@\b\0E\0\0\0E@\b\0E\0\0\0E@\b\0EyE@\b\0EkE@\b\0yEUE@\bP\0P;Xt}E7E@\bE''E$E\ZUEuE\bE3ZYYdEf\0f\0''3EE_^[YY]\0\0\0\0@FUQSVWEEf\0frtf\nt&ft(.3}=td\0\0t\rf\0f\03c][\b[][\bS3Uh]A\0d0d EF؁À\0\0\0\0\0\0vÀ3ZYYdEf\0f\0l3-_^[Y]ÐUQSVWEEf\0frtf\nt&ft(.3t=td\0\0t\rf\0f\0T3Z][\bR][\bJ3Uh[^A\0d0d E؁\0\0\0v3ZYYdpEf\0f\03_^[Y]ËUQSVWEE\0\0\0\0^A\0$^A\0\0\0\0\0\0\0\0\0\0\0\0\0_A\0^A\0^A\0^A\0^A\0_A\0_A\03\0\0\0=td\0\0t\rf\0f\0{3z]f[\bq]f[\bh][\b_][\bV3UhT_A\0d0d E؁\0\0\0\0\0v\03ZYYdwEf\0f\03_^[Y]ÐUQSVWEE\0wq_A\0$_A\0\0\0\0\0\0\0\0\0\0\0\0\0\0\0_A\0_A\0_A\0_A\0_A\0_A\03=td\0\0t\rf\0f\03e]f[\b\\][\bS]f[\bJ3Uh-`A\0d0d E؁\0\0v\r3ZYYdEf\0f\03_^[Y]UQSVWEE\0\0\0\0v`A\0$`A\0\0\0\0\0\0\0\0\0\0\0\0\0\0\0`A\0`A\0`A\0`A\0`A\0`A\0`A\03\0\0\0=td\0\0t\rf\0f\03i][\b`][\bW][\bN][\bF3UhaA\0d0d E\0\0t''3ZYYdEf\0f\03_^[Y]S؍D$\bPjj\0h\0\0\0SD$Pp\0\0ЅuD$$T$ejj\0h\0\0\0SD$Pp\0\0ЅuD$$T$7=\0u\0\03҉$T$ff\08$\0\0\0\0D$\0\0\0\0$T$[ÐUS3҉UU3UhbA\0d0d ӍES''\0\0EUEU]L\0\0\0EPj\0h\0\0\0EPDy\0\0ЅuEEUaEPj\0h\0\0\0EPL`\0\0ЅuEEU5=\0u\0\03҉EU\Zff\0ZE\0\0\0\0E\0\0\0\03ZYYdhbA\0E;EEU[]US؍EPJ3Uh;cA\0d0d ӍEE\0E}\0\0\0EU3ZYYdhBcA\0EjDEU[]Í@\0SVWfn\0\0؄t(D$Pj΍T$\bD$0VD$D$GÃ_^[ÐUSVWE3UhgA\0d2d\"Ef\0Ѓ\0\0$cA\0#dA\06dA\0_dA\0rdA\0dA\0dA\0dA\0dA\0dA\0eA\0eA\0dA\0jeA\0eA\0eA\0eA\0\beA\0eA\0/eA\0CeA\0VeA\0E\0\0\0\0E\0\0\0\0h\0\0=td\0\0t\rf\0f\0 E\0\0\0\0E\0\0\0\0?\0\0E@\bEU,\0\0E@\bEU\Z\0\0E@\bEU\0\0E@\bEU\0\0Eh\b5gA\0oEU\0\0E@\bYEU\0\0EEU\0\0E@\bEU\0\0E@\bEU\0\0E@\b3҉EUo\0\0E@\b3҉EU[\0\0E@\b3҉EUH\0\0EP\bUPU4\0\0E@\b''EU\0\0EEU\0\0Uf\0tft&E6EU\0\0E#EU\0\0U@\0\0U%\0\0$eA\0qgA\0qgA\0GfA\0\\fA\0pfA\0fA\0fA\0fA\0fA\0qgA\0qgA\0fA\0^gA\0qgA\0qgA\0qgA\0fA\0gA\0&gA\09gA\0KgA\0E@\b\0EUB\0\0E@\b\0EU.\0\0E@\b\0EU\0\0E@\b\0EU\0\0\0E@\b(5gA\0}EU\0\0\0E@\b\0eEU\0\0\0EEU\0\0\0E@\b\0EU\0\0\0E@\b\0EU\0\0\0E@\b\03҉EUxE@\b\03҉EUeE@\b\03҉EUSE@\bUPU@E@\b3EU-EEUUEuEEU3ZYYd''#Ef\0f\0xE\0\0\0\0E\0\0\0\0-EU_^[]\0@FUS3҉UU3UhhA\0d0d ӍEW!\0\0EPj\0h\0\0\0EP,\\\0\0ЋЁ\0tu:f}@E9EUmEUGuff\0\0ff\03ZYYdhhA\0EvEE[]ËSTjj\0h\0\0\0SD$Pp\0\0ff\0(f|$\b@[ËUS؍EPF3Uh<iA\0d0d ӍEE\0Eu\0\0\0E3ZYYdhCiA\0EiCE[]ÐSVWfh\0\0؄t&D$Pj΍T$\bD$0Vf|$@Ã_^[Í@\0SQfЃz\0\0$iA\0jA\0jA\0.jA\0<jA\0IjA\0^jA\0sjA\0jA\0jA\0kA\0%kA\0jA\0kA\0kA\0%kA\0%kA\0jA\0jA\0jA\0jA\0jA\0$\0\0\0=td\0\0t\rf\0f\0G$\0\0\0f{\b\0$\0\0{\b\0$\0\0C\blA\0$x\0\0C\blA\0$c\0\0k\blA\0$N\0\0C\blA\0$9\0\0<$*\0\0f{\b@$\Z\0\0{\b\0$\r\0\0{\b\0$\0\0\0f{\b\0$\0\0{\b\0$\0\0{\0u{\b\0$\0\0C\b$\0\0$\0\0f\0tft$\0\0$\0\0@c\0\0%F\0\0$tkA\0lA\0lA\0kA\0kA\0kA\0kA\0lA\0,lA\0ClA\0lA\0lA\0RlA\0lA\0lA\0lA\0lA\0alA\0mlA\0ylA\0lA\0lA\0C\bf8\0$\0\0\0C\b8\0$\0\0\0C\b\0lA\0$\0\0\0C\b\0lA\0$\0\0\0C\b(lA\0$\0\0\0C\b\0lA\0$\0\0\0$\0\0\0C\bf8@$uC\b8\0$iC\b8\0$]C\bf8\0$PC\b8\0$DC\bx\0u8\0$0C\b$#$ԋu\n$$Z[\0\0\0\0US3҉UU3UhmA\0d0d ӍEK\0\0EPj\0h\0\0\0EPL`\0\0ЋЁ\0t\nu8BEUlEUct\tm]ff\0\0ff\0}3ZYYdhmA\0ElEE[]S؍D$\bPjj\0h\0\0\0SD$Pp\0\0ff\0D$$D$D$$[ÐUS؍EP23UhQnA\0d0d ӍEE\0Eu\0\0\0]3ZYYdhXnA\0ET.E[]SVWfc\0\0؄t(D$Pj΍T$\bD$0VD$D$GÃ_^[ÐSfЃ\0\0$nA\0oA\0*oA\0NoA\0ZoA\0foA\0roA\0oA\0oA\0oA\0DpA\0TpA\0oA\03pA\0DpA\0TpA\0TpA\0oA\0oA\0oA\0\rpA\0''pA\03$D$\0\0=td\0\0t\rf\0f\0,3$D$\0\0C\b$\0\0C\b$\0\0C\b$\0\0C\b$CD$\0\0k\b5$rA\0$\0\0C\b$CD$q\0\0=$a\0\0C\bD$\bD$\b$L\0\0C\bD$\bD$\b$7\0\03C\bD$\bD$\b$!\0\0C\bD$\bD$\b$\0\0C\bD$3D$l$$\0\0k\b$\0\0C\bq$\0\0e$\0\0f\0tft $\0\0$\0\0@t\0\0%V\0\0$pA\0qA\0qA\0pA\0qA\0qA\0#qA\07qA\0KqA\0_qA\0qA\0qA\0oqA\0qA\0qA\0qA\0qA\0qA\0qA\0qA\0qA\0qA\0C\b\0$\0\0C\b\0$\0\0C\b\0$\0\0\0C\b$PT$\0\0\0C\b(5$rA\0$\0\0\0C\b$PT$\0\0\0$\0\0\0C\b\0D$\bD$\b$\0\0\0C\b\0D$\bD$\b$C\b\0D$\bD$\b$kC\b\0D$\bD$\b$WC\b\0D$3D$l$$>C\b($3C\b$%$ԋVu$$[\0\0\0\0@FS؋w<$,$[Í@\0USVWEE\0&\0\0$frA\0rA\0rA\0rA\0rA\0sA\0sA\0sA\0sA\0sA\0sA\0sA\0sA\0sA\0sA\0sA\0sA\0&sA\0<sA\0OsA\0bsA\0ysA\03E\0\0=td\0\0t\rf\0f\03E\0\0\0E@\b]\0\0\0E@\b]\0\0\0E@\bE\0\0\0E@\bEE]\0\0\0E@\bEE]\0\0\0E@\bEE]xE@\bEE]eE@\bE3Em]NEh\b]B3UhsA\0d0d E]3ZYYd\"Ef\0f\0w3E5E_^[]Í@\0US3҉UUU3UhtA\0d0d ӍE`\0\0EPj\0h\0\0\0EPI\0\0ЋЁ\0t\nuWaEUEUuGEUgEU\\tEEEEff\0\0ff\0s3ZYYdhtA\0E\0\0\0EE[]ÐUS؍EPnfE\0E\bEEEjj\0h\0\0\0EPEPp\0\0ff\0EEEEE[]\b\0S؍D$\bPjj\0h\0\0\0SD$Pp\0\0ff\0D$$D$D$$[ÐUS؍EP½3UhuA\0d0d ӍE:E\0Eu\0\0\0]3ZYYdhuA\0EE[]SVWfX\\\0\0؄t(D$PLj΍T$\bD$0VD$D$GÃ_^[ÐSfЃ\0\0$8vA\0vA\0vA\0vA\0vA\0vA\0vA\0vA\0vA\0vA\0wA\0wA\0\bwA\0wA\0wA\0wA\0wA\0wA\02wA\0HwA\0]wA\0wwA\03$D$\0\0=td\0\0t\rf\0f\03$D$\0\0C\b$\0\0C\b$\0\0C$|\0\0C\b$CD$j\0\0$Z\0\0C\bD$\bD$\b$E\0\0C\bD$\bD$\b$0\0\03C\bD$\bD$\b$\Z\0\0C\bD$\bD$\b$\0\0C\bD$3D$l$$\0\0k\b$8$\0\0C\b$\0\0w$\0\0f\0tft $\0\0$\0\0@_\0\0%A\0\0$xA\0=yA\0=yA\0WxA\0exA\0sxA\0sxA\0sxA\0xA\0xA\0=yA\0=yA\0xA\0/yA\0=yA\0=yA\0=yA\0xA\0xA\0xA\0xA\0yA\0C\b\0$\0\0\0C\b\0$\0\0\0$\0\0\0C\b$PT$\0\0\06$\0\0\0C\b\0D$\bD$\b$\0\0\0C\b\0D$\bD$\b$\0\0\0C\b\0D$\bD$\b$yC\b\0D$\bD$\b$eC\b\0D$3D$l$$LC\b($$3C\b$%$ԋ}u$$[ËUS3҉UU3UhzA\0d0d ӍE\0\0EPj\0h\0\0\0EPv\0\0ЋЁ\0t\nu/9EUEUWuff\0\0ff\03ZYYdhzA\0EEMgm[]ÐUS؍EPfE\0E\bEEEjj\0h\0\0\0EPEPp\0\0ff\0EEEEm[]\b\0S؍D$\bP訸jj\0h\0\0\0SD$Pp\0\0ff\0DD$$D$D$,$[ÐUS؍EPZ3Uh){A\0d0d ӍEE\0Eu\0\0\0}3ZYYdh0{A\0E|Vm[]SVWfV\0\0؄t(D$Pj΍T$\bD$0VD$D$GÃ_^[ÐSfЃ\0\0${A\0{A\0|A\0&|A\08|A\0J|A\0J|A\0Z|A\0l|A\0||A\0D}A\0T}A\0|A\03}A\0D}A\0T}A\0T}A\0|A\0|A\0|A\0|A\0}A\03$D$?\0\0=td\0\0t\rf\0f\0T3$D$\0\0C\b\rLA\0<$\t\0\0C\b\rLA\0<$\0\07<$\0\0C\b$CD$\0\0<$\0\0<$\0\0C\bD$\bD$\b\rLA\0<$\0\0C\bD$\bD$\b\rLA\0<$\0\03C\bD$\bD$\b\rLA\0<$c\0\0C\bD$\bD$\b\rLA\0<$H\0\0C\bD$3D$l$\rLA\0<$(\0\0k\b$<$\0\0C\bI<$\0\0=<$\0\0f\0tft <$\0\0Y<$\0\0@\0\0%~\0\0$}A\0A\0A\0}A\0\r~A\0!~A\0!~A\01~A\0E~A\0U~A\0A\0A\0e~A\0A\0A\0A\0A\0~A\0~A\0~A\0~A\0~A\0C\b\0\rLA\0<$4\0\0C\b\0\rLA\0<$ \0\0`<$\0\0C\b$PT$\0\0\0<<$\0\0\0<$\0\0\0C\b\0D$\bD$\b\rLA\0<$\0\0\0C\b\0D$\bD$\b\rLA\0<$\0\0\0C\b\0D$\bD$\b\rLA\0<$\0\0\0C\b\0D$\bD$\b\rLA\0<$kC\b\0D$3D$l$\rLA\0<$LC\b($ <$3C\bn<$%e<$ԋuK<$,$[\0\0\0\0@FUS؋Pj\0h\0\0\0uu\bA\0\0f\b\0f\0[]\b\0US؋Pj\0h\0\0\0uu\bL\\\0\0f\b\0f\0G[]\b\0U3QQQQSVڋ3UhvA\0d0d Pj\0h\0\0\0V4m\0\0f\b\0f\0d\0,rOtt#BEEU U&EyEU: U3ZYYdh}A\0E\0\0\0\t^[]ÐUSV3ɉMM3UhCA\0d0d EP葲3Uh!A\0d0d j\bj\0h\0\0\0SEPp\0\0ff\0 EPEUE\0\0\0WU3ZYYdh(A\0E^3ZYYdhJA\0E\0\0\0:<^[]USV؍EP۱3UhA\0d0d ӍESE\0U\0\0\03ZYYdhA\0E^[]ÐUSU؋Et3҉UffP\0\0E}\0tQEPX3Uh)A\0d0d h\0\0\0ˍUESEUE3ZYYdh0A\0E|VE[]U\0\0\0j\0j\0IuSVڋ3UhoA\0d0d fЃB\0\0$qA\0łA\0тA\0A\0A\0.A\0OA\0pA\0A\0A\0A\0A\0ڃA\0A\0A\0A\0A\0A\0A\0,A\0GA\0eA\08O\0\0=td\0\0t\rf\0f\0Ƌxd\0d''\0\0UC\b?(UI\0\0UC\b%(U/\0\0C\b<$EKU\0\0C\b<$EKU\0\0ss\bEU0\0\0ss\bEUv\0\0EPES\bE\0\0\0UF\0\0UfC\bU܋+\0\0UC\bC''U؋M\0\0U3C\b''''Uԋ1\0\0UC\b''UЋ\0\0C\b3RPE(Ű\0\0ss\bE(Uȋ\0\0C\bЋ\0\0UċUċt\0\0f\0tft(ƋS\bU\0\0U{Uy<\0\0@\0\0%\0\0$A\0A\0A\0YA\0vA\0A\0A\0؅A\0A\0A\0A\0A\0''A\0ԆA\0A\0A\0A\0DA\0aA\0~A\0A\0A\0UC\b\0%U\0\0UC\b\0%U\0\0C\b\0<$E:IUk\0\0C\b\0<$EIUH\0\0C\bp0EhU)\0\0C\bp0EU\n\0\0ƋS\b\Z\0\0\0UC\bf\0Uy\0\0\0UC\b\0$U\0\0\0UC\b\0$U\0\0\0UC\b\0$U\0\0\0C\b\03RPEh&UhC\bp0EL&ULC\bЋX>UUb(ЋuUnU83ZYYdhvA\0E\0\0\0E\0\0\05E\0\0\0Eܺ\0\0\0E\0\0\0^[]USV3ɉM3Uh&A\0d0d EP蜫3Uh\tA\0d0d j\bj\0h\0\0\0SEPp\0\0ff\b\0+VEUE\0\0\0e3ZYYdhA\0Ev3ZYYdh-A\0E?Y^[]ÐUSV؍EP3UhA\0d0d ӍEoE\0U\0\0\03ZYYdhA\0E^[]ÐUS3ɉMU؋Et3҉3UhPA\0d0d UfoI\0\0E}\0tdEPa3Uh3A\0d0d j\bˍUESEPEUE\0\0\0;3ZYYdh:A\0ErL3ZYYdhWA\0E/E[]ÐU\0\0\0j\0j\0IuQSVڋ3UhA\0d0d fЃ5\0\0$A\0A\0A\0\"A\0=A\0WA\0xA\0A\0A\0ӊA\0A\0ȋA\0A\0A\0A\0ȋA\0ȋA\0A\0,A\0HA\0cA\0A\0oB\0\0=td\0\0t\rf\b\0f\0\\Ƌxd\0\Z\0\0UC\b!U\0\0UC\b U\0\0C\b<$EwDU\0\0C\b<$EVDU\0\0ss\bEU\0\0ss\bEUi\0\0VES\bE\0\0\0gF\0\0UfC\bU+\0\0UC\b'' U܋\t\0\0U3C\b U؋\0\0UC\bUԋ\0\0C\b3RPE!UЋ\0\0ss\bE!Ű\0\0C\bЋ\0\0UȋUȋt\0\0f\0tft(ƋS\bNU\0\0UċCUċ<\0\0@\0\0%\0\0$!A\0A\0A\0uA\0A\0A\0ьA\0A\0A\02A\0A\0A\0CA\0A\0A\0A\0A\0`A\0}A\0A\0A\0ԍA\0UC\b\0U\0\0UC\b\0U\0\0C\b\0<$EBUdk\0\0C\b\0<$EAUAH\0\0C\bp0ELU)\0\0C\bp0EeUs\n\0\0ƋS\b\0\0\0UC\bf\0oUE\0\0\0UC\b\0U\0\0\0UC\b\0U\0\0\0UC\b\0U~\0\0\0C\b\03RPELU^hC\bp0E0UBLC\bЋd>UtU(IЋtuUJUd3ZYYdhA\0E\0\0\0&E\0\0\0ŽE\0\0\0E\0\0\0諽Eĺ\0\0\0E̺\0\0\0葽E\0\0\0E\0\0\0w͵^[]ÐUSV؍EPk3Uh*A\0d0d ֍EE\0f}\rt\rf\r\0fbËU3ZYYdh1A\0E{U^[]ÐSVQڋ\rtKrt%\bt?b-\0\0tP-\b?\0\0t;t6M}x=td\0\0t\rf\r\0f\0^YƋS\bjMƋS\b\\?Ӌ\t4fyB\0\0t\Z\"ȺA\0$ǭuff\r\0Z^[\0\0\0\0\0\0\0\0\0\0\0\0\0\0\0\0\0FSVQڋffrtf\bt0f-\0@t6Bm=td\0\0t\rf\t\0f\0)NƋS\bBƋS\b4fA\0\0t\ZuȺA\0$\Zuff\t\0ҲZ^[\0\0\0\0\0\0\0\0\0\0\0\0\0\0FSVWًfta=|d\0\0tfEd\0ff\0w\b_^[SVft(f\0s\b^[ÐSVft\bf\0s\b^[ÐSVڋftf\0^\b^[ÐSVftȹf\0fs\b^[SVft訹f\0s\b^[ÐSVڋft船f\0^\b^[ÐSVfthf\0fs\b^[USftHf\0E\bC\bEC[]\b\0USftE\bC\bf\0[]\0USftE\bC\bECf\0[]\b\0USft̸E\bC\bECf\0[]\b\0USft蠸E\bC\bECf\0[]\b\0SVڋfttf\0fF\b^[ËPָXf\0\0X\bÍ@\0P¸Xf\0\0X\bÍ@\0P许Xf\0\0x\bÍ@\0SVft3C\bf\0C\b,^[ÐUj\0SV3UhsA\0d0d E%U3ZYYdhzA\0E蒸^[Y]ÐSVft蔷3C\bf\b\0C\bP\0\0\0^[ËSVft\\3C\bf\r\0C\b(^[ÐSVft03C\bf\t\0C\b^[ÐUj\0SV3UhSA\0d0d EUC3ZYYdhZA\0E,^[Y]ÐUj\0SV3UhA\0d0d EU3ZYYdhA\0Ebܯ^[Y]ÐUSV؍EP{3UhA\0d0d ֍EE\0U3ZYYdh\rA\0E蟶y^[]Ð\0\0\0ËSVWQڋf;@uC\bЋ+\0\0ft޵f;ǃtert/\0\0\0-\0\0\0\0\0\0H\0\0\0\0\0\0Ӌƹ\0\0\0艿\0\0\0CtӋƹ\0\0\0p\0\0\0Ӌƹ\0\0\0]\0\0\0{\0u{\bw''#{u{\b\0\0\0r|Ӌƹ\0\0\0$uӋƹ\0\0\0eS\bYӋNf\0 tA\0Ӌ\"7f%f=sӋ苹 ԋ;\0\0tˋ֋$S 豬Z_^[U3QQQQSV3UhA\0d0d f;\0u-EEPEUXGUI+EEPEUXU3ZYYdhA\0E\0\0\0zE\0\0\0o^[]Í@\0USMUE]ff%f=\0\0UEf\0:\0\0u\n諬\0\0EPUMES\0\0\0Ef\0f;Et_EP诛3UhA\0d0d MUEfU؋EEf\0f;EtN3ZYYdhA\0Eų韬EPMUES,g\0\0EP93Uh[A\0d0d M\tUEEf\0f;EtU؋EM7\0\03ZYYdheA\0EJ$UE9\0\0u萫EPUMES\b\0\0\0Ef\0f;EtdEP虚3UhA\0d0d MUEPfEf;EtEEPM؋UES,3ZYYdheA\0E課鄫EPMUES,L\0\0]ff%f=\0\0\0EEf;tcEP3UhA\0d0d M\tUE費U؋EcEf\0Uf;t蘩3ZYYdhA\0EUEM\n\0\0\0\0\0UE8\0\0u\nB\0\0\0EPUMEStEf\0f;Et_EPJ3UhEA\0d0d MUEU؋E貵Ef\0f;Et3ZYYdhLA\0E`:EPMUES,裩[]ËSffvf\0uf\b\0|[USVWf;u\b\0f>uSEP肘3UhA\0d0d ֍EE\0UË\t\0\03ZYYdhA\0E褰~֋Ëi\t\0\0_^[]ËSVW؋}$r\\$\br\ntOtOt)4$D$\b$,$d$\b$$L$\b$$t$\b$聨ft蓯$C\bD$Cf\0_^[ËSVW؋Y$N\\$\brt\Z$D$\b$$d$\b$\rft$C\bD$Cf\0_^[ËUSVWE\0蚼E萼Eǃ\n\0\0\0$]A\0A\0A\0A\0A\0A\0ΜA\0ڜA\0A\0A\0A\0A\0EUEEmEU)EE\\EUEEKEEE}E9E}U-Me%MmE!EE\tE\rE1E}\0t\r֋Ëft\0EC\bf\0_^[]ËUSVWMUE3ۋEDEUE6EUE\np\0\0$A\0A\0A\0A\0@A\0GA\0cA\0|A\0A\0A\0A\0ԞA\03UhA\0d0d ErtHt*?EUEUEU+EU+EUEUuuEUEU3ZYYd\0\0\0\0\0\0L@\0-A\0\0\0\0\01A\0r\0\0\0\0\0\0uuEU\\EU\0\0\0uuEUEUqEȋEU EUYEȋEU(EUAEU#E#UEU-EUEUEUEU3E3UEUtUEM)Ef\0t\bEEUP\bUPEf\0\0_^[]Í@\0SV؃\bt\bItK\0\0\0f;u%f>t>t\t觩s֋`ht]f>uW肩^[f;u%f>tu\ta-֋\Z\"uf>u<^[Ë2^[Í@\0Uj\0j\0S3UhiA\0d2d\"t\bIr%FU{\0M@\0\rk\\(U\\u\0M8@\0j9V3ZYYdhpA\0E\0\0\0[YY]Í@\0USV؋r\rt+HrE2\0\0}m}\0\0}m}\0\0\0}uW}\buQu&}m5A\0}\0\0\0n}cm\rA\0}\0\0\0}\buPue]2M}zft迩}\tm[\bf\0iu}\nm}(}m}֋QftEEC\bECf\0^[]\b\0\0@FSVWUQfYd\0fHd\0$3$3Ҋk´d\0\n\0\0$VA\0A\0A\0A\0A\0ѢA\0A\0A\0CA\0A\0BA\0aA\0聡\0\0׋Ƌ\0\0׋Ƌ9\0\0u׋Ƌ`\0\0׋ƋX\0\0|׋ƋC\0\0׋Ƌ+}\0\0SD$P׋Ƌqg\0\0u׋SU\0\0|׋Ƌ@\0\0׋Ƌ0\0\0\b}%|׋Ƌ\0\0׋Ƌ\0\0\btMt0MtU\0\0\0t\tu3\0\0\0\0uu3\0\0\0؋2؋Ӌ\0\0\0Ńr\ntHr,7׋Ƌh׋Ƌ\buX<$\buRf\0K׋Ƌ>׋Ƌ1u\r׋Ƌ׋Ƌ׋Ƌ$蕟Z]_^[Í@\0SVWfff=sfs\r֋Ë]af=@uӋ蜭֋ËEf@uF\bЋË.f%f=sffs\r֋Ë֋Ë\Z_^[ËUSVWڋEP3UhϥA\0d0d ֍E蔪f>u\tE\0f;uWEP3UhA\0d0d ӍE\\E\0UߍE6\b\0\0E3ZYYdhA\0EܞӍE\n\b\0\0E3ZYYdh֥A\0E֥鰞E_^[]<uu3ðÐSQ$уtJtUJ\0\0\0\0\0\0ld\0rtt\Z\0\0\0-\0\0\00e\0\0\0\0<u<$t30e\0{ld\0r\bt\rtha2e\0Y<u\n<$u32e\0>pd\0r\bt\rt+譝$Me\0<u<$u\r3\t3Z[Ë;~3;}ËUEU;Uu;E\bs\b}3\ZEU;Uu;E\bv\b~]\0@\0UE]\bs3E]\bv]\0UE]\bs3E]\bv]\0Umm\bv3mm\bs]\0Uj\0j\0S3UhA\0d2d\"ЍEnӍEdUE33ZYYdh\nA\0E\0\0\0&|[YY]Í@\0SVWUfFd\0f5d\03Ҋ3Ɋk<e\0\n4\0\0$eA\0A\0A\0A\0A\0A\0:A\0]A\0hA\0A\0ըA\0A\0r\0\0\0Ћ:\0\0\0͋Ћ>\0\0\0PZ\0\0\0RP跺RP\0\0\0$$\Z\0\0\0$$_C<$5<$!<׋B1)PZY׋Ƌ|q]_^[ËUSVMUEf3f%f=y\0\0fu3ҰE\0\0fuM3ҰE\0\0UEf\07(\0\0u\n\0\0EPӹ\0\0\0E0V\0\0\0ff;Et{EP\03UhA\0d0d MӍE踪fEf%f;Et詘EPMU؋ES4UU0e\0DE3ZYYdhA\0EԙEPMӋES4UU0e\0DE\0\0EP[3Uh9A\0d0d UEfEf%f;tU؋ËME3ZYYdhA\0ElFEf\0fu3EX\0\0UfuM3E;\0\0U&\0\0u\n|#\0\0EPU\0\0\0E0V\b\0\0\0Ef\0f;EtwEP~3Uh)A\0d0d MUE5fEf;Et*EPM؋ӋES4UU0e\0DE3ZYYdhA\0E|VEPMӋES4UU0e\0DEZ\0\0uf6f%f=sfEPˆ3UhˬA\0d0d M\tӍE聨Ef\0f;EttUE؋MbE3ZYYdhA\0Eڞ鴗UE]%\0\0u\n \0\0\0EPӹ\0\0\0E0V\0\0\0ff;EtwEP&3UhA\0d0d MӍEާfEf;EtӕEPMU؋ES4UU0e\0DE3ZYYdhA\0E$EPMӋES4UU0e\0DETE^[]Í@\0VWf0f:fsfs\b9_^f@u\n@\b5f@u\nR\b$ffsffs|_^ÐUj\0j\0j\0S3UhA\0d0d ӍEEPj\0h\0\0\0EPDy\0\0ЋЁ\0tuOËUұ,KEU''EULtËUұ!Ѐff\0/3ZYYdhA\0EEv鐕[]ÐS؋蓴$T$|$\0u<$w*&|$u<$\0\0\0r|$ҋñh$T$RPnYZ[ËSSSy\0\0}[Í@\0SV3QQQQ؋Ӌ?P\0\0\0ԋ/^[ÐS؋\0.\0\0\0[SVQfq\"\0\0؄tֹ\r\0\0\0$0V0Z^[ËSfЃ\0\0\0$A\0UA\0fA\0eA\0kA\0pA\0pA\0pA\0pA\0yA\0˰A\0԰A\0A\0A\0˰A\0԰A\0԰A\0A\0A\0A\0A\0A\0úM[fS\b[S\b[Ë[Ë[fC\bffC\b[S\b[S\b[fS\b[S\b[ËC\bS҉C\bS[ËӋC\b[Ë[Ëf\0tft=v\0\0j\0\0@O\0\0%5\0\0$A\0KA\0KA\0qA\0A\0A\0A\0A\0A\0A\0KA\0KA\0A\0?A\0KA\0KA\0KA\0ұA\0A\0A\0A\0(A\0ËS\bffұ*\0\0\0ËS\bұ\0\0\0U\0\0\0u\0\0\0ËS\bff\0\0\0ËS\bұËS\bҁ\0\0\0gËS\bffұPËS\bұ>C\bP\0RP''ӋC\b3au[f8\br\Zpp\bp0f\0\0\0KÍ@\0\0\0\0Empty\0\0\0\0\0\0Null\0\0\0\0\b\0\0\0Smallint\0\0\0\0\0\0\0Integer\0\0\0\0Single\0\0\0\0\0Double\0\0\b\0\0\0Currency\0\0\0\0\0\0\0Date\0\0\0\0\0\0\0OleStr\0\0\b\0\0\0Dispatch\0\0\0\0\0\0\0Error\0\0\0\0\0\0Boolean\0\0\0\0Variant\0\0\0\0Unknown\0\0\0\0Decimal\0\0\0\0$0F\0\b\0\0\0ShortInt\0\0\0\0\0\0\0Byte\0\0\0\0\0\0\0Word\0\0\0\0\b\0\0\0LongWord\0\0\0\0\0\0\0Int64\0\0\0USVW3ɉ3UhA\0d0d ffw׋e\0(\0\0\0f\0uƺ(A\0\0\0\0fuƺ8A\0qU\0\0t;PE\0蹇\0\0\0uϙ(Ǻ\0\0\0~u\0i tƺDA\0V@tƺTA\0C3ZYYdhA\0m_^[]\0\0\0String\0\0\0\0\0Any\0\0\0\0Array \0\0\0\0\0ByRef \0\0f\0@\bf8@tÍ@\0ґ號SVW؋|$f\\$fs(f|$\0tfD$f\ttf\ru|$\0t3!ԋj\0\0tT$$\bQ3_^[Í@\0QD\0\0ZËfrftfr3ðËS؋:f\0[f\bt\tf=\0t3ðËS؋f8\0[ÐS؋f8[ÐSV؋΋Ëxd\0\0\0\0^[SVW؋uƋ\tƋ謕_^[Uj\0SV3UhA\0d0d Exd\0YU΋%\0\0\03ZYYdh\0A\0El醍^[Y]Í@\0SVW؋@uƋ;\tƋp_^[US؋cf\0E\bC\bEC[]\b\0輾$$YZËSVW؋V|$^V|$^f$fuf|$\0,fuf|$fD$fs3ËC\0\0 _^[ÐSVW؋kV|$^XV|$^f$fuf|$\0f\0Ifuf|$f\0/fD$fs Ë\0\0u3Ë\0\0} _^[Í@\0SV؋f\n\0s\b^[ú\0ÐSff@u@\b(f\ZB ÄtB@t\t@\b\0@\b3[ÐUSVfMڋt\rfE\0\0u1Cy\0]]K|\"CƋʋ0qp+qF1\b\bKu獅PEPEPG~؅u܋E\b,fEf\r\0 U\bfE\bX\b^[]\0SVWUډ$U3D$\b\\$D$\bf\0\0\0\0-|\ZF3$WjSU_\0\0GNu]_^[ÐS؋̍T$u\nW\0$YZ[S؍L$ԋt\tD$\03YZ[ËSVQTVPf}衍$Z^[ËSVQTV|PJ}}$Z^[ËSQT\\P2}]$Z[Í@\0S؋>P}?[Ð\0\0\0ÃtL$YZf\0f%\0 f=\0 YZËfs@h\0<\0u3ðSVƃsvh\0|\0uu3^[ð^[Í@\0USMUEOu\nW\0荌E\0;Et\n\0xEPw3UhA\0d0d f]fۃu%EPEPEP/|:EЍE\t\ZEPEPEP{f]UE\b3ZYYdhA\0E衏{[]USC~4IySPE\bP\Zd[]\0USVuMUE\b[u\nW\0虋MU@ufEuf}\0t\n\0iE\0;Et\n\0Tf]fۃu:f}\0u\rfE.t%EPEPEP\r{E܋\0\0\0EPLv3UhlA\0d0d u֍EsEE''֍Eru\bEEEE܋EPEPEPz螊3ZYYdhsA\0E9^[]Í@\0US]\bx4Ky]\bCSRPd[]\0USVWU֋}\b1ۅ}m\01Gǋgt?C9~]_^[]\03҅t3ɊHȋHtÍ@\0S3Ct8t[Åt@SVWU$؋H~BD$t4N~\0\0\0;t$\0GNuL$u$YZ]_^[Í@\0SVWUQ$؋$dVŹ\0\0\0@\0N|F3tQHU\0GNuZ]_^[ËSVW3ۋЅ|B3<\0t@Jut9\0|-<\0tH<\0tHuӋ_^[SVWUPǹ\0\0\0@\0D33҉CtH6C;|]_^[S\0\0\0t8u3ҊPЋX\nHu\0\0\0~tt\r~\r\0\0\0t4[UQ\0\0\0j\0j\0IuQMSVWE3Uh*A\0d0d E@\0貦E@\0褦Elދ_E}\0\0\0u\tE\b\0\0\0EEH~Ӌ\0\0M֋M֋M@\0E EPETfME2UȋEE3UhA\0d0d VEȋU؅\0\0EB\Z\0\0\n\0\0$A\0A\0A\0A\0A\0A\0A\0A\0A\0A\0A\0A\0+\0\0\0\0\0H\0\0\0\0\0\0H\0\0\03\0\0\0\0\0H\0\0-\0\0\0\0\0\0\0E\t\0\0E؋\0\0\0E\0\0\0E\0\0\0+E\0\0\0E\0\0\0E؋\0\0\0E؋\0\0\0E؋\0\0\0EfflyE؋萍mE؋laEURE3ҊEBE63E؋(%SRPE3E؋_\bEEIPU؋EMEU3ZYYdhA\0E鐁3ZYYdh1A\0Eȋ@\0\0\0\0芗E@\0\0\0\0wU_^[]UQ\0\0\0j\0j\0IuQMSVWUE3Uh9A\0d0d EE}\0u\nW\0tE3Uh\tA\0d2d\"ESeEuN|(F3ۍSEPSErZ+BECNuۋEPEMߋAME\0M@\0E詡EPEݟȋEUWEǟȋE\0U\\؋ƃB\0\0\nx\0\0$gA\0A\0A\0A\0A\0A\0A\0\"A\02A\0BA\0QA\0]A\0+\b\0\0\0\0\0H\0\0\0\0\0\0H\0\0\0\0\0\0\0\0H\0\0\0-\0\0\0\0\0\0\0\0\0Ef\0\0\0Eݓ\0\0\0E\0\0\0E\0\0\0EZ;\0\0\0E\0\0\0ÍU\0\0\0ÍU{E7oEofbÍUPVÍUJEB>E62E*f%EE՝S\nÍU`EU,E!c3ZYYdhA\0Ev~3ZYYdh@A\0E蓅E@\0','upload/files/201303262211008h3rBYAi.swf',NULL,'docx',NULL),
  ('402881e93cb3ccfd013cb3d13d730002',NULL,NULL,NULL,'action_back','upload/20130207/20130207164139LBIrMgTG.gif','com.accp.pojo.base.TSDocument','2013-02-07 16:41:39','\0P@\0Ë',NULL,NULL,'gif',NULL),
  ('402881e93cb3ccfd013cb3d2c2530003',NULL,NULL,NULL,'action_save','upload/20130207/20130207164319Jg0vDJfb.gif','com.accp.pojo.base.TSDocument','2013-02-07 16:43:19','\0P@\0',NULL,NULL,'gif',NULL),
  ('402881e93cb3ccfd013cb3d9f46a0006',NULL,NULL,NULL,'action_forward','upload/20130207/20130207165111TSqksHEY.gif','com.accp.pojo.base.TSDocument','2013-02-07 16:51:11','\0P@\0Ë',NULL,NULL,'gif',NULL),
  ('8a8a8a813df1b6f5013df1c51b5c0017',NULL,NULL,NULL,'δ-2013-4-3','upload/files/2013041010273975XJ0YzN.xlsx','jeecg.system.pojo.base.TSDocument','2013-04-10 10:27:39','PK\0\0\b\0\0\0!\0Xz\0\0\0\0\0\b[Content_Types].xml (\0\0\0\0\0\0\0\0\0\0\0\0\0\0\0\0\0\0\0\0\0\0\0\0\0\0\0\0\0\0\0\0\0\0\0\0\0\0\0\0\0\0\0\0\0\0\0\0\0\0\0\0\0\0\0\0\0\0\0\0\0\0\0\0\0\0\0\0\0\0\0\0\0\0\0\0\0\0\0\0\0\0\0\0\0\0\0\0\0\0\0\0\0\0\0\0\0\0\0\0\0\0\0\0\0\0\0\0\0\0\0\0\0\0\0\0\0\0\0\0\0\0\0\0\0\0\0\0\0\0\0\0\0\0\0\0\0\0\0\0\0\0\0\0\0\0\0\0\0\0\0\0\0\0\0\0\0\0\0\0\0\0\0\0\0\0\0\0\0\0\0\0\0\0\0\0\0\0\0\0\0\0\0\0\0\0\0\0\0\0\0\0\0\0\0\0\0\0\0\0\0\0\0\0\0\0\0\0\0\0\0\0\0\0\0\0\0\0\0\0\0\0\0\0\0\0\0\0\0\0\0\0\0\0\0\0\0\0\0\0\0\0\0\0\0\0\0\0\0\0\0\0\0\0\0\0\0\0\0\0\0\0\0\0\0\0\0\0\0\0\0\0\0\0\0\0\0\0\0\0\0\0\0\0\0\0\0\0\0\0\0\0\0\0\0\0\0\0\0\0\0\0\0\0\0\0\0\0\0\0\0\0\0\0\0\0\0\0\0\0\0\0\0\0\0\0\0\0\0\0\0\0\0\0\0\0\0\0\0\0\0\0\0\0\0\0\0\0\0\0\0\0\0\0\0\0\0\0\0\0\0\0\0\0\0\0\0\0\0\0\0\0\0\0\0\0\0\0\0\0\0\0\0\0\0\0\0\0\0\0\0\0\0\0\0\0\0\0\0\0\0\0\0\0\0\0\0\0\0\0\0\0\0\0\0\0\0\0\0\0\0\0\0\0\0\0\0\0\0\0\0\0\0\0\0\0\0\0\0\0\0\0\0\0\0\0\0\0\0\0\0\0\0\0\0\0\0\0\0\0\0\0\0\0\0\0\0\0\0\0\0\0\0\0\0\0\0\0\0\0\0\0\0\0\0\0\0\0\0\0\0\0\0\0\0\0\0\0\0\0\0\0\0\0\0\0\0\0\0\0\0\0\0Tj0F+I''.6klؒL;vJȂiҼeyѪ*%4&wE6u<ӷΣժt`W[LDA䟤ĴJa<X>\\gȥW\\ L%ԡ\ZC/EIǒ^M\b}iRE,T.> ,3)h.*P\Z\0ÌaDl<v[W1W6°0\t䴫m#\rXzW{R~097σmMӢRto.l^+5-u?As G\\\0Һ\r%Bmί.''91<rh߅]d@>4-ߞ#=A0B\Znd\0\0\0PK\0\0\b\0\0\0!\0U0#\0\0\0L\0\0\0\b_rels/.rels (\0\0\0\0\0\0\0\0\0\0\0\0\0\0\0\0\0\0\0\0\0\0\0\0\0\0\0\0\0\0\0\0\0\0\0\0\0\0\0\0\0\0\0\0\0\0\0\0\0\0\0\0\0\0\0\0\0\0\0\0\0\0\0\0\0\0\0\0\0\0\0\0\0\0\0\0\0\0\0\0\0\0\0\0\0\0\0\0\0\0\0\0\0\0\0\0\0\0\0\0\0\0\0\0\0\0\0\0\0\0\0\0\0\0\0\0\0\0\0\0\0\0\0\0\0\0\0\0\0\0\0\0\0\0\0\0\0\0\0\0\0\0\0\0\0\0\0\0\0\0\0\0\0\0\0\0\0\0\0\0\0\0\0\0\0\0\0\0\0\0\0\0\0\0\0\0\0\0\0\0\0\0\0\0\0\0\0\0\0\0\0\0\0\0\0\0\0\0\0\0\0\0\0\0\0\0\0\0\0\0\0\0\0\0\0\0\0\0\0\0\0\0\0\0\0\0\0\0\0\0\0\0\0\0\0\0\0\0\0\0\0\0\0\0\0\0\0\0\0\0\0\0\0\0\0\0\0\0\0\0\0\0\0\0\0\0\0\0\0\0\0\0\0\0\0\0\0\0\0\0\0\0\0\0\0\0\0\0\0\0\0\0\0\0\0\0\0\0\0\0\0\0\0\0\0\0\0\0\0\0\0\0\0\0\0\0\0\0\0\0\0\0\0\0\0\0\0\0\0\0\0\0\0\0\0\0\0\0\0\0\0\0\0\0\0\0\0\0\0\0\0\0\0\0\0\0\0\0\0\0\0\0\0\0\0\0\0\0\0\0\0\0\0\0\0\0\0\0\0\0\0\0\0\0\0\0\0\0\0\0\0\0\0\0\0\0\0\0\0\0\0\0\0\0\0\0\0\0\0\0\0\0\0\0\0\0\0\0\0\0\0\0\0\0\0\0\0\0\0\0\0\0\0\0\0\0\0\0\0\0\0\0\0\0\0\0\0\0\0\0\0\0\0\0\0\0\0\0\0\0\0\0\0\0\0\0\0\0\0\0\0\0\0\0\0\0\0\0\0\0\0\0\0\0\0\0\0\0\0\0\0\0\0\0\0\0\0\0\0\0\0\0\0\0\0\0\0\0\0\0\0\0\0N0HCnH\bLH!T$$@Jc?[iTb/Nú(A3b{jxVb\"gi\ZaWl_xb\Z#b4Or0Qahѓeܔ=P-<j\b{><4Mox/}bN@;vCfۨBI\"c&\\O8q\"KH<ߊs@.h<⧄MdaT_\0\0\0\0PK\0\0\b\0\0\0!\0\t(\0\0\0\0\Z\0\bxl/_rels/workbook.xml.rels (\0\0\0\0\0\0\0\0\0\0\0\0\0\0\0\0\0\0\0\0\0\0\0\0\0\0\0\0\0\0\0\0\0\0\0\0\0\0\0\0\0\0\0\0\0\0\0\0\0\0\0\0\0\0\0\0\0\0\0\0\0\0\0\0\0\0\0\0\0\0\0\0\0\0\0\0\0\0\0\0\0\0\0\0\0\0\0\0\0\0\0\0\0\0\0\0\0\0\0\0\0\0\0\0\0\0\0\0\0\0\0\0\0\0\0\0\0\0\0\0\0\0\0\0\0\0\0\0\0\0\0\0\0\0\0\0\0\0\0\0\0\0\0\0\0\0\0\0\0\0\0\0\0\0\0\0\0\0\0\0\0\0\0\0\0\0\0\0\0\0\0\0\0\0\0\0\0\0\0\0\0\0\0\0\0\0\0\0\0\0\0\0\0\0\0\0\0\0\0\0\0\0\0\0\0\0\0\0\0\0\0\0\0\0\0\0\0\0\0\0\0\0\0\0\0\0\0\0\0\0\0\0\0\0\0\0\0\0\0\0\0\0\0\0\0\0\0\0\0\0\0\0\0\0\0\0\0j0}qne:A[\0&Q6''o?C@.$}?ЧjU%)\bZ(8>< ֶҝ`@CqNsD$%襤`)qm.c\Zuy\r<M2Հb)p6 NknK|qgXod9 +Z$& 7ɗ`dK05a;Bj^yZ.~\nO\t/c)wڇb\0\0\0PK\0\0\b\0\0\0!\0_Xa\0\0q\0\0\0\0\0xl/workbook.xmlRAN0#wiR5\0B7Uǎlg\bv;ό\\jM>yeMFID\tJev}<)A)5#xʯuk\thB`Ol7u\b8!}jxБaaRpoFZ+x/Ka;:\"iE-|x*G6wҸMl\thuؠ;ŧ=b#9+#mQ>h)8u]Pឧ\t\ZϞ@yg=;kJ5Ɨ\Z\r`\nq/؟OtrRb9J*.0\"ߒ\0\0\0PK\0\0\b\0\0\0!\0l\0\0\0\0\0\0\0xl/theme/theme1.xmlYo5G}k&]S-4YaV5sw>NM$$@{ABI㟡chi_wssVEU?~;CDHW=_}>qn<$4)ޥ߻UH\"`},qJ֗X\tanE<`i(Ѝra\Z{(>\ZQ?G}\0FƣÀQiYhqU#T@5=`7}rGya`U[ڸEL-X[X5t]`8^6<E0șVƅ05t:N5g\0AS+KfVme4 svR\\|ʜ̍VUoXdk沃7 kv{ů\Z5o@!xsȈR\Z*)|hȣKX-\b\0\rdXiBF؇`nh (:;˹!I_D51ٷ=A=>rn8(.|''|qW?+\"<r dL?>~\"O#\"5rxø8݊~@tG2\\ƻ)x/On;B1Q0r;y,ܟA9s1)0/Ʊ$cvH1wHLs|LHv(uC}%)t&ӁHE4LtW;ٹZiE]$$f%\tsxOHqĊUX&do*\"#x: ΐHY\0}N^}M#)Ѽ9/\"()h1(F\\w!I\r\Z8\"DLD//ooF*%ݩl3\nurxW&lbeɳ}X/KĻb~zWUh?_Y)*k;Zx(c=5e4\rh؅AΜ=I~KB38@`\t>*8i\"LI%\\yx=m9V=7r2Fi3F+I\\Hno¬:1E[69s`0&t6\b!*5k8`FG[E2CH=qR+sh=l01V+pkho$N*-`ymEK@h:,FMQ_{IQ~F\tx]f\0|%l&gldIPk9:\bmh4X9Y`ֳR\ZL5\bL\nZ2\Z_]Ѷi)ED/=ס\nS\\ik)8IW38;Y2MAe0O@RٍrWŤR*z?+#)MrBIHi\b*6߂osIk8I=\Z Aa?R dʒcUӽ˒d)!Qqeb}C!&i0>4\btS7{́Ju44s`fy6e0+l4PSnbi\\τ/kyCE`gĄP|j+\rD9x ] \0\Z'';hIM[''ml>N7{ZΛ3giBSg(qyaV|[`4g\0r4K7\0\0\0PK\0\0\b\0\0\0!\0;m2K\0\0\0B\0\0#\0\0\0xl/worksheets/_rels/sheet1.xml.rels0ECx{օCS7\"Ubۗ{ep6<f,Ժch{-A8\t-<a.NNJǐXQ$~ٱ\t>Iy0Ьjm_/N,}W:=RY}<nHτI9`>H9EbAwk}m\t\0\0\0PK\0\0\b\0\0\0!\0zCj\0\0\0\0\0\0\0xl/worksheets/sheet2.xmlMO0H(5sZ\bB=K6ZGǶQnvl?k{qs,BN\\\n+B~~<OnH};P=$y_-ש \nRɴt0Hib76*\b\Z\\.Z9m<ֵ5fֆ4Ҝ9t\\oĠX~J|xzձR=8GxgMĄ5eSF5ߩ;ŤrQYVЏ]D0\\Mlz˪yrYEQA7l/v]4i7JpAzT\nYuA7cc}L̳)>؄axbDF/7fB\Z^?\0\0\0\0PK\0\0\b\0\0\0!\0zCj\0\0\0\0\0\0\0xl/worksheets/sheet3.xmlMO0H(5sZ\bB=K6ZGǶQnvl?k{qs,BN\\\n+B~~<OnH};P=$y_-ש \nRɴt0Hib76*\b\Z\\.Z9m<ֵ5fֆ4Ҝ9t\\oĠX~J|xzձR=8GxgMĄ5eSF5ߩ;ŤrQYVЏ]D0\\Mlz˪yrYEQA7l/v]4i7JpAzT\nYuA7cc}L̳)>؄axbDF/7fB\Z^?\0\0\0\0PK\0\0\b\0\0\0!\0@\\Q\0\0L\0\0\0\0\0xl/worksheets/sheet1.xmlXn6?\b_۔''1\\REc-˴-DUy)RCR1̙~w})Mf8M!es:z7\r2MOR/NhyOs\t?o;բ''j^ek+>P<Kt%Oeouwu=\nQbWVPN.?]y0Տ}]A\\\rsQx~w\nOz=W|}#Ng\0\\\n.B<UT\n6n=E{~_*xǓ=8kZ^[2%qTR''z9<UM?dD2Dg]A|qtŰ>╓FņOz$Uz\Z[-G67 F,m''\"Eosܓl}\tcQ\nEz\b8B.]H:Ylre!shB\tHn:7wc\Z\r\tICڅd{˺:VK2Z&i>M\nW`R&VK0\r!AsBK\t3%G&q%҅!du.3/%|,՝z4J|Vb*S3HZi`ؐ!\bV''68!\rk 6$18!FP;?ێ\r[''n7dAɘՍF!#''\"7gm%7.e**\nͲ;/d`;`{*{bP&i=$a&LUB=`e217֍5A`헧7[f4n$ٙN`BjO@\r?E\r\b{2\r[2q{\"6Qm\"6mа%7,\n\t{a_7q\"o\bdh{<jXݤ\bmt6ڑchXZܸ(eqѸFHL)31_bq&T)+s:\rZ祷)RqōK\rKnh\b%xt<w^BPR=^?\tL3LP¡Pf9FơXzL:u?AMPh\"=#L#6xG]f1HDqu\\[Gܰ|%JD\"R=fȼO@mZjKB[-\0c(&dbX&B[6/\r\nZdX!xW r}?gl}XL=I`\raʤ=-,^9F\rhhᒤh8\\G{˦*~43Kbw)Zebm޸3؞!1}ڼS?]\tWj&m]^/p^em\t ݏ=S{\0\0\0\0PK\0\0\b\0\0\0!\0c]\0\0\0\0\0\0\0xl/sharedStrings.xmlWnF?\\NAQH\"@\0A#t(?i~U)1ĔخLѿW^jbV\b莼#{{ΌR_grY+JZ|`Jd%NiGQ2U9-5qW)MVb^K?IŬ@-\n̨bVSI+촖e8+};5H*f(9EO?|''\nsJٜ(fRZ!3`?9JIz&%%̀xQp+k+l}yڸيz_Zk5+^?-I\Z-ۨ1^ZfTEe\Z!\nЮOTSDr-?Ml>К6dwkxuU6VR뒣\\LAʺze(:=4ю\0op淣 gxsgR8x-׹Ѐ=>)<Prbcxx&i''[\0Y-pɃQx>)44I\b\ZۨsE5^*r<s7+. ר\bo@Dٽ#hrm p;`WDN\n2z5.Hyv\\yx!~=1HNьGcVѓN#d.ㆅ\ZqZش;zx@shc.\n>ҰfIZ\t#|sAp<&9YF\bi4l''Yõ~`e`|\0aD(NrT\tgq<BU#T$n04މ66IAP@\\ţk FvAy܌ukET\tʮM\t<PM\b:\n$]nUI#\0\0\0\0PK\0\0\b\0\0\0!\0\0\0\b\r\0\0\r\0\0\0xl/styles.xmlW͎6;\bےBRPﮁ\0)`7@DD#N[o9!z9M1:$K\r\r6>X~\r#<;p)\neAEW7I<m(0H4zC͑!BhgL}:TDR*\rtUZ\\h;3+c*Pcp~ד\\\Z<?Tx\0!\\:s+eiΗeIsre>xʒR\n\\IѢ5d~bϒ\\2<$\0gf?{;Ĝcci;4x/QNFߢhK7X''l!V6EM~wC\\0ڒ\ZHM(6!Jlc\rPM8;3+l9~v[UCg3nI<h5?j˫ȶAEAHm 9cP?bՁ\b~(^(K8 @Vޘ@vid\r[iiWR`M=L,PKWlW5aqPF\rQ\r(\tc6_o!x(=nCAĭHtMzl8j:Y''D(Csa9tI3׬>X8zޡEa{qLX!nz?u1[g)^+\\ߐl7[IE\0AJ''\b~#\01]>j`lx*Pס7;{r w$$}P=ep7g4|\0\b[;\ZN+Hܜ^oL\n V\Z\"E}=Õ]C^ZŗW$\nd1''I\\_N&foKW\\ݧHp8.\rR44%`]>}d\0\0\0\0PK\0\0\b\0\0\0!\0U\0\0P\0\0\0\bdocProps/app.xml (\0\0\0\0\0\0\0\0\0\0\0\0\0\0\0\0\0\0\0\0\0\0\0\0\0\0\0\0\0\0\0\0\0\0\0\0\0\0\0\0\0\0\0\0\0\0\0\0\0\0\0\0\0\0\0\0\0\0\0\0\0\0\0\0\0\0\0\0\0\0\0\0\0\0\0\0\0\0\0\0\0\0\0\0\0\0\0\0\0\0\0\0\0\0\0\0\0\0\0\0\0\0\0\0\0\0\0\0\0\0\0\0\0\0\0\0\0\0\0\0\0\0\0\0\0\0\0\0\0\0\0\0\0\0\0\0\0\0\0\0\0\0\0\0\0\0\0\0\0\0\0\0\0\0\0\0\0\0\0\0\0\0\0\0\0\0\0\0\0\0\0\0\0\0\0\0\0\0\0\0\0\0\0\0\0\0\0\0\0\0\0\0\0\0\0\0\0\0\0\0\0\0\0\0\0\0\0\0\0\0\0\0\0\0\0\0\0\0\0\0\0\0\0\0\0\0\0\0\0\0\0\0\0\0\0\0\0\0\0\0\0\0\0\0\0\0\0\0\0\0\0\0\0\0\0\0\0N0+iUq\0Q)י4mC,\\o}E1IT7ηN\ZAY$%\tie6__$0@FZ\b}b+oxTaBF*D4\nj&6)ƣP[JO54=E0#7E`>;oo6˭d.<et|d\Z1B`t/kVBY$Z6#H##V6Z}WF?h}9nX6vG4\t\n5r%<x>''\0p: ٿt|~N70-l>Fw\ZQ1ܻ\bm,\".pvu@Ad,F\Z\0\0\0PK\0\0\b\0\0\0!\0Q<\0\0\0\0''\0\0\0xl/printerSettings/printerSettings1.binVnEv;c@bIl0!(Ap\bK!$X88pȁ/p+@\b\t]xY\bjԻU}SU]3=ٖy\\leWw''~_en~@JSrW!Jٖ6{;m<b\ZP1\Z''5X79~,2g&I)}6#''ěʨhUkZ׆rUMXDe561}§25|P%.e\0пFpv7]o\b>1>\b\\!(0C[%\trV\nTO)eC\ZhNIL):cf.h[5%]ֳg9=tEUK+X^d8./Ж-lfꦁ&&LK''u\n@\0]m\be\0q+ ^LWӵ/aS_֫W\Z^G[xC{xSrm7+&ӗ\rYQE@+;i7g0y,Ey\tsOH4ȃU73=,\0W䗜w%WvWu5WWaѾƨYrP\t1D3r\rDʡX!Ү?''P/p)Ih%^GkpC)>ݭl/wU03`b5+\beE{`~)P̘jnlo|zyD/%^{\0| m''Gdo}1[{@o8*UcW>Hw߳/_>K5ʈ ǘ}l>f~P}G$12H0=@OǓ8#Y(f:\0\0\0\0PK\0\0\b\0\0\0!\0`@\0\0[\0\0\0\bdocProps/core.xml (\0\0\0\0\0\0\0\0\0\0\0\0\0\0\0\0\0\0\0\0\0\0\0\0\0\0\0\0\0\0\0\0\0\0\0\0\0\0\0\0\0\0\0\0\0\0\0\0\0\0\0\0\0\0\0\0\0\0\0\0\0\0\0\0\0\0\0\0\0\0\0\0\0\0\0\0\0\0\0\0\0\0\0\0\0\0\0\0\0\0\0\0\0\0\0\0\0\0\0\0\0\0\0\0\0\0\0\0\0\0\0\0\0\0\0\0\0\0\0\0\0\0\0\0\0\0\0\0\0\0\0\0\0\0\0\0\0\0\0\0\0\0\0\0\0\0\0\0\0\0\0\0\0\0\0\0\0\0\0\0\0\0\0\0\0\0\0\0\0\0\0\0\0\0\0\0\0\0\0\0\0\0\0\0\0\0\0\0\0\0\0\0\0\0\0\0\0\0\0\0\0\0\0\0\0\0\0\0\0\0\0\0\0\0\0\0\0\0\0\0\0\0\0\0\0\0\0\0\0\0\0\0\0\0\0\0\0\0\0\0\0\0\0\0\0\0\0\0\0\0\0\0\0\0\0\0\0QK0C{d*`ʞ\bNBr4$n޴je>{/p^5D4#(#\Z̮D/Uzn\b-BX&\ZODLCc/ϢDq8C|\\|!7XC;`jG\":!=@\n5h0cQ\rW&NƝNql)qt\Zmfmǈ)~[?>tB\n&иj7T܇u<V\\ϦK!d!Yy6+T\bS2OI!,''lvE\n4D:gNg@UP}\0\0\0PK-\0\0\0\b\0\0\0!\0Xz\0\0\0\0\0\0\0\0\0\0\0\0\0\0\0\0\0\0\0\0\0[Content_Types].xmlPK-\0\0\0\b\0\0\0!\0U0#\0\0\0L\0\0\0\0\0\0\0\0\0\0\0\0\0\0\0\0\0_rels/.relsPK-\0\0\0\b\0\0\0!\0\t(\0\0\0\0\Z\0\0\0\0\0\0\0\0\0\0\0\0\0\0\0xl/_rels/workbook.xml.relsPK-\0\0\0\b\0\0\0!\0_Xa\0\0q\0\0\0\0\0\0\0\0\0\0\0\0\0\0\0\t\0\0xl/workbook.xmlPK-\0\0\0\b\0\0\0!\0l\0\0\0\0\0\0\0\0\0\0\0\0\0\0\0\0\0\n\0\0xl/theme/theme1.xmlPK-\0\0\0\b\0\0\0!\0;m2K\0\0\0B\0\0#\0\0\0\0\0\0\0\0\0\0\0\0\0{\0\0xl/worksheets/_rels/sheet1.xml.relsPK-\0\0\0\b\0\0\0!\0zCj\0\0\0\0\0\0\0\0\0\0\0\0\0\0\0\0\0}\0\0xl/worksheets/sheet2.xmlPK-\0\0\0\b\0\0\0!\0zCj\0\0\0\0\0\0\0\0\0\0\0\0\0\0\0\0\0\0\0xl/worksheets/sheet3.xmlPK-\0\0\0\b\0\0\0!\0@\\Q\0\0L\0\0\0\0\0\0\0\0\0\0\0\0\0\0\0\0\0xl/worksheets/sheet1.xmlPK-\0\0\0\b\0\0\0!\0c]\0\0\0\0\0\0\0\0\0\0\0\0\0\0\0\0\0\0\0xl/sharedStrings.xmlPK-\0\0\0\b\0\0\0!\0\0\0\b\r\0\0\r\0\0\0\0\0\0\0\0\0\0\0\0\0l\0\0xl/styles.xmlPK-\0\0\0\b\0\0\0!\0U\0\0P\0\0\0\0\0\0\0\0\0\0\0\0\0\0\03#\0\0docProps/app.xmlPK-\0\0\0\b\0\0\0!\0Q<\0\0\0\0''\0\0\0\0\0\0\0\0\0\0\0\0\0&\0\0xl/printerSettings/printerSettings1.binPK-\0\0\0\b\0\0\0!\0`@\0\0[\0\0\0\0\0\0\0\0\0\0\0\0\0\0\0)\0\0docProps/core.xmlPK\0\0\0\0\0\0\0\0j,\0\0\0\0','upload/files/wkfgnsl-2013-4-3.swf',NULL,'xlsx',NULL),
  ('8a8a8a813df1b6f5013df1c5fb3c0019',NULL,NULL,NULL,NULL,NULL,NULL,'2013-04-10 10:28:36','123',NULL,NULL,NULL,NULL);

COMMIT;

#
# Data for the `t_s_base_user` table  (LIMIT 0,500)
#

INSERT INTO `t_s_base_user` (`id`, `browser`, `signature`, `userkey`, `status`, `realname`, `username`, `departid`, `password`, `activitisync`) VALUES 
  ('40',NULL,NULL,'D1B5CC2FE46C4CC983C073BCA897935608D926CD32992B5900',1,'Ա','admin','150','c44b01947c9e6e3f',1),
  ('402881e73d87d62a013d87ee2d4b0011',NULL,NULL,NULL,1,'ɹԱ','cgy','150','f2322ec2fb9f40d1',1),
  ('402881e73d87d62a013d87eeaba10014',NULL,NULL,NULL,1,'ɹԱ','cgspy','152','a324509dc1a3089a',1),
  ('8a8a8a813df33bfd013df33cd5550001',NULL,NULL,NULL,1,'admin','123','150','b1506d1ff7fc9595',NULL);

COMMIT;

#
# Data for the `t_s_depart` table  (LIMIT 0,500)
#

INSERT INTO `t_s_depart` (`id`, `departname`, `description`, `parentdepartid`) VALUES 
  ('150','Ϣ','',NULL),
  ('152','Ʋ','',NULL),
  ('297e5a493d9f2cbc013d9f4450530001','1212','12','152');

COMMIT;

#
# Data for the `t_s_function` table  (LIMIT 0,500)
#

INSERT INTO `t_s_function` (`id`, `iconid`, `parentfunctionid`, `functionname`, `functionlevel`, `functionurl`, `iconpath`, `functionorder`, `functioniframe`) VALUES 
  ('27','402881763a019ea9013a01b009b80019',NULL,'ϵͳ',0,'','','5',NULL),
  ('28','402881763a019ea9013a01af2d330015','27','û',1,'userController.do?user','','5',NULL),
  ('297e5a493d39e132013d39e316050001','402881763a019ea9013a01af2d330015','402881e53c98df12013c98fc3b300002','ģ',1,'jeecgNoteController.do?jeecgNote',NULL,'40',NULL),
  ('297e5a493d8d8e26013d8d90de950001','402881763a019ea9013a01af2d330015','402881e53c98df12013c98fc3b300002','һԶʵ',1,'jeecgOrderMainController.do?jeecgOrderMain',NULL,'42',NULL),
  ('297e5a493da1e22b013da1e75dec0001','402881763a019ea9013a01af2d330015','402881e53c98df12013c98fc3b300002','Excelб',1,'jpPersonController.do?jpPerson',NULL,'45',NULL),
  ('297e5a493dabc86a013dabcb62070001','402881763a019ea9013a01af2d330015','402881e53c98df12013c98fc3b300002','Excel',1,'jpPersonController.do?goImplXls',NULL,'46',NULL),
  ('30','402881763a019ea9013a01af2d330015','27','ɫ',1,'roleController.do?role','','6',NULL),
  ('31','402881763a019ea9013a01af2d330015','27','˵',1,'functionController.do?function','','7',NULL),
  ('40284b813d1becf1013d1bf26afd0001','402881763a019ea9013a01af2d330015','402881e53c98df12013c98fc3b300002','DEMO',1,'jeecgDemoController.do?jeecgDemo',NULL,'37',NULL),
  ('40284b813d1fa3a8013d1fab697b0001','402881763a019ea9013a01af2d330015','402881e53c98df12013c98fc3b300002','DEMOά',1,'demoController.do?demoList',NULL,'38',NULL),
  ('40284b813d1fb07f013d1fb2df360001','402881763a019ea9013a01af2d330015','402881e53c98df12013c98fc3b300002','DEMO',1,'demoController.do?demoIframe',NULL,'39',NULL),
  ('402881083eeab97d013eeabbcc000004','402881763a019ea9013a01af2d330015',NULL,'',0,'',NULL,'5',NULL),
  ('402881083eeab97d013eeabd5df00006','402881763a019ea9013a01af2d330015','402881083eeab97d013eeabbcc000004','ҵĶ',1,'tbOrdersController.do?tbOrders',NULL,'1',NULL),
  ('402881e53c8589f7013c85afc393000b','55',NULL,'ͳƲѯ',0,'',NULL,'3',NULL),
  ('402881e53c8adce5013c8b000beb0003','402881763a019ea9013a01af5caf0016','402881e53c8589f7013c85afc393000b','û',1,'logController.do?statisticTabs',NULL,'17',1),
  ('402881e53c98df12013c98fc3b300002','402881763a019ea9013a01af2d330015',NULL,'ò',0,'',NULL,'8',NULL),
  ('402881e53c996700013c9967f0320001','402881763a019ea9013a01af2d330015','402881e53c9a4b8e013c9a4c90960001','ݼ',1,'dataSourceController.do?goDruid&isIframe',NULL,'11',NULL),
  ('402881e53c9a4b8e013c9a4c90960001','402881763a019ea9013a01af2d330015',NULL,'ϵͳ',0,'',NULL,'11',NULL),
  ('402881e93cb29ada013cb29f406e0000','402881763a019ea9013a01af2d330015','402881e53c98df12013c98fc3b300002','ϴ',1,'demoController.do?uploadTabs',NULL,'34',0),
  ('402881e93cb3f340013cb3f93e9a0070','402881763a019ea9013a01af2d330015','402881e53c98df12013c98fc3b300002','֤',1,'demoController.do?formTabs',NULL,'12',NULL),
  ('49','402881763a019ea9013a01af2d330015','27','ͼ',1,'iconController.do?icon','','18',NULL),
  ('71','402881763a019ea9013a01af2d330015','402881e53c9a4b8e013c9a4c90960001','ϵͳ־',1,'logController.do?log','','21',NULL),
  ('80','402881763a019ea9013a01af2d330015','27','Ź',1,'departController.do?depart','','22',NULL);

COMMIT;

#
# Data for the `t_s_icon` table  (LIMIT 0,500)
#

INSERT INTO `t_s_icon` (`id`, `name`, `type`, `path`, `content`, `iconclas`, `extend`) VALUES 
  ('402881763a019ea9013a01adcf29000f','',1,'plug-in/accordion/images/back.png','\0P@\0Ët8JIt2SËBPHvXHI|Hu\b@[Í@\0ËËSt-Xt&J|9})Ӆ|9D$\b|1D$\by[\0SVWÉ։t0JN|*9}&~\")9~)؋R)\0\0\0_^[ÅtVSVWUÉ։ϋRtRO}19~׋ku\0\0\0X9u/H)w؋j]_^[Ðt@t1SVWƉ׋OWVJxF)~uVW_^tZ1\b1Z)_^[Í@\0SVWÉ1~Ht#xu\b\tPX\bp\0(ǋtH9|,;_^[ËSVWÉ։ω~_^[Ë3\0\0\0SӉ1ɅtK)QY[YðÅtPj\0Í@\0tRÍ@\0t\0\0\0\0\0PRXÍ@\0SVÉ֋t\0\0\0\0PxNu^[Í@\0JQRPIqËSVWUP$\tx]n\0\0}(VD$\bL$\0\08؅~T$ǋ9\0\0\0*݋ǋ\0\0VL$\n؅}3ۋǋ\0\0\0\0]_^[ËPQRZ2ÐR\0\0\0CZÐR\0\0\0ZÐ1Ʌt!R:\nt:Jt:Jt:JtBBBZ)Í@\01Ʌt-Rf;\nt f;Jtf;Jtf;Jt\bZ)TÍ@\01Ɋ\nBÐWPQ1fuXX_,Í@\01ɅtJÐSVW\0ً\0\0\0~\0\0\0Y\0\0\0;Åu3PD$Ϻ\0\0}3;}È~V̑\0\0\0_^[ÐtÐ\0\0U@\0Ët@ËSVWUQ$؅tB$\03I~ɋ׋$\0ɍw$3Z]_^[ÐSVWUL$$}؋D$rut1ɋ׋-ɍ_D$$YZ]_^[SVRP1LtAJuPƋDt\nHKuZX','back','png'),
  ('402881763a019ea9013a01aeefad0014','ͼ',1,'plug-in/accordion/images/pie.png','\0P@\0Ët8JIt2SËBPHvXHI|Hu\b@[Í@\0ËËSt-Xt&J|9})Ӆ|9D$\b|1D$\by[\0SVWÉ։t0JN|*9}&~\")9~)؋R)\0\0\0_^[ÅtVSVWUÉ։ϋRtRO}19~׋ku\0\0\0X9u/H)w؋j]_^[Ðt@t1SVWƉ׋OWVJxF)~uVW_^tZ1\b1Z)_^[Í@\0SVWÉ1~Ht#xu\b\tPX\bp\0(ǋtH9|,;_^[ËSVWÉ։ω~_^[Ë3\0\0\0SӉ1ɅtK)QY[YðÅtPj\0Í@\0tRÍ@\0t\0\0\0\0\0PRXÍ@\0SVÉ֋t\0\0\0\0PxNu^[Í@\0JQRPIqËSVWUP$\tx]n\0\0}(VD$\bL$\0\08؅~T$ǋ9\0\0\0*݋ǋ\0\0VL$\n؅}3ۋǋ\0\0\0\0]_^[ËPQRZ2ÐR\0\0\0CZÐR\0\0\0ZÐ1Ʌt!R:\nt:Jt:Jt:JtBBBZ)Í@\01Ʌt-Rf;\nt f;Jtf;Jtf;Jt\bZ)TÍ@\01Ɋ\nBÐWPQ1fuXX_,Í@\01ɅtJÐSVW\0ً\0\0\0~\0\0\0Y\0\0\0;Åu3PD$Ϻ\0\0}3;}È~V̑\0\0\0_^[ÐtÐ\0\0U@\0Ët@ËSVWUQ$؅tB$\03I~ɋ׋$\0ɍw$3Z]_^[ÐSVWUL$$}؋D$rut1ɋ׋-ɍ_D$$YZ]_^[SVRP1LtAJuPƋDt\nHKuZXZ^[X$SVWƉ9trtQtTFW)wRt&9uAJtN_9u4\b\bJuZtfff9u!W)F)Zf9u\tf9_^[Í@\0USVWڋQ}3K;}؅}3\b+;}ǋ֋M\b_^[]\0@\0SVWUQڋE\0~n|i;|e~aK++ǋ}3uu3$9L$~ɋ$E\0~+E\0pɋ$Zw','pie','png'),
  ('402881763a019ea9013a01af2d330015','ͼƬ',1,'plug-in/accordion/images/pictures.png','\0P@\0Ët8JIt2SËBPHvXHI|Hu\b@[Í@\0ËËSt-Xt&J|9})Ӆ|9D$\b|1D$\by[\0SVWÉ։t0JN|*9}&~\")9~)؋R)\0\0\0_^[ÅtVSVWUÉ։ϋRtRO}19~׋ku\0\0\0X9u/H)w؋j]_^[Ðt@t1SVWƉ׋OWVJxF)~uVW_^tZ1\b1Z)_^[Í@\0SVWÉ1~Ht#xu\b\tPX\bp\0(ǋtH9|,;_^[ËSVWÉ։ω~_^[Ë3\0\0\0SӉ1ɅtK)QY[YðÅtPj\0Í@\0tRÍ@\0t\0\0\0\0\0PRXÍ@\0SVÉ֋t\0\0\0\0PxNu^[Í@\0JQRPIqËSVWUP$\tx]n\0\0}(VD$\bL$\0\08؅~T$ǋ9\0\0\0*݋ǋ\0\0VL$\n؅}3ۋǋ\0\0\0\0]_^[ËPQRZ2ÐR\0\0\0CZÐR\0\0\0ZÐ1Ʌt!R:\nt:Jt:Jt:JtBBBZ)Í@\01Ʌt-Rf;\nt f;Jtf;Jtf;Jt\bZ)TÍ@\01Ɋ\nBÐWPQ1fuXX_,Í@\01ɅtJÐSVW\0ً\0\0\0~\0\0\0Y\0\0\0;Åu3PD$Ϻ\0\0}3;}È~V̑\0\0\0_^[ÐtÐ\0\0U@\0Ët@ËSVWUQ$؅tB$\03I~ɋ׋$\0ɍw$3Z]_^[ÐSVWUL$$}؋D$rut1ɋ׋-ɍ_D$','pictures','png'),
  ('402881763a019ea9013a01af5caf0016','',1,'plug-in/accordion/images/pencil.png','\0P@\0Ët8JIt2SËBPHvXHI|Hu\b@[Í@\0ËËSt-Xt&J|9})Ӆ|9D$\b|1D$\by[\0SVWÉ։t0JN|*9}&~\")9~)؋R)\0\0\0_^[ÅtVSVWUÉ։ϋRtRO}19~׋ku\0\0\0X9u/H)w؋j]_^[Ðt@t1SVWƉ׋OWVJxF)~uVW_^tZ1\b1Z)_^[Í@\0SVWÉ1~Ht#xu\b\tPX\bp\0(ǋtH9|,;_^[ËSVWÉ։ω~_^[Ë3\0\0\0SӉ1ɅtK)QY[YðÅtPj\0Í@\0tRÍ@\0t\0\0\0\0\0PRXÍ@\0SVÉ֋t\0\0\0\0PxNu^[Í@\0JQRPIqËSVWUP$\tx]n\0\0}(VD$\bL$\0\08؅~T$ǋ9\0\0\0*݋ǋ\0\0VL$\n؅}3ۋǋ\0\0\0\0]_^[ËPQRZ2ÐR\0\0\0CZÐR\0\0\0ZÐ1Ʌt!R:\nt:Jt:Jt:JtBBBZ)Í@\01Ʌt-Rf;\nt f;Jtf;Jtf;Jt\bZ)TÍ@\01Ɋ\nBÐWPQ1fuXX_,Í@\01ɅtJÐSVW\0ً\0\0\0~\0\0\0Y\0\0\0;Åu3PD$Ϻ\0\0','pencil','png'),
  ('402881763a019ea9013a01af94b70017','ͼ',1,'plug-in/accordion/images/map.png','\0P@\0Ët8JIt2SËBPHvXHI|Hu\b@[Í@\0ËËSt-Xt&J|9})Ӆ|9D$\b|1D$\by[\0SVWÉ։t0JN|*9}&~\")9~)؋R)\0\0\0_^[ÅtVSVWUÉ։ϋRtRO}19~׋ku\0\0\0X9u/H)w؋j]_^[Ðt@t1SVWƉ׋OWVJxF)~uVW_^tZ1\b1Z)_^[Í@\0SVWÉ1~Ht#xu\b\tPX\bp\0(ǋtH9|,;_^[ËSVWÉ։ω~_^[Ë3\0\0\0SӉ1ɅtK)QY[YðÅtPj\0Í@\0tRÍ@\0t\0\0\0\0\0PRXÍ@\0SVÉ֋t\0\0\0\0PxNu^[Í@\0JQRPIqËSVWUP$\tx]n\0\0}(VD$\bL$\0\08؅~T$ǋ9\0\0\0*݋ǋ\0\0VL$\n؅}3ۋǋ\0\0\0\0]_^[ËPQRZ2ÐR\0\0\0CZÐR\0\0\0ZÐ1Ʌt!R:\nt:Jt:Jt:JtBBBZ)Í@\01Ʌt-Rf;\nt f;Jtf;Jtf;Jt\bZ)TÍ@\01Ɋ\nBÐWPQ1fuXX_,Í@\01ɅtJÐSVW\0ً\0\0\0~\0\0\0Y\0\0\0;Åu3PD$Ϻ\0\0}3;}È~V̑\0\0\0_^[ÐtÐ\0\0U@\0Ët@ËSVWUQ$؅tB$\03I~ɋ׋$\0ɍw$3Z]_^[ÐSVWUL$$}؋D$rut1ɋ׋-ɍ_D$$YZ]_^[SVRP1LtAJuPƋDt\nHKuZXZ^[X$SVWƉ9trtQtTFW)wRt&9uAJtN_9u4\b\bJuZtfff9u!W)F)Zf9u\tf9_^[Í@\0USVWڋ','map','png'),
  ('402881763a019ea9013a01b009b80019','',1,'plug-in/accordion/images/group_add.png','\0P@\0Ët8JIt2SËBPHvXHI|Hu\b@[Í@\0ËËSt-Xt&J|9})Ӆ|9D$\b|1D$\by[\0SVWÉ։t0JN|*9}&~\")9~)؋R)\0\0\0_^[ÅtVSVWUÉ։ϋRtRO}19~׋ku\0\0\0X9u/H)w؋j]_^[Ðt@t1SVWƉ׋OWVJxF)~uVW_^tZ1\b1Z)_^[Í@\0SVWÉ1~Ht#xu\b\tPX\bp\0(ǋtH9|,;_^[ËSVWÉ։ω~_^[Ë3\0\0\0SӉ1ɅtK)QY[YðÅtPj\0Í@\0tRÍ@\0t\0\0\0\0\0PRXÍ@\0SVÉ֋t\0\0\0\0PxNu^[Í@\0JQRPIqËSVWUP$\tx]n\0\0}(VD$\bL$\0\08؅~T$ǋ9\0\0\0*݋ǋ\0\0VL$\n؅}3ۋǋ\0\0\0\0]_^[ËPQRZ2ÐR\0\0\0CZÐR\0\0\0ZÐ1Ʌt!R:\nt:Jt:Jt:JtBBBZ)Í@\01Ʌt-Rf;\nt f;Jtf;Jtf;Jt\bZ)TÍ@\01Ɋ\nBÐWPQ1fuXX_,Í@\01ɅtJÐSVW\0ً\0\0\0~\0\0\0Y\0\0\0;Åu3PD$Ϻ\0\0}3;}È~V̑\0\0\0_^[ÐtÐ\0\0U@\0Ët@ËSVWUQ$؅tB$\03I~ɋ׋$\0ɍw$3Z]_^[ÐSVWUL$$}؋D$rut1ɋ׋-ɍ_D$$YZ]_^[SVRP1LtAJuPƋDt\nHKuZXZ^[X$SVWƉ','group_add','png'),
  ('402881763a019ea9013a01b043a4001a','',1,'plug-in/accordion/images/calculator.png','\0P@\0Ët8JIt2SËBPHvXHI|Hu\b@[Í@\0ËËSt-Xt&J|9})Ӆ|9D$\b|1D$\by[\0SVWÉ։t0JN|*9}&~\")9~)؋R)\0\0\0_^[ÅtVSVWUÉ։ϋRtRO}19~׋ku\0\0\0X9u/H)w؋j]_^[Ðt@t1SVWƉ׋OWVJxF)~uVW_^tZ1\b1Z)_^[Í@\0SVWÉ1~Ht#xu\b\tPX\bp\0(ǋtH9|,;_^[ËSVWÉ։ω~_^[Ë3\0\0\0SӉ1ɅtK)QY[YðÅtPj\0Í@\0tRÍ@\0t\0\0\0\0\0PRXÍ@\0SVÉ֋t\0\0\0\0PxNu^[Í@\0JQRPIqËSVWUP$\tx]n\0\0}(VD$\bL$\0\08؅~T$ǋ9\0\0\0*݋ǋ\0\0VL$\n؅}3ۋǋ\0\0\0\0]_^[ËPQRZ2ÐR\0\0\0CZÐR\0\0\0ZÐ1Ʌt!R:\nt:Jt:Jt:JtBBBZ)Í@\01Ʌt-Rf;\nt f;Jtf;Jtf;Jt\bZ)TÍ@\01Ɋ\nBÐWPQ1fuXX_,Í@\01Ʌ','calculator','png'),
  ('55','folder.png',1,'plug-in/accordion/images/folder.png',NULL,'folder','png');

COMMIT;

#
# Data for the `t_s_log` table  (LIMIT 0,500)
#

INSERT INTO `t_s_log` (`id`, `userid`, `loglevel`, `operatetime`, `operatetype`, `logcontent`, `note`, `broswer`) VALUES 
  ('297e5a493d533ad1013d533b59030000','40',1,'2013-03-10 15:37:11',1,'û: admin¼ɹ','169.254.218.201','Chrome'),
  ('297e5a493d533ad1013d533c9925002c',NULL,2,'2013-03-10 15:38:33',1,'ûadmin˳','169.254.218.201','Chrome'),
  ('297e5a493d533ad1013d533cbc4d002d','40',1,'2013-03-10 15:38:42',1,'û: admin¼ɹ','169.254.218.201','Chrome'),
  ('297e5a493d533ad1013d533d053c002e','40',4,'2013-03-10 15:39:00',1,'JeecgDemo: 12ɾ ɹ','169.254.218.201','Chrome'),
  ('297e5a493d533ad1013d533d0d4b002f','40',4,'2013-03-10 15:39:02',1,'JeecgDemo: 12ɾ ɹ','169.254.218.201','Chrome'),
  ('297e5a493d533ad1013d533d13460030','40',4,'2013-03-10 15:39:04',1,'JeecgDemo: 12ɾ ɹ','169.254.218.201','Chrome'),
  ('297e5a493d533ad1013d533d78590031','40',5,'2013-03-10 15:39:30',1,'Ȩ: ģͱ³ɹ','169.254.218.201','Chrome'),
  ('297e5a493d533ad1013d533d99010032','40',4,'2013-03-10 15:39:38',1,'ɾɹ','169.254.218.201','Chrome'),
  ('297e5a493d533ad1013d533d9edd0033','40',4,'2013-03-10 15:39:40',1,'ɾɹ','169.254.218.201','Chrome'),
  ('297e5a493d533ad1013d533da45b0034','40',4,'2013-03-10 15:39:41',1,'ɾɹ','169.254.218.201','Chrome'),
  ('297e5a493d533ad1013d533da9c90035','40',4,'2013-03-10 15:39:42',1,'ɾɹ','169.254.218.201','Chrome'),
  ('297e5a493d533ad1013d533decfd0037','40',3,'2013-03-10 15:40:00',1,'ӳɹ','169.254.218.201','Chrome'),
  ('297e5a493d533ad1013d533dfcac0038','40',5,'2013-03-10 15:40:04',1,'³ɹ','169.254.218.201','Chrome'),
  ('297e5a493d533ad1013d533e9b7c003a','40',3,'2013-03-10 15:40:44',1,'JeecgDemo: 12ӳɹ','169.254.218.201','Chrome'),
  ('297e5a493d533ad1013d533f3ccd003b','40',5,'2013-03-10 15:41:26',1,': Ϣ³ɹ','169.254.218.201','Chrome'),
  ('297e5a493d533ad1013d533f6c2a003c','40',5,'2013-03-10 15:41:38',1,': Ʋ³ɹ','169.254.218.201','Chrome'),
  ('297e5a493d533ad1013d534444660067','40',5,'2013-03-10 15:46:55',1,': Ϣ̱³ɹ','169.254.218.201','Chrome'),
  ('297e5a493d5345a4013d5345faa20000','40',1,'2013-03-10 15:48:47',1,'û: admin¼ɹ','169.254.218.201','Chrome'),
  ('297e5a493d8d8c36013d8d8c90970000','40',1,'2013-03-21 23:23:52',1,'û: admin¼ɹ','169.254.218.201','Chrome'),
  ('297e5a493d8d8e26013d8d8eda680000','40',1,'2013-03-21 23:26:22',1,'û: admin¼ɹ','169.254.218.201','Chrome'),
  ('297e5a493d8d8e26013d8d90dec40002','40',3,'2013-03-21 23:28:34',1,'Ȩ: һԶʵӳɹ','169.254.218.201','Chrome'),
  ('297e5a493d8f7b2d013d8f7c19f40000','40',1,'2013-03-22 08:25:07',1,'û: admin¼ɹ','169.254.218.201','Chrome'),
  ('297e5a493d8fa0ad013d8fa0fe1b0000','40',1,'2013-03-22 09:05:25',1,'û: admin¼ɹ','169.254.218.201','Chrome'),
  ('297e5a493d8fa0ad013d8fa4590d0001','40',1,'2013-03-22 09:09:05',1,'û: admin¼ɹ','169.254.218.201','Chrome'),
  ('297e5a493d8fa0ad013d8fb670180002','40',1,'2013-03-22 09:28:50',1,'û: admin¼ɹ','169.254.218.201','MSIE 8.0'),
  ('297e5a493d8fa0ad013d8ff128330003','40',1,'2013-03-22 10:32:59',1,'û: admin¼ɹ','169.254.218.201','Chrome'),
  ('297e5a493d8fa0ad013d8ff3afa9000c','40',3,'2013-03-22 10:35:44',1,'Ʒ: ʼǱӳɹ','169.254.218.201','Chrome'),
  ('297e5a493d8fa0ad013d8ff9324e000d','40',1,'2013-03-22 10:41:46',1,'û: admin¼ɹ','169.254.218.201','MSIE 8.0'),
  ('297e5a493d912600013d9126d80c0000','40',1,'2013-03-22 16:11:14',1,'û: admin¼ɹ','169.254.218.201','Chrome'),
  ('297e5a493d925baf013d925cb9640000','40',1,'2013-03-22 21:49:43',1,'û: admin¼ɹ','169.254.218.201','Chrome'),
  ('297e5a493d92ac3d013d92acd11d0000','40',1,'2013-03-22 23:17:12',1,'û: admin¼ɹ','169.254.218.201','Chrome'),
  ('297e5a493d92b56c013d92b620d80000','40',1,'2013-03-22 23:27:22',1,'û: admin¼ɹ','169.254.218.201','Chrome'),
  ('297e5a493d92e253013d92e2ce670000','40',1,'2013-03-23 00:16:10',1,'û: admin¼ɹ','169.254.218.201','Chrome'),
  ('297e5a493d92e869013d92e8daed0000','40',1,'2013-03-23 00:22:46',1,'û: admin¼ɹ','169.254.218.201','Chrome'),
  ('297e5a493d92f00f013d92f08dc00000','40',1,'2013-03-23 00:31:11',1,'û: admin¼ɹ','169.254.218.201','Chrome'),
  ('297e5a493d95e654013d95eaa6eb0000','40',1,'2013-03-23 14:23:36',1,'û: admin¼ɹ','169.254.218.201','Chrome'),
  ('297e5a493d95e654013d961102de0004','40',3,'2013-03-23 15:05:30',1,'̲: ӳɹ','169.254.218.201','Chrome'),
  ('297e5a493d95e654013d9611319e0006','40',3,'2013-03-23 15:05:42',1,'ҵ: ְ뱻ӳɹ','169.254.218.201','Chrome'),
  ('297e5a493d95e654013d9617d3dc0008','40',3,'2013-03-23 15:12:56',1,'Ȩ: ְ뱻ӳɹ','169.254.218.201','Chrome'),
  ('297e5a493d95e654013d96183b8f000a','40',3,'2013-03-23 15:13:23',1,'Ȩ: ְӳɹ','169.254.218.201','Chrome'),
  ('402881083ee9c9ca013ee9ca868d0000','40',1,'2013-05-28 14:19:24',1,'û: admin¼ɹ','192.168.1.136','Firefox'),
  ('402881083ee9e7c2013ee9e857400000','40',1,'2013-05-28 14:51:58',1,'û: admin¼ɹ','192.168.1.136','Firefox'),
  ('402881083ee9e7c2013ee9ea2fe70001','40',1,'2013-05-28 14:53:59',1,'û: admin¼ɹ','192.168.1.136','Firefox'),
  ('402881083ee9ebe2013ee9ec22e50000',NULL,2,'2013-05-28 14:56:06',1,'ûadmin˳','192.168.1.136','Firefox'),
  ('402881083ee9ebe2013ee9ec396c0001','40',1,'2013-05-28 14:56:12',1,'û: admin¼ɹ','192.168.1.136','Firefox'),
  ('402881083ee9ed25013ee9ed9d820000','40',1,'2013-05-28 14:57:43',1,'û: admin¼ɹ','192.168.1.136','Firefox'),
  ('402881083ee9ee30013ee9ee6cd90000',NULL,2,'2013-05-28 14:58:36',1,'ûadmin˳','192.168.1.136','Firefox'),
  ('402881083ee9ee30013ee9ee86950001','40',1,'2013-05-28 14:58:43',1,'û: admin¼ɹ','192.168.1.136','Firefox'),
  ('402881083eea17eb013eea1852990000','40',1,'2013-05-28 15:44:22',1,'û: admin¼ɹ','192.168.1.136','Firefox'),
  ('402881083eeaa273013eeaa2c8660000','40',1,'2013-05-28 18:15:36',1,'û: admin¼ɹ','192.168.1.136','Firefox'),
  ('402881083eeab040013eeab07b2f0000','40',1,'2013-05-28 18:30:34',1,'û: admin¼ɹ','192.168.1.136','Firefox'),
  ('402881083eeab229013eeab242b60000',NULL,2,'2013-05-28 18:32:31',1,'ûadmin˳','192.168.1.136','Firefox'),
  ('402881083eeab229013eeab259170001','40',1,'2013-05-28 18:32:36',1,'û: admin¼ɹ','192.168.1.136','Firefox'),
  ('402881083eeab6c1013eeab7adfc0000','40',1,'2013-05-28 18:38:26',1,'û: admin¼ɹ','192.168.1.136','Firefox'),
  ('402881083eeab97d013eeab9ad530000',NULL,2,'2013-05-28 18:40:37',1,'ûadmin˳','192.168.1.136','Firefox'),
  ('402881083eeab97d013eeab9d0790001','40',1,'2013-05-28 18:40:46',1,'û: admin¼ɹ','192.168.1.136','Firefox'),
  ('402881083eeab97d013eeaba03e70002',NULL,2,'2013-05-28 18:40:59',1,'ûadmin˳','192.168.1.136','Firefox'),
  ('402881083eeab97d013eeaba24170003','40',1,'2013-05-28 18:41:07',1,'û: admin¼ɹ','192.168.1.136','Firefox'),
  ('402881083eeab97d013eeabbcc500005','40',3,'2013-05-28 18:42:56',1,'Ȩ: ӳɹ','192.168.1.136','Firefox'),
  ('402881083eeab97d013eeabd5dfc0007','40',3,'2013-05-28 18:44:39',1,'Ȩ: ҵĶӳɹ','192.168.1.136','Firefox'),
  ('402881083eeab97d013eeabdee2f001f',NULL,2,'2013-05-28 18:45:15',1,'ûadmin˳','192.168.1.136','Firefox'),
  ('402881083eeab97d013eeabe00790020','40',1,'2013-05-28 18:45:20',1,'û: admin¼ɹ','192.168.1.136','Firefox'),
  ('402881083eeabff2013eeac021380000',NULL,2,'2013-05-28 18:47:40',1,'ûadmin˳','192.168.1.136','Firefox'),
  ('402881083eeabff2013eeac040a90001','40',1,'2013-05-28 18:47:48',1,'û: admin¼ɹ','192.168.1.136','Firefox'),
  ('402881083eeabff2013eeac05a0f0002',NULL,2,'2013-05-28 18:47:54',1,'ûadmin˳','192.168.1.136','Firefox'),
  ('402881083eeabff2013eeac07c5b0003','40',1,'2013-05-28 18:48:03',1,'û: admin¼ɹ','192.168.1.136','Firefox'),
  ('402881083eead796013eead7ebba0000','40',1,'2013-05-28 19:13:39',1,'û: admin¼ɹ','192.168.1.136','Firefox'),
  ('402881083eeade7a013eeade98f40000',NULL,2,'2013-05-28 19:20:56',1,'ûadmin˳','192.168.1.136','Firefox'),
  ('402881083eeade7a013eeadedc560001','40',1,'2013-05-28 19:21:14',1,'û: admin¼ɹ','192.168.1.136','Firefox'),
  ('402881083eeade7a013eeadefb470002',NULL,2,'2013-05-28 19:21:21',1,'ûadmin˳','192.168.1.136','Firefox'),
  ('402881083eeade7a013eeadf0f140003','40',1,'2013-05-28 19:21:27',1,'û: admin¼ɹ','192.168.1.136','Firefox'),
  ('402881083eeade7a013eeae002ca0005','40',3,'2013-05-28 19:22:29',1,'Ȩ: ¼붩ӳɹ','192.168.1.136','Firefox'),
  ('402881083eeade7a013eeae041bb001e',NULL,2,'2013-05-28 19:22:45',1,'ûadmin˳','192.168.1.136','Firefox'),
  ('402881083eeade7a013eeae0534d001f','40',1,'2013-05-28 19:22:50',1,'û: admin¼ɹ','192.168.1.136','Firefox'),
  ('402881083eeae8c6013eeae942980000','40',1,'2013-05-28 19:32:35',1,'û: admin¼ɹ','192.168.1.136','Firefox'),
  ('402881083eeae8c6013eeae9e2640001','40',5,'2013-05-28 19:33:16',1,'Ȩ: ҵĶ³ɹ','192.168.1.136','Firefox'),
  ('402881083eeae8c6013eeaea2e3d0002',NULL,2,'2013-05-28 19:33:35',1,'ûadmin˳','192.168.1.136','Firefox'),
  ('402881083eeae8c6013eeaea3f790003','40',1,'2013-05-28 19:33:40',1,'û: admin¼ɹ','192.168.1.136','Firefox'),
  ('402881083eeaf146013eeaf1e08d0000','40',1,'2013-05-28 19:42:00',1,'û: admin¼ɹ','192.168.1.136','Firefox'),
  ('402881083eeaf146013eeaf2dc060002','40',3,'2013-05-28 19:43:04',1,'Ȩ: yukyӳɹ','192.168.1.136','Firefox'),
  ('402881083eeaf146013eeaf341800011',NULL,2,'2013-05-28 19:43:30',1,'ûadmin˳','192.168.1.136','Firefox'),
  ('402881083eeaf146013eeaf353cc0012','40',1,'2013-05-28 19:43:35',1,'û: admin¼ɹ','192.168.1.136','Firefox'),
  ('402881083eeaf146013eeafa2e800013',NULL,2,'2013-05-28 19:51:04',1,'ûadmin˳','192.168.1.136','Firefox'),
  ('402881083eeaf146013eeafa40e50014','40',1,'2013-05-28 19:51:09',1,'û: admin¼ɹ','192.168.1.136','Firefox'),
  ('402881083eeb0868013eeb0928e40000','40',1,'2013-05-28 20:07:26',1,'û: admin¼ɹ','192.168.1.136','Firefox'),
  ('402881083eeb0868013eeb0a247c0001','40',5,'2013-05-28 20:08:30',1,'Ȩ: ҵĶ³ɹ','192.168.1.136','Firefox'),
  ('402881083eeb0868013eeb0be5980003','40',3,'2013-05-28 20:10:25',1,'Ȩ: Сӳɹ','192.168.1.136','Firefox'),
  ('402881083eeb0868013eeb0c2f48001e',NULL,2,'2013-05-28 20:10:44',1,'ûadmin˳','192.168.1.136','Firefox'),
  ('402881083eeb0868013eeb0c42c6001f','40',1,'2013-05-28 20:10:49',1,'û: admin¼ɹ','192.168.1.136','Firefox'),
  ('402881083eeb0868013eeb0db1b50021','40',3,'2013-05-28 20:12:23',1,'ӳɹ','192.168.1.136','Firefox'),
  ('402881083eeb0868013eeb0dc7fc0022','40',4,'2013-05-28 20:12:29',1,'ɾɹ','192.168.1.136','Firefox'),
  ('402881083eeee07d013eeee1d08a0000','40',1,'2013-05-29 14:02:56',1,'û: admin¼ɹ','192.168.1.136','Firefox'),
  ('402881083eeee07d013eeee3964d0002','40',3,'2013-05-29 14:04:52',1,'ӳɹ','192.168.1.136','Firefox'),
  ('402881083eeef9f2013eeefa365a0000','40',1,'2013-05-29 14:29:35',1,'û: admin¼ɹ','192.168.1.136','Firefox'),
  ('402881083eef0239013eef02bf690000',NULL,2,'2013-05-29 14:38:54',1,'ûadmin˳','192.168.1.136','Firefox'),
  ('402881083eef0239013eef02d7300001','40',1,'2013-05-29 14:39:00',1,'û: admin¼ɹ','192.168.1.136','Firefox'),
  ('402881083eef0239013eef0332860002',NULL,2,'2013-05-29 14:39:24',1,'ûadmin˳','192.168.1.136','Firefox'),
  ('402881083eef0239013eef0383250003','40',1,'2013-05-29 14:39:44',1,'û: admin¼ɹ','192.168.1.136','Firefox'),
  ('402881083eef088b013eef09598c0000',NULL,2,'2013-05-29 14:46:07',1,'ûadmin˳','192.168.1.136','Firefox'),
  ('402881083eef088b013eef0983140001','40',1,'2013-05-29 14:46:18',1,'û: admin¼ɹ','192.168.1.136','Firefox'),
  ('402881083eef088b013eef0a7ce20002','40',1,'2013-05-29 14:47:22',1,'û: admin¼ɹ','192.168.1.136',''),
  ('402881083eef0e22013eef0ed7d20000',NULL,2,'2013-05-29 14:52:07',1,'ûadmin˳','192.168.1.136',''),
  ('402881083eef0e22013eef0eeb6a0001','40',1,'2013-05-29 14:52:12',1,'û: admin¼ɹ','192.168.1.136',''),
  ('402881083eef0e22013eef0f14270002',NULL,2,'2013-05-29 14:52:22',1,'ûadmin˳','192.168.1.136',''),
  ('402881083eef0e22013eef0f33b80003','40',1,'2013-05-29 14:52:31',1,'û: admin¼ɹ','192.168.1.136',''),
  ('402881083eef0e22013eef100aa10005','40',3,'2013-05-29 14:53:26',1,'ӳɹ','192.168.1.136',''),
  ('402881083eef0e22013eef11849f0007','40',3,'2013-05-29 14:55:02',1,'ӳɹ','192.168.1.136',''),
  ('402881083eef2648013eef26e0570000','40',1,'2013-05-29 15:18:22',1,'û: admin¼ɹ','192.168.1.136',''),
  ('402881083eef2648013eef282f840002','40',3,'2013-05-29 15:19:48',1,'ӳɹ','192.168.1.136',''),
  ('402881083eef2648013eef2eb4110026',NULL,2,'2013-05-29 15:26:55',1,'ûadmin˳','192.168.1.136',''),
  ('402881083eef2648013eef2ec6e70027','40',1,'2013-05-29 15:27:00',1,'û: admin¼ɹ','192.168.1.136',''),
  ('402881083eef2648013eef2f03f90028','40',4,'2013-05-29 15:27:15',1,'Ȩ: ¼붩ɾɹ','192.168.1.136',''),
  ('402881083eef2648013eef2f16e10029','40',4,'2013-05-29 15:27:20',1,'Ȩ: yukyɾɹ','192.168.1.136',''),
  ('402881083eef2648013eef2f25d1002a','40',4,'2013-05-29 15:27:24',1,'Ȩ: Сɾɹ','192.168.1.136',''),
  ('402881083eef3ea6013eef4004470000',NULL,2,'2013-05-29 15:45:50',1,'ûadmin˳','192.168.1.136',''),
  ('402881083eef3ea6013eef4019b00001','40',1,'2013-05-29 15:45:55',1,'û: admin¼ɹ','192.168.1.136',''),
  ('402881083eef3ea6013eef402d5f0002',NULL,2,'2013-05-29 15:46:00',1,'ûadmin˳','192.168.1.136',''),
  ('402881083eef3ea6013eef403f6f0003','40',1,'2013-05-29 15:46:05',1,'û: admin¼ɹ','192.168.1.136',''),
  ('402881083eef3ea6013eef4130970005','40',3,'2013-05-29 15:47:07',1,'ӳɹ','192.168.1.136',''),
  ('402881083eef3ea6013eef42a2120006','40',5,'2013-05-29 15:48:41',1,'³ɹ','192.168.1.136',''),
  ('402881083eef60b5013eef61d3df0000',NULL,2,'2013-05-29 16:22:45',1,'ûadmin˳','192.168.1.136',''),
  ('402881083eef60b5013eef61f0b80001','40',1,'2013-05-29 16:22:53',1,'û: admin¼ɹ','192.168.1.136',''),
  ('402881083eef60b5013eef6203670002',NULL,2,'2013-05-29 16:22:58',1,'ûadmin˳','192.168.1.136',''),
  ('402881083eef60b5013eef621cf20003','40',1,'2013-05-29 16:23:04',1,'û: admin¼ɹ','192.168.1.136',''),
  ('402881083eef60b5013eef6d70930004',NULL,2,'2013-05-29 16:35:26',1,'ûadmin˳','192.168.1.136',''),
  ('402881083eef60b5013eef6d910d0005','40',1,'2013-05-29 16:35:35',1,'û: admin¼ɹ','192.168.1.136',''),
  ('402881083eef60b5013eef6f96a50006',NULL,2,'2013-05-29 16:37:47',1,'ûadmin˳','192.168.1.136',''),
  ('402881083eef60b5013eef6fb5570007','40',1,'2013-05-29 16:37:55',1,'û: admin¼ɹ','192.168.1.136',''),
  ('402881083eef8797013eef87b66a0000',NULL,2,'2013-05-29 17:04:08',1,'ûadmin˳','192.168.1.136',''),
  ('402881083eef8797013eef87ccf40001','40',1,'2013-05-29 17:04:14',1,'û: admin¼ɹ','192.168.1.136',''),
  ('402881083eef8797013eef87e2140002',NULL,2,'2013-05-29 17:04:19',1,'ûadmin˳','192.168.1.136',''),
  ('402881083eef8797013eef87f4f00003','40',1,'2013-05-29 17:04:24',1,'û: admin¼ɹ','192.168.1.136',''),
  ('402881083eef8797013eef9314890004',NULL,2,'2013-05-29 17:16:33',1,'ûadmin˳','192.168.1.136',''),
  ('402881083eef8797013eef9326df0005','40',1,'2013-05-29 17:16:38',1,'û: admin¼ɹ','192.168.1.136',''),
  ('402881083eef94c6013eef94e5ab0000',NULL,2,'2013-05-29 17:18:32',1,'ûadmin˳','192.168.1.136',''),
  ('402881083eef94c6013eef94faf30001','40',1,'2013-05-29 17:18:38',1,'û: admin¼ɹ','192.168.1.136',''),
  ('402881083eef94c6013eef9513810002',NULL,2,'2013-05-29 17:18:44',1,'ûadmin˳','192.168.1.136',''),
  ('402881083eef94c6013eef9524470003','40',1,'2013-05-29 17:18:48',1,'û: admin¼ɹ','192.168.1.136',''),
  ('402881083eef98c0013eef99bb330000',NULL,2,'2013-05-29 17:23:49',1,'ûadmin˳','192.168.1.136',''),
  ('402881083eefac1e013eefac96960000','40',1,'2013-05-29 17:44:25',1,'û: admin¼ɹ','192.168.1.136',''),
  ('402881083eefac1e013eefacab250001',NULL,2,'2013-05-29 17:44:30',1,'ûadmin˳','192.168.1.136',''),
  ('402881083eefac1e013eefacbd8a0002','40',1,'2013-05-29 17:44:35',1,'û: admin¼ɹ','192.168.1.136',''),
  ('402881083ef36d74013ef36f26cf0000','40',1,'2013-05-30 11:15:48',1,'û: admin¼ɹ','192.168.1.136','Firefox'),
  ('402881083ef36d74013ef3882b7f0002','40',3,'2013-05-30 11:43:07',1,'ӳɹ','192.168.1.136','Firefox'),
  ('402881083ef36d74013ef38d95e20003','40',1,'2013-05-30 11:49:02',1,'û: admin¼ɹ','192.168.1.136',''),
  ('402881083ef414c6013ef416435c0000','40',1,'2013-05-30 14:18:19',1,'û: admin¼ɹ','192.168.1.136','Firefox'),
  ('402881083ef42d12013ef42d52e90000',NULL,2,'2013-05-30 14:43:31',1,'ûadmin˳','192.168.1.136','Firefox'),
  ('402881083ef42d12013ef42d74d20001','40',1,'2013-05-30 14:43:39',1,'û: admin¼ɹ','192.168.1.136','Firefox'),
  ('402881083ef42d12013ef42d88830002',NULL,2,'2013-05-30 14:43:44',1,'ûadmin˳','192.168.1.136','Firefox'),
  ('402881083ef42d12013ef42d9b1e0003','40',1,'2013-05-30 14:43:49',1,'û: admin¼ɹ','192.168.1.136','Firefox'),
  ('402881083ef43131013ef431692e0000',NULL,2,'2013-05-30 14:47:59',1,'ûadmin˳','192.168.1.136','Firefox'),
  ('402881083ef43131013ef43184eb0001','40',1,'2013-05-30 14:48:06',1,'û: admin¼ɹ','192.168.1.136','Firefox'),
  ('402881083ef43131013ef4319d920002',NULL,2,'2013-05-30 14:48:12',1,'ûadmin˳','192.168.1.136','Firefox'),
  ('402881083ef43131013ef431b0e20003','40',1,'2013-05-30 14:48:17',1,'û: admin¼ɹ','192.168.1.136','Firefox'),
  ('402881083ef433b3013ef43462420000',NULL,2,'2013-05-30 14:51:13',1,'ûadmin˳','192.168.1.136','Firefox'),
  ('402881083ef433b3013ef43480200001','40',1,'2013-05-30 14:51:21',1,'û: admin¼ɹ','192.168.1.136','Firefox'),
  ('402881083ef433b3013ef43492070002',NULL,2,'2013-05-30 14:51:26',1,'ûadmin˳','192.168.1.136','Firefox'),
  ('402881083ef433b3013ef434a4600003','40',1,'2013-05-30 14:51:30',1,'û: admin¼ɹ','192.168.1.136','Firefox'),
  ('402881083ef43585013ef43604620000','40',1,'2013-05-30 14:53:00',1,'û: admin¼ɹ','192.168.1.136','Firefox'),
  ('402881083ef43585013ef436178f0001',NULL,2,'2013-05-30 14:53:05',1,'ûadmin˳','192.168.1.136','Firefox'),
  ('402881083ef43585013ef436295b0002','40',1,'2013-05-30 14:53:10',1,'û: admin¼ɹ','192.168.1.136','Firefox'),
  ('402881083ef45a1c013ef45aa48a0000','40',1,'2013-05-30 15:33:01',1,'û: admin¼ɹ','192.168.1.136','Firefox'),
  ('402881083ef45c62013ef45c98270000',NULL,2,'2013-05-30 15:35:09',1,'ûadmin˳','192.168.1.136','Firefox'),
  ('402881083ef45c62013ef45cad410001','40',1,'2013-05-30 15:35:14',1,'û: admin¼ɹ','192.168.1.136','Firefox'),
  ('402881083ef45c62013ef45cd23e0002',NULL,2,'2013-05-30 15:35:23',1,'ûadmin˳','192.168.1.136','Firefox'),
  ('402881083ef45c62013ef45ce3cc0003','40',1,'2013-05-30 15:35:28',1,'û: admin¼ɹ','192.168.1.136','Firefox'),
  ('402881083ef460a9013ef460e2450000',NULL,2,'2013-05-30 15:39:50',1,'ûadmin˳','192.168.1.136','Firefox'),
  ('402881083ef460a9013ef460f7650001','40',1,'2013-05-30 15:39:55',1,'û: admin¼ɹ','192.168.1.136','Firefox'),
  ('402881083ef460a9013ef4610b390002',NULL,2,'2013-05-30 15:40:00',1,'ûadmin˳','192.168.1.136','Firefox'),
  ('402881083ef460a9013ef4611e660003','40',1,'2013-05-30 15:40:05',1,'û: admin¼ɹ','192.168.1.136','Firefox'),
  ('402881083ef46461013ef464a7db0000','40',1,'2013-05-30 15:43:57',1,'û: admin¼ɹ','192.168.1.136','Firefox'),
  ('402881083ef46baa013ef46bd9660000','40',1,'2013-05-30 15:51:48',1,'û: admin¼ɹ','192.168.1.136','Firefox'),
  ('402881083ef46c8a013ef46cf1140000',NULL,2,'2013-05-30 15:53:00',1,'ûadmin˳','192.168.1.136','Firefox'),
  ('402881083ef46c8a013ef46d0b180001','40',1,'2013-05-30 15:53:07',1,'û: admin¼ɹ','192.168.1.136','Firefox'),
  ('402881083ef46c8a013ef46d2efa0002',NULL,2,'2013-05-30 15:53:16',1,'ûadmin˳','192.168.1.136','Firefox'),
  ('402881083ef46c8a013ef46d43e30003','40',1,'2013-05-30 15:53:21',1,'û: admin¼ɹ','192.168.1.136','Firefox'),
  ('402881083ef46fea013ef4705dd70000','40',1,'2013-05-30 15:56:44',1,'û: admin¼ɹ','192.168.1.136','Firefox'),
  ('402881083ef47393013ef473c4490000',NULL,2,'2013-05-30 16:00:27',1,'ûadmin˳','192.168.1.136','Firefox'),
  ('402881083ef47393013ef47402c80001','40',1,'2013-05-30 16:00:43',1,'û: admin¼ɹ','192.168.1.136','Firefox'),
  ('402881083ef47393013ef47416dc0002',NULL,2,'2013-05-30 16:00:48',1,'ûadmin˳','192.168.1.136','Firefox'),
  ('402881083ef47393013ef474287d0003','40',1,'2013-05-30 16:00:53',1,'û: admin¼ɹ','192.168.1.136','Firefox'),
  ('402881083ef49722013ef49c0d380000',NULL,2,'2013-05-30 16:44:27',1,'ûadmin˳','192.168.1.136','Firefox'),
  ('402881083ef49722013ef49c23dd0001','40',1,'2013-05-30 16:44:33',1,'û: admin¼ɹ','192.168.1.136','Firefox'),
  ('402881083ef49722013ef49d462c0002',NULL,2,'2013-05-30 16:45:47',1,'ûadmin˳','192.168.1.136','Firefox'),
  ('402881083ef49722013ef49d57fc0003','40',1,'2013-05-30 16:45:52',1,'û: admin¼ɹ','192.168.1.136','Firefox'),
  ('402881083ef49722013ef49e4c510004','40',5,'2013-05-30 16:46:55',1,'³ɹ','192.168.1.136','Firefox'),
  ('402881083ef4bf66013ef4bfd8850000','40',1,'2013-05-30 17:23:33',1,'û: admin¼ɹ','192.168.1.136','Firefox'),
  ('402881083ef4bf66013ef4bfeda70001',NULL,2,'2013-05-30 17:23:39',1,'ûadmin˳','192.168.1.136','Firefox'),
  ('402881083ef4bf66013ef4c000840002','40',1,'2013-05-30 17:23:43',1,'û: admin¼ɹ','192.168.1.136','Firefox'),
  ('402881083ef4c573013ef4c5cf450000','40',1,'2013-05-30 17:30:04',1,'û: admin¼ɹ','192.168.1.136','Firefox'),
  ('402881083ef8982b013ef89928130000','40',1,'2013-05-31 11:19:46',1,'û: admin¼ɹ','192.168.1.136','Firefox'),
  ('402881083ef8a415013ef8a494200000',NULL,2,'2013-05-31 11:32:15',1,'ûadmin˳','192.168.1.136','Firefox'),
  ('402881083ef8a415013ef8a4a85d0001','40',1,'2013-05-31 11:32:20',1,'û: admin¼ɹ','192.168.1.136','Firefox'),
  ('402881083ef8a415013ef8a4c11d0002',NULL,2,'2013-05-31 11:32:27',1,'ûadmin˳','192.168.1.136','Firefox'),
  ('402881083ef8a415013ef8a51e5b0003','40',1,'2013-05-31 11:32:50',1,'û: admin¼ɹ','192.168.1.136','Firefox'),
  ('402881083ef8b1e8013ef8b277b10000',NULL,2,'2013-05-31 11:47:25',1,'ûadmin˳','192.168.1.136','Firefox'),
  ('402881083ef8b1e8013ef8b2d43f0001','40',1,'2013-05-31 11:47:49',1,'û: admin¼ɹ','192.168.1.136','Firefox'),
  ('402881083ef8b1e8013ef8b2e8e50002',NULL,2,'2013-05-31 11:47:54',1,'ûadmin˳','192.168.1.136','Firefox'),
  ('402881083ef8b1e8013ef8b2f9f70003','40',1,'2013-05-31 11:47:59',1,'û: admin¼ɹ','192.168.1.136','Firefox'),
  ('402881083ef8b8a7013ef8bca70d0000','40',1,'2013-05-31 11:58:33',1,'û: admin¼ɹ','192.168.1.136','Firefox'),
  ('402881083ef93719013ef938ea680000','40',1,'2013-05-31 14:14:16',1,'û: admin¼ɹ','192.168.1.136','Firefox'),
  ('402881083ef93dd6013ef93e30f50000','40',1,'2013-05-31 14:20:02',1,'û: admin¼ɹ','192.168.1.136','Firefox'),
  ('402881083ef94161013ef941b8440000',NULL,2,'2013-05-31 14:23:53',1,'ûadmin˳','192.168.1.136','Firefox'),
  ('402881083ef94161013ef941d3930001','40',1,'2013-05-31 14:24:00',1,'û: admin¼ɹ','192.168.1.136','Firefox'),
  ('402881083ef94161013ef941e5f40002',NULL,2,'2013-05-31 14:24:05',1,'ûadmin˳','192.168.1.136','Firefox'),
  ('402881083ef94161013ef941f7a60003','40',1,'2013-05-31 14:24:10',1,'û: admin¼ɹ','192.168.1.136','Firefox'),
  ('402881083ef942d0013ef9431b020000',NULL,2,'2013-05-31 14:25:24',1,'ûadmin˳','192.168.1.136','Firefox'),
  ('402881083ef942d0013ef9432fc80001','40',1,'2013-05-31 14:25:30',1,'û: admin¼ɹ','192.168.1.136','Firefox'),
  ('402881083ef942d0013ef94341fe0002',NULL,2,'2013-05-31 14:25:34',1,'ûadmin˳','192.168.1.136','Firefox'),
  ('402881083ef942d0013ef94353d60003','40',1,'2013-05-31 14:25:39',1,'û: admin¼ɹ','192.168.1.136','Firefox'),
  ('402881083ef9625a013ef962e4aa0000','40',1,'2013-05-31 15:00:07',1,'û: admin¼ɹ','192.168.1.136','Firefox'),
  ('402881083ef97028013ef972ee750000','40',1,'2013-05-31 15:17:39',1,'û: admin¼ɹ','192.168.1.136','Firefox'),
  ('402881083ef97538013ef97566200000',NULL,2,'2013-05-31 15:20:20',1,'ûadmin˳','192.168.1.136','Firefox'),
  ('402881083ef97538013ef9757c2c0001','40',1,'2013-05-31 15:20:26',1,'û: admin¼ɹ','192.168.1.136','Firefox'),
  ('402881083ef97538013ef97590490002',NULL,2,'2013-05-31 15:20:31',1,'ûadmin˳','192.168.1.136','Firefox'),
  ('402881083ef97538013ef975a2d50003','40',1,'2013-05-31 15:20:36',1,'û: admin¼ɹ','192.168.1.136','Firefox'),
  ('402881083ef97a54013ef97aa8720000',NULL,2,'2013-05-31 15:26:05',1,'ûadmin˳','192.168.1.136','Firefox'),
  ('402881083ef97a54013ef97b0b000001','40',1,'2013-05-31 15:26:30',1,'û: admin¼ɹ','192.168.1.136','Firefox'),
  ('402881083ef97a54013ef97b1d060002',NULL,2,'2013-05-31 15:26:35',1,'ûadmin˳','192.168.1.136','Firefox'),
  ('402881083ef97a54013ef97b2eca0003','40',1,'2013-05-31 15:26:39',1,'û: admin¼ɹ','192.168.1.136','Firefox'),
  ('402881083ef994de013ef99563230000','40',1,'2013-05-31 15:55:17',1,'û: admin¼ɹ','192.168.1.136','Firefox'),
  ('402881083ef99984013ef999ce3f0000','40',1,'2013-05-31 16:00:06',1,'û: admin¼ɹ','192.168.1.136','Firefox'),
  ('402881083ef99b4d013ef99bf3eb0000',NULL,2,'2013-05-31 16:02:27',1,'ûadmin˳','192.168.1.136','Firefox'),
  ('402881083ef99b4d013ef99c0e150001','40',1,'2013-05-31 16:02:34',1,'û: admin¼ɹ','192.168.1.136','Firefox'),
  ('402881083ef99b4d013ef99c202c0002',NULL,2,'2013-05-31 16:02:38',1,'ûadmin˳','192.168.1.136','Firefox'),
  ('402881083ef99b4d013ef99c36f90003','40',1,'2013-05-31 16:02:44',1,'û: admin¼ɹ','192.168.1.136','Firefox'),
  ('402881083ef9a221013ef9a2a17d0000','40',1,'2013-05-31 16:09:45',1,'û: admin¼ɹ','192.168.1.136','Firefox'),
  ('402881083ef9b56d013ef9b5c4960000',NULL,2,'2013-05-31 16:30:39',1,'ûadmin˳','192.168.1.136','Firefox'),
  ('402881083ef9b56d013ef9b602850001','40',1,'2013-05-31 16:30:55',1,'û: admin¼ɹ','192.168.1.136','Firefox'),
  ('402881083ef9b56d013ef9b614660002',NULL,2,'2013-05-31 16:30:59',1,'ûadmin˳','192.168.1.136','Firefox'),
  ('402881083ef9b56d013ef9b6288a0003','40',1,'2013-05-31 16:31:04',1,'û: admin¼ɹ','192.168.1.136','Firefox'),
  ('402881083ef9b56d013ef9b6af130005','40',3,'2013-05-31 16:31:39',1,'ӳɹ','192.168.1.136','Firefox'),
  ('402881083ef9b56d013ef9b6e32b0006','40',5,'2013-05-31 16:31:52',1,'³ɹ','192.168.1.136','Firefox'),
  ('402881083ef9cb5d013ef9cbc9a50000',NULL,2,'2013-05-31 16:54:42',1,'ûadmin˳','192.168.1.136','Firefox'),
  ('402881083ef9cb5d013ef9cbde970001','40',1,'2013-05-31 16:54:47',1,'û: admin¼ɹ','192.168.1.136','Firefox'),
  ('402881083ef9cb5d013ef9cbf3d60002',NULL,2,'2013-05-31 16:54:53',1,'ûadmin˳','192.168.1.136','Firefox'),
  ('402881083ef9cb5d013ef9cc9bcf0003','40',1,'2013-05-31 16:55:36',1,'û: admin¼ɹ','192.168.1.136','Firefox'),
  ('402881e73d884efb013d885331e30008','40',3,'2013-03-20 23:03:06',1,'Ʒ: 555ӳɹ','192.168.1.103','MSIE 9.0'),
  ('402881e73d8861f3013d886223f90000','40',1,'2013-03-20 23:19:25',1,'û: admin¼ɹ','192.168.1.103','MSIE 9.0'),
  ('402881e73d8cd9d7013d8cda30aa0000','40',1,'2013-03-21 20:09:02',1,'û: admin¼ɹ','192.168.1.103','MSIE 9.0'),
  ('402881e73d8ceac8013d8ceb06e50000','40',1,'2013-03-21 20:27:25',1,'û: admin¼ɹ','192.168.1.103','MSIE 9.0'),
  ('402881e73d8cfa71013d8cfad2230000','40',1,'2013-03-21 20:44:40',1,'û: admin¼ɹ','192.168.1.103','MSIE 9.0'),
  ('402881e73d8d0354013d8d03906d0000','40',1,'2013-03-21 20:54:13',1,'û: admin¼ɹ','192.168.1.103','MSIE 9.0'),
  ('402881e73d8d0a56013d8d0a994a0000','40',1,'2013-03-21 21:01:54',1,'û: admin¼ɹ','192.168.1.103','MSIE 9.0'),
  ('402881e73d8d139d013d8d14d3410000','40',1,'2013-03-21 21:13:05',1,'û: admin¼ɹ','192.168.1.103','MSIE 9.0'),
  ('402881e73d8d139d013d8d16b0070003','40',3,'2013-03-21 21:15:07',1,'Ʒ: 55ӳɹ','192.168.1.103','MSIE 9.0'),
  ('402881e73d8d1db6013d8d1ddf1b0000','40',1,'2013-03-21 21:22:57',1,'û: admin¼ɹ','192.168.1.103','MSIE 9.0'),
  ('402881e73d8d1db6013d8d1e16ed0002','40',3,'2013-03-21 21:23:12',1,'Ʒ: 55ӳɹ','192.168.1.103','MSIE 9.0'),
  ('402881e73d8d1db6013d8d1ea1930005','40',3,'2013-03-21 21:23:47',1,'Ʒ: 33ӳɹ','192.168.1.103','MSIE 9.0'),
  ('402881e73d8d1fb4013d8d1fdf280000','40',1,'2013-03-21 21:25:09',1,'û: admin¼ɹ','192.168.1.103','MSIE 9.0'),
  ('402881e73d8d2242013d8d2274fc0000','40',1,'2013-03-21 21:27:58',1,'û: admin¼ɹ','192.168.1.103','MSIE 9.0'),
  ('402881e73d8d2242013d8d2378000002','40',3,'2013-03-21 21:29:04',1,'Ȩ: ɹӳɹ','192.168.1.103','MSIE 9.0'),
  ('402881e73d8d2242013d8d2442ba002f','40',5,'2013-03-21 21:29:56',1,'Ȩ: ɹ³ɹ','192.168.1.103','MSIE 9.0'),
  ('402881e73d8d2242013d8d2472c90030','40',5,'2013-03-21 21:30:08',1,'Ȩ: ɹ³ɹ','192.168.1.103','MSIE 9.0'),
  ('402881e73d8d2242013d8d258fad003b','40',5,'2013-03-21 21:31:21',1,'û: admin³ɹ','192.168.1.103','MSIE 9.0'),
  ('402881e73d8d2242013d8d29dd7d003d','40',3,'2013-03-21 21:36:03',1,'̲: ɹԱӳɹ','192.168.1.103','MSIE 9.0'),
  ('402881e73d8d2242013d8d29fc82003e','40',5,'2013-03-21 21:36:11',1,'̲: ɹԱ³ɹ','192.168.1.103','MSIE 9.0'),
  ('402881e73d8d2242013d8d2afa77003f','40',5,'2013-03-21 21:37:16',1,'̲: ɹԱ³ɹ','192.168.1.103','MSIE 9.0'),
  ('402881e73d8d2242013d8d2bf30b0040','40',4,'2013-03-21 21:38:20',1,': ɹԱɾ ɹ','192.168.1.103','MSIE 9.0'),
  ('402881e73d8d2242013d8d30ff5b0043','40',3,'2013-03-21 21:43:51',1,'Ʒ: 44ӳɹ','192.168.1.103','MSIE 9.0'),
  ('402881e93cb269b4013cb26b1d890000','40',1,'2013-02-07 10:10:29',1,'û: admin¼ɹ','192.168.1.105','MSIE 9.0'),
  ('402881e93cb29ada013cb29f41700001',NULL,3,'2013-02-07 11:07:26',1,'Ȩ: ϴرӳɹ','192.168.1.105','MSIE 9.0'),
  ('402881e93cb29ada013cb29f73600002',NULL,4,'2013-02-07 11:07:39',1,'Ȩ: ʾɾɹ','192.168.1.105','MSIE 9.0'),
  ('402881e93cb29ada013cb29fad880003','40',1,'2013-02-07 11:07:54',1,'û: admin¼ɹ','192.168.1.105','MSIE 9.0'),
  ('402881e93cb29ada013cb2d19aca002a','40',1,'2013-02-07 12:02:26',1,'û: admin¼ɹ','192.168.1.105','MSIE 9.0'),
  ('402881e93cb29ada013cb30584ac002c','40',4,'2013-02-07 12:59:08',1,'bgɾɹ','192.168.1.105','MSIE 9.0'),
  ('402881e93cb319d9013cb31a6dfd0000','40',1,'2013-02-07 13:21:59',1,'û: admin¼ɹ','192.168.1.105','MSIE 9.0'),
  ('402881e93cb347bc013cb348fb8a0000','40',1,'2013-02-07 14:12:50',1,'û: admin¼ɹ','192.168.1.105','MSIE 9.0'),
  ('402881e93cb347bc013cb34bcc7d0002','40',4,'2013-02-07 14:15:54',1,'bgɾɹ','192.168.1.105','MSIE 9.0'),
  ('402881e93cb347bc013cb34c91290003','40',1,'2013-02-07 14:16:45',1,'û: admin¼ɹ','192.168.1.105','MSIE 9.0'),
  ('ff8080813ef083fe013ef08488560000','40',1,'2013-05-29 21:40:17',1,'û: admin¼ɹ','127.0.0.1','Firefox'),
  ('ff8080813ef0855d013ef08691080000','40',1,'2013-05-29 21:42:30',1,'û: admin¼ɹ','127.0.0.1','Firefox'),
  ('ff8080813ef0876b013ef087da510000',NULL,2,'2013-05-29 21:43:55',1,'ûadmin˳','127.0.0.1','Firefox'),
  ('ff8080813ef0876b013ef087f28f0001','40',1,'2013-05-29 21:44:01',1,'û: admin¼ɹ','127.0.0.1','Firefox'),
  ('ff8080813ef0876b013ef088052c0002',NULL,2,'2013-05-29 21:44:06',1,'ûadmin˳','127.0.0.1','Firefox'),
  ('ff8080813ef0876b013ef08823b00003','40',1,'2013-05-29 21:44:13',1,'û: admin¼ɹ','127.0.0.1','Firefox'),
  ('ff8080813ef09296013ef092c0240000',NULL,2,'2013-05-29 21:55:49',1,'ûadmin˳','127.0.0.1','Firefox'),
  ('ff8080813ef09296013ef092e3ab0001','40',1,'2013-05-29 21:55:58',1,'û: admin¼ɹ','127.0.0.1','Firefox'),
  ('ff8080813ef09296013ef092f53a0002',NULL,2,'2013-05-29 21:56:03',1,'ûadmin˳','127.0.0.1','Firefox'),
  ('ff8080813ef09296013ef09307b20003','40',1,'2013-05-29 21:56:07',1,'û: admin¼ɹ','127.0.0.1','Firefox'),
  ('ff8080813ef095bc013ef09625d80000','40',1,'2013-05-29 21:59:32',1,'û: admin¼ɹ','127.0.0.1','Firefox'),
  ('ff8080813ef098e0013ef099217d0000',NULL,2,'2013-05-29 22:02:47',1,'ûadmin˳','127.0.0.1','Firefox'),
  ('ff8080813ef098e0013ef099358a0001','40',1,'2013-05-29 22:02:52',1,'û: admin¼ɹ','127.0.0.1','Firefox'),
  ('ff8080813ef098e0013ef0995b820002',NULL,2,'2013-05-29 22:03:02',1,'ûadmin˳','127.0.0.1','Firefox'),
  ('ff8080813ef098e0013ef09979ad0003','40',1,'2013-05-29 22:03:10',1,'û: admin¼ɹ','127.0.0.1','Firefox'),
  ('ff8080813ef098e0013ef09b71d80005','40',3,'2013-05-29 22:05:19',1,'ӳɹ','127.0.0.1','Firefox'),
  ('ff8080813ef098e0013ef09c5f440007','40',3,'2013-05-29 22:06:19',1,'ӳɹ','127.0.0.1','Firefox'),
  ('ff8080813ef098e0013ef09c8c400008','40',5,'2013-05-29 22:06:31',1,'³ɹ','127.0.0.1','Firefox'),
  ('ff8080813ef098e0013ef09d62370009','40',4,'2013-05-29 22:07:26',1,'ɾɹ','127.0.0.1','Firefox');

COMMIT;

#
# Data for the `t_s_role` table  (LIMIT 0,500)
#

INSERT INTO `t_s_role` (`id`, `rolename`, `rolecode`) VALUES 
  ('30','Ա','admin'),
  ('402881e53c7f0dde013c7f2935da0004','ͨû','manager');

COMMIT;

#
# Data for the `t_s_role_function` table  (LIMIT 0,500)
#

INSERT INTO `t_s_role_function` (`id`, `roleid`, `functionid`, `operation`) VALUES 
  ('402881083eef2648013eef2df5040003','30','28',NULL),
  ('402881083eef2648013eef2df5060004','30','30',NULL),
  ('402881083eef2648013eef2df5060005','30','31',NULL),
  ('402881083eef2648013eef2df5060006','30','49',NULL),
  ('402881083eef2648013eef2df5070007','30','80',NULL),
  ('402881083eef2648013eef2df5070008','30','402881083eeab97d013eeabd5df00006',NULL),
  ('402881083eef2648013eef2df5070009','30','402881e53c8adce5013c8b000beb0003',NULL),
  ('402881083eef2648013eef2df507000a','30','297e5a493d39e132013d39e316050001',NULL),
  ('402881083eef2648013eef2df507000b','30','297e5a493d8d8e26013d8d90de950001',NULL),
  ('402881083eef2648013eef2df507000c','30','297e5a493da1e22b013da1e75dec0001',NULL),
  ('402881083eef2648013eef2df507000d','30','297e5a493dabc86a013dabcb62070001',NULL),
  ('402881083eef2648013eef2df507000e','30','40284b813d1becf1013d1bf26afd0001',NULL),
  ('402881083eef2648013eef2df507000f','30','40284b813d1fa3a8013d1fab697b0001',NULL),
  ('402881083eef2648013eef2df5070010','30','40284b813d1fb07f013d1fb2df360001',NULL),
  ('402881083eef2648013eef2df5070011','30','402881e93cb29ada013cb29f406e0000',NULL),
  ('402881083eef2648013eef2df5070012','30','402881e93cb3f340013cb3f93e9a0070',NULL),
  ('402881083eef2648013eef2df5070013','30','402881e53c996700013c9967f0320001',NULL),
  ('402881083eef2648013eef2df5080014','30','71',NULL),
  ('402881083eef2648013eef2df5080015','30','27',NULL),
  ('402881083eef2648013eef2df5080016','30','402881083eeab97d013eeabbcc000004',NULL),
  ('402881083eef2648013eef2df5080017','30','402881e53c8589f7013c85afc393000b',NULL),
  ('402881083eef2648013eef2df5160018','30','402881e53c98df12013c98fc3b300002',NULL),
  ('402881083eef2648013eef2df5170019','30','402881e53c9a4b8e013c9a4c90960001',NULL),
  ('402881083eef2648013eef2ea27e001a','402881e53c7f0dde013c7f2935da0004','28',NULL),
  ('402881083eef2648013eef2ea27f001b','402881e53c7f0dde013c7f2935da0004','30',NULL),
  ('402881083eef2648013eef2ea280001c','402881e53c7f0dde013c7f2935da0004','31',NULL),
  ('402881083eef2648013eef2ea280001d','402881e53c7f0dde013c7f2935da0004','49',NULL),
  ('402881083eef2648013eef2ea280001e','402881e53c7f0dde013c7f2935da0004','80',NULL),
  ('402881083eef2648013eef2ea280001f','402881e53c7f0dde013c7f2935da0004','402881083eeab97d013eeabd5df00006',NULL),
  ('402881083eef2648013eef2ea2800020','402881e53c7f0dde013c7f2935da0004','402881e53c8adce5013c8b000beb0003',NULL),
  ('402881083eef2648013eef2ea2800021','402881e53c7f0dde013c7f2935da0004','71',NULL),
  ('402881083eef2648013eef2ea2800022','402881e53c7f0dde013c7f2935da0004','27',NULL),
  ('402881083eef2648013eef2ea2800023','402881e53c7f0dde013c7f2935da0004','402881083eeab97d013eeabbcc000004',NULL),
  ('402881083eef2648013eef2ea2800024','402881e53c7f0dde013c7f2935da0004','402881e53c8589f7013c85afc393000b',NULL),
  ('402881083eef2648013eef2ea2800025','402881e53c7f0dde013c7f2935da0004','402881e53c9a4b8e013c9a4c90960001',NULL);

COMMIT;

#
# Data for the `t_s_role_user` table  (LIMIT 0,500)
#

INSERT INTO `t_s_role_user` (`id`, `userid`, `roleid`) VALUES 
  ('297e5a493da0abb4013da0c17b7d000b','40','30'),
  ('297e5a493da0abb4013da0c17bcb000d','40','402881e53c7f0dde013c7f2935da0004'),
  ('8a8a8a813def666d013def688e1a0001','402881e73d87d62a013d87eeaba10014','402881e53c7f0dde013c7f2935da0004'),
  ('8a8a8a813df33bfd013df33cd5c30002','8a8a8a813df33bfd013df33cd5550001','402881e53c7f0dde013c7f2935da0004');

COMMIT;

#
# Data for the `t_s_user` table  (LIMIT 0,500)
#

INSERT INTO `t_s_user` (`id`, `signaturefile`, `mobilephone`, `officephone`, `email`) VALUES 
  ('40','images/renfang/qm/licf.gif','15902021957','',''),
  ('402881e73d87d62a013d87ee2d4b0011',NULL,'18600998787','',''),
  ('402881e73d87d62a013d87eeaba10014',NULL,'15900001111','',''),
  ('8a8a8a813df33bfd013df33cd5550001',NULL,'16500002222','','');

COMMIT;

#
# Data for the `tb_agents` table  (LIMIT 0,500)
#

INSERT INTO `tb_agents` (`id`, `name`) VALUES 
  ('1','ͨ'),
  ('2','˳'),
  ('3',''),
  ('4','Բͨ'),
  ('5','լ');

COMMIT;

#
# Data for the `tb_channel` table  (LIMIT 0,500)
#

INSERT INTO `tb_channel` (`id`, `name`) VALUES 
  ('1','EMS'),
  ('2','MMS'),
  ('3','CMS'),
  ('4','MMS');

COMMIT;

#
# Data for the `tb_destination_country` table  (LIMIT 0,500)
#

INSERT INTO `tb_destination_country` (`id`, `destination_country`) VALUES 
  ('1','й'),
  ('2',''),
  ('3','ձ'),
  ('4','Ӣ'),
  ('5',''),
  ('6','̩');

COMMIT;

#
# Data for the `tb_orders` table  (LIMIT 0,500)
#

INSERT INTO `tb_orders` (`id`, `order_number`, `remark`, `agents_id`, `channel_id`, `country_id`, `status`, `important`, `create_time`, `user_account_id`) VALUES 
  ('402881083ef36d74013ef388253a0001','DD000002','','5','1','1',1,3,'2013-05-30 11:42:54','40'),
  ('402881083ef9b56d013ef9b6aef60004','DD000003','','3','3','6',1,3,'2013-05-31 16:31:36','40'),
  ('ff8080813ef098e0013ef09b719a0004','DD000001','ת','1','2','2',2,3,'2013-05-29 10:05:16','40');

COMMIT;



/*!40101 SET CHARACTER_SET_CLIENT=@OLD_CHARACTER_SET_CLIENT */;
/*!40101 SET CHARACTER_SET_RESULTS=@OLD_CHARACTER_SET_RESULTS */;
/*!40101 SET COLLATION_CONNECTION=@OLD_COLLATION_CONNECTION */;