--------------------------------------------------------
--  文件已创建 - 星期四-五月-30-2013   
--------------------------------------------------------
--------------------------------------------------------
--  DDL for Table JEECG
--  Author:邢双阳
--------------------------------------------------------

  CREATE TABLE  "BONUS" 
   (	"ENAME" VARCHAR2(10 BYTE), 
	"JOB" VARCHAR2(9 BYTE), 
	"SAL" NUMBER, 
	"COMM" NUMBER
   ) PCTFREE 10 PCTUSED 40 INITRANS 1 MAXTRANS 255 NOCOMPRESS LOGGING
  STORAGE(INITIAL 65536 NEXT 1048576 MINEXTENTS 1 MAXEXTENTS 2147483645
  PCTINCREASE 0 FREELISTS 1 FREELIST GROUPS 1 BUFFER_POOL DEFAULT)
  TABLESPACE "USERS" ;
--------------------------------------------------------
--  DDL for Table DEPT
--------------------------------------------------------

  CREATE TABLE  "DEPT" 
   (	"DEPTNO" NUMBER(2,0), 
	"DNAME" VARCHAR2(14 BYTE), 
	"LOC" VARCHAR2(13 BYTE)
   ) PCTFREE 10 PCTUSED 40 INITRANS 1 MAXTRANS 255 NOCOMPRESS LOGGING
  STORAGE(INITIAL 65536 NEXT 1048576 MINEXTENTS 1 MAXEXTENTS 2147483645
  PCTINCREASE 0 FREELISTS 1 FREELIST GROUPS 1 BUFFER_POOL DEFAULT)
  TABLESPACE "USERS" ;
--------------------------------------------------------
--  DDL for Table EMP
--------------------------------------------------------

  CREATE TABLE  "EMP" 
   (	"EMPNO" NUMBER(4,0), 
	"ENAME" VARCHAR2(10 BYTE), 
	"JOB" VARCHAR2(9 BYTE), 
	"MGR" NUMBER(4,0), 
	"HIREDATE" DATE, 
	"SAL" NUMBER(7,2), 
	"COMM" NUMBER(7,2), 
	"DEPTNO" NUMBER(2,0)
   ) PCTFREE 10 PCTUSED 40 INITRANS 1 MAXTRANS 255 NOCOMPRESS LOGGING
  STORAGE(INITIAL 65536 NEXT 1048576 MINEXTENTS 1 MAXEXTENTS 2147483645
  PCTINCREASE 0 FREELISTS 1 FREELIST GROUPS 1 BUFFER_POOL DEFAULT)
  TABLESPACE "USERS" ;
--------------------------------------------------------
--  DDL for Table JEECG_DEMO
--------------------------------------------------------

  CREATE TABLE  "JEECG_DEMO" 
   (	"ID" VARCHAR2(255 BYTE), 
	"AGE" NUMBER(11,0), 
	"BIRTHDAY" DATE, 
	"CREATE_TIME" DATE, 
	"DEP_ID" VARCHAR2(255 BYTE), 
	"EMAIL" VARCHAR2(255 BYTE), 
	"MOBILE_PHONE" VARCHAR2(255 BYTE), 
	"OFFICE_PHONE" VARCHAR2(255 BYTE), 
	"SALARY" NUMBER(19,2), 
	"SEX" VARCHAR2(4 BYTE), 
	"USER_NAME" VARCHAR2(32 BYTE), 
	"STATUS" VARCHAR2(4 BYTE), 
	"CONTENT" VARCHAR2(100 BYTE), 
	"CONTENT1" VARCHAR2(100 BYTE)
   ) PCTFREE 10 PCTUSED 40 INITRANS 1 MAXTRANS 255 NOCOMPRESS LOGGING
  STORAGE(INITIAL 65536 NEXT 1048576 MINEXTENTS 1 MAXEXTENTS 2147483645
  PCTINCREASE 0 FREELISTS 1 FREELIST GROUPS 1 BUFFER_POOL DEFAULT)
  TABLESPACE "USERS" ;
--------------------------------------------------------
--  DDL for Table JEECG_ONE_TO_ONE
--------------------------------------------------------

  CREATE TABLE  "JEECG_ONE_TO_ONE" 
   (	"ID" VARCHAR2(36 BYTE), 
	"NAME" VARCHAR2(32 BYTE), 
	"AGE" NUMBER(11,0), 
	"SALARY" NUMBER(10,2), 
	"BIRTHDAY" DATE, 
	"REGISTER_DT" DATE, 
	"CRTUSER" VARCHAR2(36 BYTE), 
	"CRTUSER_NAME" VARCHAR2(50 BYTE), 
	"CREATE_DT" DATE
   ) PCTFREE 10 PCTUSED 40 INITRANS 1 MAXTRANS 255 NOCOMPRESS LOGGING
  STORAGE(INITIAL 65536 NEXT 1048576 MINEXTENTS 1 MAXEXTENTS 2147483645
  PCTINCREASE 0 FREELISTS 1 FREELIST GROUPS 1 BUFFER_POOL DEFAULT)
  TABLESPACE "USERS" ;
--------------------------------------------------------
--  DDL for Table JEECG_ORDER_CUSTOM
--------------------------------------------------------

  CREATE TABLE  "JEECG_ORDER_CUSTOM" 
   (	"ID" VARCHAR2(36 BYTE), 
	"GORDER_ID" VARCHAR2(36 BYTE), 
	"GO_ORDER_CODE" VARCHAR2(36 BYTE), 
	"GOC_CUS_NAME" VARCHAR2(50 BYTE), 
	"GOC_SEX" VARCHAR2(2 BYTE), 
	"GOC_IDCARD" VARCHAR2(32 BYTE), 
	"GOC_PASSPORT_CODE" VARCHAR2(32 BYTE), 
	"GOC_BUSS_CONTENT" VARCHAR2(100 BYTE), 
	"GOC_CONTENT" VARCHAR2(200 BYTE), 
	"CRTUSER" VARCHAR2(36 BYTE), 
	"CRTUSER_NAME" VARCHAR2(32 BYTE), 
	"CREATE_DT" DATE, 
	"MODIFIER" VARCHAR2(36 BYTE), 
	"MODIFIER_NAME" VARCHAR2(32 BYTE), 
	"MODIFY_DT" DATE, 
	"DELFLAG" NUMBER(11,0), 
	"DEL_DT" DATE
   ) PCTFREE 10 PCTUSED 40 INITRANS 1 MAXTRANS 255 NOCOMPRESS LOGGING
  STORAGE(INITIAL 65536 NEXT 1048576 MINEXTENTS 1 MAXEXTENTS 2147483645
  PCTINCREASE 0 FREELISTS 1 FREELIST GROUPS 1 BUFFER_POOL DEFAULT)
  TABLESPACE "USERS" ;
--------------------------------------------------------
--  DDL for Table JEECG_ORDER_MAIN
--------------------------------------------------------

  CREATE TABLE  "JEECG_ORDER_MAIN" 
   (	"ID" VARCHAR2(36 BYTE), 
	"GO_ORDER_CODE" VARCHAR2(36 BYTE), 
	"GODER_TYPE" VARCHAR2(2 BYTE), 
	"USERTYPE" VARCHAR2(1 BYTE), 
	"GO_CONTACT_NAME" VARCHAR2(50 BYTE), 
	"GO_TELPHONE" VARCHAR2(20 BYTE), 
	"GO_ORDER_COUNT" NUMBER(11,0), 
	"GO_ALL_PRICE" NUMBER(10,2), 
	"GO_RETURN_PRICE" NUMBER(10,2), 
	"GO_CONTENT" VARCHAR2(200 BYTE), 
	"CRTUSER" VARCHAR2(36 BYTE), 
	"CRTUSER_NAME" VARCHAR2(32 BYTE), 
	"CREATE_DT" DATE, 
	"MODIFIER" VARCHAR2(36 BYTE), 
	"MODIFIER_NAME" VARCHAR2(32 BYTE), 
	"MODIFY_DT" DATE, 
	"DELFLAG" NUMBER(11,0), 
	"DEL_DT" DATE
   ) PCTFREE 10 PCTUSED 40 INITRANS 1 MAXTRANS 255 NOCOMPRESS LOGGING
  STORAGE(INITIAL 65536 NEXT 1048576 MINEXTENTS 1 MAXEXTENTS 2147483645
  PCTINCREASE 0 FREELISTS 1 FREELIST GROUPS 1 BUFFER_POOL DEFAULT)
  TABLESPACE "USERS" ;
--------------------------------------------------------
--  DDL for Table JEECG_ORDER_PRODUCT
--------------------------------------------------------

  CREATE TABLE  "JEECG_ORDER_PRODUCT" 
   (	"ID" VARCHAR2(36 BYTE), 
	"GORDER_ID" VARCHAR2(36 BYTE), 
	"GO_ORDER_CODE" VARCHAR2(36 BYTE), 
	"GOP_PRODUCT_TYPE" VARCHAR2(3 BYTE), 
	"GOP_PRODUCT_NAME" VARCHAR2(100 BYTE), 
	"GOP_COUNT" NUMBER(11,0), 
	"GOP_ONE_PRICE" NUMBER(10,2), 
	"GOP_SUM_PRICE" NUMBER(10,2), 
	"GOP_CONTENT" VARCHAR2(200 BYTE), 
	"CRTUSER" VARCHAR2(36 BYTE), 
	"CRTUSER_NAME" VARCHAR2(32 BYTE), 
	"CREATE_DT" DATE, 
	"MODIFIER" VARCHAR2(36 BYTE), 
	"MODIFIER_NAME" VARCHAR2(32 BYTE), 
	"MODIFY_DT" DATE, 
	"DELFLAG" NUMBER(11,0), 
	"DEL_DT" DATE
   ) PCTFREE 10 PCTUSED 40 INITRANS 1 MAXTRANS 255 NOCOMPRESS LOGGING
  STORAGE(INITIAL 65536 NEXT 1048576 MINEXTENTS 1 MAXEXTENTS 2147483645
  PCTINCREASE 0 FREELISTS 1 FREELIST GROUPS 1 BUFFER_POOL DEFAULT)
  TABLESPACE "USERS" ;
--------------------------------------------------------
--  DDL for Table JG_PERSON
--------------------------------------------------------

  CREATE TABLE  "JG_PERSON" 
   (	"ID" VARCHAR2(255 BYTE), 
	"AGE" NUMBER(11,0), 
	"BIRTHDAY" DATE, 
	"CREATEDT" DATE, 
	"NAME" VARCHAR2(255 BYTE), 
	"SALARY" NUMBER(19,2)
   ) PCTFREE 10 PCTUSED 40 INITRANS 1 MAXTRANS 255 NOCOMPRESS LOGGING
  STORAGE(INITIAL 65536 NEXT 1048576 MINEXTENTS 1 MAXEXTENTS 2147483645
  PCTINCREASE 0 FREELISTS 1 FREELIST GROUPS 1 BUFFER_POOL DEFAULT)
  TABLESPACE "USERS" ;
--------------------------------------------------------
--  DDL for Table PERSON
--------------------------------------------------------

  CREATE TABLE  "PERSON" 
   (	"ID" VARCHAR2(32 BYTE), 
	"NAME" VARCHAR2(32 BYTE), 
	"AGE" NUMBER(11,0), 
	"SALARY" NUMBER(10,2), 
	"CONTENT" BLOB, 
	"CREATEDT" DATE, 
	"BIRTHDAY" DATE, 
	"CREATE_DATE" DATE, 
	"CREATE_BY" VARCHAR2(32 BYTE), 
	"CREATE_NAME" VARCHAR2(32 BYTE), 
	"UPDATE_DATE" DATE, 
	"UPDATE_BY" VARCHAR2(32 BYTE), 
	"UPDATE_NAME" VARCHAR2(32 BYTE)
   ) PCTFREE 10 PCTUSED 40 INITRANS 1 MAXTRANS 255 NOCOMPRESS LOGGING
  STORAGE(INITIAL 65536 NEXT 1048576 MINEXTENTS 1 MAXEXTENTS 2147483645
  PCTINCREASE 0 FREELISTS 1 FREELIST GROUPS 1 BUFFER_POOL DEFAULT)
  TABLESPACE "USERS" 
 LOB ("CONTENT") STORE AS (
  TABLESPACE "USERS" ENABLE STORAGE IN ROW CHUNK 8192 PCTVERSION 10
  NOCACHE LOGGING 
  STORAGE(INITIAL 65536 NEXT 1048576 MINEXTENTS 1 MAXEXTENTS 2147483645
  PCTINCREASE 0 FREELISTS 1 FREELIST GROUPS 1 BUFFER_POOL DEFAULT)) ;
--------------------------------------------------------
--  DDL for Table SALGRADE
--------------------------------------------------------

  CREATE TABLE  "SALGRADE" 
   (	"GRADE" NUMBER, 
	"LOSAL" NUMBER, 
	"HISAL" NUMBER
   ) PCTFREE 10 PCTUSED 40 INITRANS 1 MAXTRANS 255 NOCOMPRESS LOGGING
  STORAGE(INITIAL 65536 NEXT 1048576 MINEXTENTS 1 MAXEXTENTS 2147483645
  PCTINCREASE 0 FREELISTS 1 FREELIST GROUPS 1 BUFFER_POOL DEFAULT)
  TABLESPACE "USERS" ;
--------------------------------------------------------
--  DDL for Table T_S_ATTACHMENT
--------------------------------------------------------

  CREATE TABLE  "T_S_ATTACHMENT" 
   (	"ID" VARCHAR2(32 BYTE), 
	"USERID" VARCHAR2(32 BYTE), 
	"BUSINESSKEY" VARCHAR2(32 BYTE), 
	"INFOTYPEID" VARCHAR2(32 BYTE), 
	"ATTACHMENTTITLE" VARCHAR2(100 BYTE), 
	"REALPATH" VARCHAR2(100 BYTE), 
	"SUBCLASSNAME" CLOB, 
	"CREATEDATE" DATE, 
	"ATTACHMENTCONTENT" BLOB, 
	"SWFPATH" CLOB, 
	"NOTE" CLOB, 
	"EXTEND" VARCHAR2(32 BYTE), 
	"BUSENTITYNAME" VARCHAR2(100 BYTE)
   ) PCTFREE 10 PCTUSED 40 INITRANS 1 MAXTRANS 255 NOCOMPRESS LOGGING
  STORAGE(INITIAL 65536 NEXT 1048576 MINEXTENTS 1 MAXEXTENTS 2147483645
  PCTINCREASE 0 FREELISTS 1 FREELIST GROUPS 1 BUFFER_POOL DEFAULT)
  TABLESPACE "USERS" 
 LOB ("SUBCLASSNAME") STORE AS (
  TABLESPACE "USERS" ENABLE STORAGE IN ROW CHUNK 8192 PCTVERSION 10
  NOCACHE LOGGING 
  STORAGE(INITIAL 65536 NEXT 1048576 MINEXTENTS 1 MAXEXTENTS 2147483645
  PCTINCREASE 0 FREELISTS 1 FREELIST GROUPS 1 BUFFER_POOL DEFAULT)) 
 LOB ("ATTACHMENTCONTENT") STORE AS (
  TABLESPACE "USERS" ENABLE STORAGE IN ROW CHUNK 8192 PCTVERSION 10
  NOCACHE LOGGING 
  STORAGE(INITIAL 65536 NEXT 1048576 MINEXTENTS 1 MAXEXTENTS 2147483645
  PCTINCREASE 0 FREELISTS 1 FREELIST GROUPS 1 BUFFER_POOL DEFAULT)) 
 LOB ("SWFPATH") STORE AS (
  TABLESPACE "USERS" ENABLE STORAGE IN ROW CHUNK 8192 PCTVERSION 10
  NOCACHE LOGGING 
  STORAGE(INITIAL 65536 NEXT 1048576 MINEXTENTS 1 MAXEXTENTS 2147483645
  PCTINCREASE 0 FREELISTS 1 FREELIST GROUPS 1 BUFFER_POOL DEFAULT)) 
 LOB ("NOTE") STORE AS (
  TABLESPACE "USERS" ENABLE STORAGE IN ROW CHUNK 8192 PCTVERSION 10
  NOCACHE LOGGING 
  STORAGE(INITIAL 65536 NEXT 1048576 MINEXTENTS 1 MAXEXTENTS 2147483645
  PCTINCREASE 0 FREELISTS 1 FREELIST GROUPS 1 BUFFER_POOL DEFAULT)) ;
--------------------------------------------------------
--  DDL for Table T_S_BASE_USER
--------------------------------------------------------

  CREATE TABLE  "T_S_BASE_USER" 
   (	"ID" VARCHAR2(32 BYTE), 
	"BROWSER" VARCHAR2(20 BYTE), 
	"SIGNATURE" BLOB, 
	"USERKEY" VARCHAR2(200 BYTE), 
	"STATUS" NUMBER(6,0), 
	"REALNAME" VARCHAR2(50 BYTE), 
	"USERNAME" VARCHAR2(50 BYTE), 
	"DEPARTID" VARCHAR2(32 BYTE), 
	"PASSWORD" VARCHAR2(100 BYTE), 
	"ACTIVITISYNC" NUMBER(6,0)
   ) PCTFREE 10 PCTUSED 40 INITRANS 1 MAXTRANS 255 NOCOMPRESS LOGGING
  STORAGE(INITIAL 65536 NEXT 1048576 MINEXTENTS 1 MAXEXTENTS 2147483645
  PCTINCREASE 0 FREELISTS 1 FREELIST GROUPS 1 BUFFER_POOL DEFAULT)
  TABLESPACE "USERS" 
 LOB ("SIGNATURE") STORE AS (
  TABLESPACE "USERS" ENABLE STORAGE IN ROW CHUNK 8192 PCTVERSION 10
  NOCACHE LOGGING 
  STORAGE(INITIAL 65536 NEXT 1048576 MINEXTENTS 1 MAXEXTENTS 2147483645
  PCTINCREASE 0 FREELISTS 1 FREELIST GROUPS 1 BUFFER_POOL DEFAULT)) ;
--------------------------------------------------------
--  DDL for Table T_S_CONFIG
--------------------------------------------------------

  CREATE TABLE  "T_S_CONFIG" 
   (	"ID" VARCHAR2(32 BYTE), 
	"USERID" VARCHAR2(32 BYTE), 
	"CODE" VARCHAR2(100 BYTE), 
	"NAME" VARCHAR2(100 BYTE), 
	"CONTENT" CLOB, 
	"NOTE" CLOB
   ) PCTFREE 10 PCTUSED 40 INITRANS 1 MAXTRANS 255 NOCOMPRESS LOGGING
  STORAGE(INITIAL 65536 NEXT 1048576 MINEXTENTS 1 MAXEXTENTS 2147483645
  PCTINCREASE 0 FREELISTS 1 FREELIST GROUPS 1 BUFFER_POOL DEFAULT)
  TABLESPACE "USERS" 
 LOB ("CONTENT") STORE AS (
  TABLESPACE "USERS" ENABLE STORAGE IN ROW CHUNK 8192 PCTVERSION 10
  NOCACHE LOGGING 
  STORAGE(INITIAL 65536 NEXT 1048576 MINEXTENTS 1 MAXEXTENTS 2147483645
  PCTINCREASE 0 FREELISTS 1 FREELIST GROUPS 1 BUFFER_POOL DEFAULT)) 
 LOB ("NOTE") STORE AS (
  TABLESPACE "USERS" ENABLE STORAGE IN ROW CHUNK 8192 PCTVERSION 10
  NOCACHE LOGGING 
  STORAGE(INITIAL 65536 NEXT 1048576 MINEXTENTS 1 MAXEXTENTS 2147483645
  PCTINCREASE 0 FREELISTS 1 FREELIST GROUPS 1 BUFFER_POOL DEFAULT)) ;
--------------------------------------------------------
--  DDL for Table T_S_DEMO
--------------------------------------------------------

  CREATE TABLE  "T_S_DEMO" 
   (	"ID" VARCHAR2(255 BYTE), 
	"DEMOCODE" CLOB, 
	"DEMOORDER" NUMBER(6,0), 
	"DEMOTITLE" VARCHAR2(200 BYTE), 
	"DEMOURL" VARCHAR2(200 BYTE), 
	"DEMOPID" VARCHAR2(255 BYTE)
   ) PCTFREE 10 PCTUSED 40 INITRANS 1 MAXTRANS 255 NOCOMPRESS LOGGING
  STORAGE(INITIAL 65536 NEXT 1048576 MINEXTENTS 1 MAXEXTENTS 2147483645
  PCTINCREASE 0 FREELISTS 1 FREELIST GROUPS 1 BUFFER_POOL DEFAULT)
  TABLESPACE "USERS" 
 LOB ("DEMOCODE") STORE AS (
  TABLESPACE "USERS" ENABLE STORAGE IN ROW CHUNK 8192 PCTVERSION 10
  NOCACHE LOGGING 
  STORAGE(INITIAL 65536 NEXT 1048576 MINEXTENTS 1 MAXEXTENTS 2147483645
  PCTINCREASE 0 FREELISTS 1 FREELIST GROUPS 1 BUFFER_POOL DEFAULT)) ;
--------------------------------------------------------
--  DDL for Table T_S_DEPART
--------------------------------------------------------

  CREATE TABLE  "T_S_DEPART" 
   (	"ID" VARCHAR2(32 BYTE), 
	"DEPARTNAME" VARCHAR2(50 BYTE), 
	"DESCRIPTION" CLOB, 
	"PARENTDEPARTID" VARCHAR2(32 BYTE)
   ) PCTFREE 10 PCTUSED 40 INITRANS 1 MAXTRANS 255 NOCOMPRESS LOGGING
  STORAGE(INITIAL 65536 NEXT 1048576 MINEXTENTS 1 MAXEXTENTS 2147483645
  PCTINCREASE 0 FREELISTS 1 FREELIST GROUPS 1 BUFFER_POOL DEFAULT)
  TABLESPACE "USERS" 
 LOB ("DESCRIPTION") STORE AS (
  TABLESPACE "USERS" ENABLE STORAGE IN ROW CHUNK 8192 PCTVERSION 10
  NOCACHE LOGGING 
  STORAGE(INITIAL 65536 NEXT 1048576 MINEXTENTS 1 MAXEXTENTS 2147483645
  PCTINCREASE 0 FREELISTS 1 FREELIST GROUPS 1 BUFFER_POOL DEFAULT)) ;
--------------------------------------------------------
--  DDL for Table T_S_DOCUMENT
--------------------------------------------------------

  CREATE TABLE  "T_S_DOCUMENT" 
   (	"ID" VARCHAR2(32 BYTE), 
	"DOCUMENTTITLE" VARCHAR2(100 BYTE), 
	"PICTUREINDEX" BLOB, 
	"DOCUMENTSTATE" NUMBER(6,0), 
	"SHOWHOME" NUMBER(6,0), 
	"TYPEID" VARCHAR2(32 BYTE)
   ) PCTFREE 10 PCTUSED 40 INITRANS 1 MAXTRANS 255 NOCOMPRESS LOGGING
  STORAGE(INITIAL 65536 NEXT 1048576 MINEXTENTS 1 MAXEXTENTS 2147483645
  PCTINCREASE 0 FREELISTS 1 FREELIST GROUPS 1 BUFFER_POOL DEFAULT)
  TABLESPACE "USERS" 
 LOB ("PICTUREINDEX") STORE AS (
  TABLESPACE "USERS" ENABLE STORAGE IN ROW CHUNK 8192 PCTVERSION 10
  NOCACHE LOGGING 
  STORAGE(INITIAL 65536 NEXT 1048576 MINEXTENTS 1 MAXEXTENTS 2147483645
  PCTINCREASE 0 FREELISTS 1 FREELIST GROUPS 1 BUFFER_POOL DEFAULT)) ;
--------------------------------------------------------
--  DDL for Table T_S_FUNCTION
--------------------------------------------------------

  CREATE TABLE  "T_S_FUNCTION" 
   (	"ID" VARCHAR2(32 BYTE), 
	"ICONID" VARCHAR2(32 BYTE), 
	"PARENTFUNCTIONID" VARCHAR2(32 BYTE), 
	"FUNCTIONNAME" VARCHAR2(50 BYTE), 
	"FUNCTIONLEVEL" NUMBER(6,0), 
	"FUNCTIONURL" VARCHAR2(100 BYTE), 
	"ICONPATH" CLOB, 
	"FUNCTIONORDER" VARCHAR2(10 BYTE), 
	"FUNCTIONIFRAME" NUMBER(6,0)
   ) PCTFREE 10 PCTUSED 40 INITRANS 1 MAXTRANS 255 NOCOMPRESS LOGGING
  STORAGE(INITIAL 65536 NEXT 1048576 MINEXTENTS 1 MAXEXTENTS 2147483645
  PCTINCREASE 0 FREELISTS 1 FREELIST GROUPS 1 BUFFER_POOL DEFAULT)
  TABLESPACE "USERS" 
 LOB ("ICONPATH") STORE AS (
  TABLESPACE "USERS" ENABLE STORAGE IN ROW CHUNK 8192 PCTVERSION 10
  NOCACHE LOGGING 
  STORAGE(INITIAL 65536 NEXT 1048576 MINEXTENTS 1 MAXEXTENTS 2147483645
  PCTINCREASE 0 FREELISTS 1 FREELIST GROUPS 1 BUFFER_POOL DEFAULT)) ;
--------------------------------------------------------
--  DDL for Table T_S_ICON
--------------------------------------------------------

  CREATE TABLE  "T_S_ICON" 
   (	"ID" VARCHAR2(32 BYTE), 
	"NAME" VARCHAR2(100 BYTE), 
	"TYPE" NUMBER(6,0), 
	"PATH" CLOB, 
	"CONTENT" BLOB, 
	"ICONCLAS" VARCHAR2(200 BYTE), 
	"EXTEND" VARCHAR2(5 BYTE)
   ) PCTFREE 10 PCTUSED 40 INITRANS 1 MAXTRANS 255 NOCOMPRESS LOGGING
  STORAGE(INITIAL 65536 NEXT 1048576 MINEXTENTS 1 MAXEXTENTS 2147483645
  PCTINCREASE 0 FREELISTS 1 FREELIST GROUPS 1 BUFFER_POOL DEFAULT)
  TABLESPACE "USERS" 
 LOB ("PATH") STORE AS (
  TABLESPACE "USERS" ENABLE STORAGE IN ROW CHUNK 8192 PCTVERSION 10
  NOCACHE LOGGING 
  STORAGE(INITIAL 65536 NEXT 1048576 MINEXTENTS 1 MAXEXTENTS 2147483645
  PCTINCREASE 0 FREELISTS 1 FREELIST GROUPS 1 BUFFER_POOL DEFAULT)) 
 LOB ("CONTENT") STORE AS (
  TABLESPACE "USERS" ENABLE STORAGE IN ROW CHUNK 8192 PCTVERSION 10
  NOCACHE LOGGING 
  STORAGE(INITIAL 65536 NEXT 1048576 MINEXTENTS 1 MAXEXTENTS 2147483645
  PCTINCREASE 0 FREELISTS 1 FREELIST GROUPS 1 BUFFER_POOL DEFAULT)) ;
--------------------------------------------------------
--  DDL for Table T_S_LOG
--------------------------------------------------------

  CREATE TABLE  "T_S_LOG" 
   (	"ID" VARCHAR2(32 BYTE), 
	"USERID" VARCHAR2(32 BYTE), 
	"LOGLEVEL" NUMBER(6,0), 
	"OPERATETIME" DATE, 
	"OPERATETYPE" NUMBER(6,0), 
	"LOGCONTENT" CLOB, 
	"NOTE" CLOB, 
	"BROSWER" VARCHAR2(100 BYTE)
   ) PCTFREE 10 PCTUSED 40 INITRANS 1 MAXTRANS 255 NOCOMPRESS LOGGING
  STORAGE(INITIAL 65536 NEXT 1048576 MINEXTENTS 1 MAXEXTENTS 2147483645
  PCTINCREASE 0 FREELISTS 1 FREELIST GROUPS 1 BUFFER_POOL DEFAULT)
  TABLESPACE "USERS" 
 LOB ("LOGCONTENT") STORE AS (
  TABLESPACE "USERS" ENABLE STORAGE IN ROW CHUNK 8192 PCTVERSION 10
  NOCACHE LOGGING 
  STORAGE(INITIAL 65536 NEXT 1048576 MINEXTENTS 1 MAXEXTENTS 2147483645
  PCTINCREASE 0 FREELISTS 1 FREELIST GROUPS 1 BUFFER_POOL DEFAULT)) 
 LOB ("NOTE") STORE AS (
  TABLESPACE "USERS" ENABLE STORAGE IN ROW CHUNK 8192 PCTVERSION 10
  NOCACHE LOGGING 
  STORAGE(INITIAL 65536 NEXT 1048576 MINEXTENTS 1 MAXEXTENTS 2147483645
  PCTINCREASE 0 FREELISTS 1 FREELIST GROUPS 1 BUFFER_POOL DEFAULT)) ;
--------------------------------------------------------
--  DDL for Table T_S_OPERATION
--------------------------------------------------------

  CREATE TABLE  "T_S_OPERATION" 
   (	"ID" VARCHAR2(32 BYTE), 
	"ICONID" VARCHAR2(32 BYTE), 
	"FUNCTIONID" VARCHAR2(32 BYTE), 
	"OPERATIONNAME" VARCHAR2(50 BYTE), 
	"OPERATIONCODE" VARCHAR2(50 BYTE), 
	"OPERATIONICON" VARCHAR2(100 BYTE), 
	"STATUS" NUMBER(6,0)
   ) PCTFREE 10 PCTUSED 40 INITRANS 1 MAXTRANS 255 NOCOMPRESS LOGGING
  STORAGE(INITIAL 65536 NEXT 1048576 MINEXTENTS 1 MAXEXTENTS 2147483645
  PCTINCREASE 0 FREELISTS 1 FREELIST GROUPS 1 BUFFER_POOL DEFAULT)
  TABLESPACE "USERS" ;
--------------------------------------------------------
--  DDL for Table T_S_ROLE
--------------------------------------------------------

  CREATE TABLE  "T_S_ROLE" 
   (	"ID" VARCHAR2(32 BYTE), 
	"ROLENAME" VARCHAR2(20 BYTE), 
	"ROLECODE" VARCHAR2(15 BYTE)
   ) PCTFREE 10 PCTUSED 40 INITRANS 1 MAXTRANS 255 NOCOMPRESS LOGGING
  STORAGE(INITIAL 65536 NEXT 1048576 MINEXTENTS 1 MAXEXTENTS 2147483645
  PCTINCREASE 0 FREELISTS 1 FREELIST GROUPS 1 BUFFER_POOL DEFAULT)
  TABLESPACE "USERS" ;
--------------------------------------------------------
--  DDL for Table T_S_ROLE_FUNCTION
--------------------------------------------------------

  CREATE TABLE  "T_S_ROLE_FUNCTION" 
   (	"ID" VARCHAR2(32 BYTE), 
	"ROLEID" VARCHAR2(32 BYTE), 
	"FUNCTIONID" VARCHAR2(32 BYTE), 
	"OPERATION" VARCHAR2(200 BYTE)
   ) PCTFREE 10 PCTUSED 40 INITRANS 1 MAXTRANS 255 NOCOMPRESS LOGGING
  STORAGE(INITIAL 65536 NEXT 1048576 MINEXTENTS 1 MAXEXTENTS 2147483645
  PCTINCREASE 0 FREELISTS 1 FREELIST GROUPS 1 BUFFER_POOL DEFAULT)
  TABLESPACE "USERS" ;
--------------------------------------------------------
--  DDL for Table T_S_ROLE_USER
--------------------------------------------------------

  CREATE TABLE  "T_S_ROLE_USER" 
   (	"ID" VARCHAR2(32 BYTE), 
	"USERID" VARCHAR2(32 BYTE), 
	"ROLEID" VARCHAR2(32 BYTE)
   ) PCTFREE 10 PCTUSED 40 INITRANS 1 MAXTRANS 255 NOCOMPRESS LOGGING
  STORAGE(INITIAL 65536 NEXT 1048576 MINEXTENTS 1 MAXEXTENTS 2147483645
  PCTINCREASE 0 FREELISTS 1 FREELIST GROUPS 1 BUFFER_POOL DEFAULT)
  TABLESPACE "USERS" ;
--------------------------------------------------------
--  DDL for Table T_S_TYPE
--------------------------------------------------------

  CREATE TABLE  "T_S_TYPE" 
   (	"ID" VARCHAR2(32 BYTE), 
	"TYPECODE" VARCHAR2(50 BYTE), 
	"TYPENAME" VARCHAR2(50 BYTE), 
	"TYPEPID" VARCHAR2(32 BYTE), 
	"TYPEGROUPID" VARCHAR2(32 BYTE), 
	"VALUE" VARCHAR2(50 BYTE)
   ) PCTFREE 10 PCTUSED 40 INITRANS 1 MAXTRANS 255 NOCOMPRESS LOGGING
  STORAGE(INITIAL 65536 NEXT 1048576 MINEXTENTS 1 MAXEXTENTS 2147483645
  PCTINCREASE 0 FREELISTS 1 FREELIST GROUPS 1 BUFFER_POOL DEFAULT)
  TABLESPACE "USERS" ;
--------------------------------------------------------
--  DDL for Table T_S_TYPEGROUP
--------------------------------------------------------

  CREATE TABLE  "T_S_TYPEGROUP" 
   (	"ID" VARCHAR2(32 BYTE), 
	"TYPEGROUPNAME" VARCHAR2(50 BYTE), 
	"TYPEGROUPCODE" VARCHAR2(50 BYTE)
   ) PCTFREE 10 PCTUSED 40 INITRANS 1 MAXTRANS 255 NOCOMPRESS LOGGING
  STORAGE(INITIAL 65536 NEXT 1048576 MINEXTENTS 1 MAXEXTENTS 2147483645
  PCTINCREASE 0 FREELISTS 1 FREELIST GROUPS 1 BUFFER_POOL DEFAULT)
  TABLESPACE "USERS" ;
--------------------------------------------------------
--  DDL for Table T_S_USER
--------------------------------------------------------

  CREATE TABLE  "T_S_USER" 
   (	"ID" VARCHAR2(32 BYTE), 
	"SIGNATUREFILE" VARCHAR2(100 BYTE), 
	"MOBILEPHONE" VARCHAR2(30 BYTE), 
	"OFFICEPHONE" VARCHAR2(20 BYTE), 
	"EMAIL" VARCHAR2(50 BYTE)
   ) PCTFREE 10 PCTUSED 40 INITRANS 1 MAXTRANS 255 NOCOMPRESS LOGGING
  STORAGE(INITIAL 65536 NEXT 1048576 MINEXTENTS 1 MAXEXTENTS 2147483645
  PCTINCREASE 0 FREELISTS 1 FREELIST GROUPS 1 BUFFER_POOL DEFAULT)
  TABLESPACE "USERS" ;
--------------------------------------------------------
--  DDL for Table T_S_VERSION
--------------------------------------------------------

  CREATE TABLE  "T_S_VERSION" 
   (	"ID" VARCHAR2(32 BYTE), 
	"VERSIONNAME" VARCHAR2(50 BYTE), 
	"VERSIONCODE" VARCHAR2(30 BYTE), 
	"LOGINPAGE" VARCHAR2(100 BYTE), 
	"VERSIONNUM" VARCHAR2(20 BYTE)
   ) PCTFREE 10 PCTUSED 40 INITRANS 1 MAXTRANS 255 NOCOMPRESS LOGGING
  STORAGE(INITIAL 65536 NEXT 1048576 MINEXTENTS 1 MAXEXTENTS 2147483645
  PCTINCREASE 0 FREELISTS 1 FREELIST GROUPS 1 BUFFER_POOL DEFAULT)
  TABLESPACE "USERS" ;
REM INSERTING into   BONUS
SET DEFINE OFF;
REM INSERTING into   DEPT
SET DEFINE OFF;
Insert into   DEPT (DEPTNO,DNAME,LOC) values (10,'ACCOUNTING','NEW YORK');
Insert into   DEPT (DEPTNO,DNAME,LOC) values (20,'RESEARCH','DALLAS');
Insert into   DEPT (DEPTNO,DNAME,LOC) values (30,'SALES','CHICAGO');
Insert into   DEPT (DEPTNO,DNAME,LOC) values (40,'OPERATIONS','BOSTON');
REM INSERTING into   EMP
SET DEFINE OFF;
Insert into   EMP (EMPNO,ENAME,JOB,MGR,HIREDATE,SAL,COMM,DEPTNO) values (7369,'SMITH','CLERK',7902,to_date('17-12月-80','DD-MON-RR'),800,null,20);
Insert into   EMP (EMPNO,ENAME,JOB,MGR,HIREDATE,SAL,COMM,DEPTNO) values (7499,'ALLEN','SALESMAN',7698,to_date('20-2月 -81','DD-MON-RR'),1600,300,30);
Insert into   EMP (EMPNO,ENAME,JOB,MGR,HIREDATE,SAL,COMM,DEPTNO) values (7521,'WARD','SALESMAN',7698,to_date('22-2月 -81','DD-MON-RR'),1250,500,30);
Insert into   EMP (EMPNO,ENAME,JOB,MGR,HIREDATE,SAL,COMM,DEPTNO) values (7566,'JONES','MANAGER',7839,to_date('02-4月 -81','DD-MON-RR'),2975,null,20);
Insert into   EMP (EMPNO,ENAME,JOB,MGR,HIREDATE,SAL,COMM,DEPTNO) values (7654,'MARTIN','SALESMAN',7698,to_date('28-9月 -81','DD-MON-RR'),1250,1400,30);
Insert into   EMP (EMPNO,ENAME,JOB,MGR,HIREDATE,SAL,COMM,DEPTNO) values (7698,'BLAKE','MANAGER',7839,to_date('01-5月 -81','DD-MON-RR'),2850,null,30);
Insert into   EMP (EMPNO,ENAME,JOB,MGR,HIREDATE,SAL,COMM,DEPTNO) values (7782,'CLARK','MANAGER',7839,to_date('09-6月 -81','DD-MON-RR'),2450,null,10);
Insert into   EMP (EMPNO,ENAME,JOB,MGR,HIREDATE,SAL,COMM,DEPTNO) values (7788,'SCOTT','ANALYST',7566,to_date('19-4月 -87','DD-MON-RR'),3000,null,20);
Insert into   EMP (EMPNO,ENAME,JOB,MGR,HIREDATE,SAL,COMM,DEPTNO) values (7839,'KING','PRESIDENT',null,to_date('17-11月-81','DD-MON-RR'),5000,null,10);
Insert into   EMP (EMPNO,ENAME,JOB,MGR,HIREDATE,SAL,COMM,DEPTNO) values (7844,'TURNER','SALESMAN',7698,to_date('08-9月 -81','DD-MON-RR'),1500,0,30);
Insert into   EMP (EMPNO,ENAME,JOB,MGR,HIREDATE,SAL,COMM,DEPTNO) values (7876,'ADAMS','CLERK',7788,to_date('23-5月 -87','DD-MON-RR'),1100,null,20);
Insert into   EMP (EMPNO,ENAME,JOB,MGR,HIREDATE,SAL,COMM,DEPTNO) values (7900,'JAMES','CLERK',7698,to_date('03-12月-81','DD-MON-RR'),950,null,30);
Insert into   EMP (EMPNO,ENAME,JOB,MGR,HIREDATE,SAL,COMM,DEPTNO) values (7902,'FORD','ANALYST',7566,to_date('03-12月-81','DD-MON-RR'),3000,null,20);
Insert into   EMP (EMPNO,ENAME,JOB,MGR,HIREDATE,SAL,COMM,DEPTNO) values (7934,'MILLER','CLERK',7782,to_date('23-1月 -82','DD-MON-RR'),1300,null,10);
REM INSERTING into   JEECG_DEMO
SET DEFINE OFF;
Insert into   JEECG_DEMO (ID,AGE,BIRTHDAY,CREATE_TIME,DEP_ID,EMAIL,MOBILE_PHONE,OFFICE_PHONE,SALARY,SEX,USER_NAME,STATUS,CONTENT,CONTENT1) values ('8a8a8a813ef47c6e013ef48239820030',27,to_date('10-5月 -13','DD-MON-RR'),to_date('24-5月 -13','DD-MON-RR'),'297e5a493d9f2cbc013d9f4450530001','zhangdaiscott@163.com','13426342929','123456',20000,'0','张代浩','1','1111',null);
Insert into   JEECG_DEMO (ID,AGE,BIRTHDAY,CREATE_TIME,DEP_ID,EMAIL,MOBILE_PHONE,OFFICE_PHONE,SALARY,SEX,USER_NAME,STATUS,CONTENT,CONTENT1) values ('8a8a8a813ef47c6e013ef48471220035',33,null,null,'150','zhangdaiscott@163.com',null,'123456',33,'0','zhangdaiscott','0',null,null);
REM INSERTING into   JEECG_ONE_TO_ONE
SET DEFINE OFF;
REM INSERTING into   JEECG_ORDER_CUSTOM
SET DEFINE OFF;
Insert into   JEECG_ORDER_CUSTOM (ID,GORDER_ID,GO_ORDER_CODE,GOC_CUS_NAME,GOC_SEX,GOC_IDCARD,GOC_PASSPORT_CODE,GOC_BUSS_CONTENT,GOC_CONTENT,CRTUSER,CRTUSER_NAME,CREATE_DT,MODIFIER,MODIFIER_NAME,MODIFY_DT,DELFLAG,DEL_DT) values ('8a8a8a813ed3f193013ed410b6530038',null,'9999','张三','0','123',null,null,null,null,null,null,null,null,null,null,null);
Insert into   JEECG_ORDER_CUSTOM (ID,GORDER_ID,GO_ORDER_CODE,GOC_CUS_NAME,GOC_SEX,GOC_IDCARD,GOC_PASSPORT_CODE,GOC_BUSS_CONTENT,GOC_CONTENT,CRTUSER,CRTUSER_NAME,CREATE_DT,MODIFIER,MODIFIER_NAME,MODIFY_DT,DELFLAG,DEL_DT) values ('8a8a8a813ed3f193013ed410b6920039',null,'9999','李四','0','456',null,null,null,null,null,null,null,null,null,null,null);
Insert into   JEECG_ORDER_CUSTOM (ID,GORDER_ID,GO_ORDER_CODE,GOC_CUS_NAME,GOC_SEX,GOC_IDCARD,GOC_PASSPORT_CODE,GOC_BUSS_CONTENT,GOC_CONTENT,CRTUSER,CRTUSER_NAME,CREATE_DT,MODIFIER,MODIFIER_NAME,MODIFY_DT,DELFLAG,DEL_DT) values ('8a8a8a813edeee60013edeefe08f0003',null,'123456',null,null,null,null,null,null,null,null,null,null,null,null,null,null);
Insert into   JEECG_ORDER_CUSTOM (ID,GORDER_ID,GO_ORDER_CODE,GOC_CUS_NAME,GOC_SEX,GOC_IDCARD,GOC_PASSPORT_CODE,GOC_BUSS_CONTENT,GOC_CONTENT,CRTUSER,CRTUSER_NAME,CREATE_DT,MODIFIER,MODIFIER_NAME,MODIFY_DT,DELFLAG,DEL_DT) values ('8a8a8a813edeee60013edeefe09f0004',null,'123456',null,null,null,null,null,null,null,null,null,null,null,null,null,null);
Insert into   JEECG_ORDER_CUSTOM (ID,GORDER_ID,GO_ORDER_CODE,GOC_CUS_NAME,GOC_SEX,GOC_IDCARD,GOC_PASSPORT_CODE,GOC_BUSS_CONTENT,GOC_CONTENT,CRTUSER,CRTUSER_NAME,CREATE_DT,MODIFIER,MODIFIER_NAME,MODIFY_DT,DELFLAG,DEL_DT) values ('8a8a8a813edf898e013edf8b2b230002','8a8a8a813edf898e013edf8b2b140001','A01','张三',null,null,null,null,null,null,null,null,null,null,null,null,null);
Insert into   JEECG_ORDER_CUSTOM (ID,GORDER_ID,GO_ORDER_CODE,GOC_CUS_NAME,GOC_SEX,GOC_IDCARD,GOC_PASSPORT_CODE,GOC_BUSS_CONTENT,GOC_CONTENT,CRTUSER,CRTUSER_NAME,CREATE_DT,MODIFIER,MODIFIER_NAME,MODIFY_DT,DELFLAG,DEL_DT) values ('8a8a8a813edf898e013edf8b2b230003','8a8a8a813edf898e013edf8b2b140001','A01','李四',null,null,null,null,null,null,null,null,null,null,null,null,null);
Insert into   JEECG_ORDER_CUSTOM (ID,GORDER_ID,GO_ORDER_CODE,GOC_CUS_NAME,GOC_SEX,GOC_IDCARD,GOC_PASSPORT_CODE,GOC_BUSS_CONTENT,GOC_CONTENT,CRTUSER,CRTUSER_NAME,CREATE_DT,MODIFIER,MODIFIER_NAME,MODIFY_DT,DELFLAG,DEL_DT) values ('8a8a8a813ee0d4fb013ee0d5ad2f0002','8a8a8a813ee0d4fb013ee0d5ad200001','213123',null,null,null,null,null,null,null,null,null,null,null,null,null,null);
Insert into   JEECG_ORDER_CUSTOM (ID,GORDER_ID,GO_ORDER_CODE,GOC_CUS_NAME,GOC_SEX,GOC_IDCARD,GOC_PASSPORT_CODE,GOC_BUSS_CONTENT,GOC_CONTENT,CRTUSER,CRTUSER_NAME,CREATE_DT,MODIFIER,MODIFIER_NAME,MODIFY_DT,DELFLAG,DEL_DT) values ('8a8a8a813ef47c6e013ef47fbedd0017',null,'1231','222222','0',null,null,null,null,null,null,null,null,null,null,null,null);
Insert into   JEECG_ORDER_CUSTOM (ID,GORDER_ID,GO_ORDER_CODE,GOC_CUS_NAME,GOC_SEX,GOC_IDCARD,GOC_PASSPORT_CODE,GOC_BUSS_CONTENT,GOC_CONTENT,CRTUSER,CRTUSER_NAME,CREATE_DT,MODIFIER,MODIFIER_NAME,MODIFY_DT,DELFLAG,DEL_DT) values ('8a8a8a813ef47c6e013ef47fbedd0018',null,'1231','22222','1',null,null,null,null,null,null,null,null,null,null,null,null);
REM INSERTING into   JEECG_ORDER_MAIN
SET DEFINE OFF;
Insert into   JEECG_ORDER_MAIN (ID,GO_ORDER_CODE,GODER_TYPE,USERTYPE,GO_CONTACT_NAME,GO_TELPHONE,GO_ORDER_COUNT,GO_ALL_PRICE,GO_RETURN_PRICE,GO_CONTENT,CRTUSER,CRTUSER_NAME,CREATE_DT,MODIFIER,MODIFIER_NAME,MODIFY_DT,DELFLAG,DEL_DT) values ('8a8a8a813ee37e07013ee37f599b0001','C001','1','1','2',null,100,200,3000,null,null,null,null,null,null,null,null,null);
Insert into   JEECG_ORDER_MAIN (ID,GO_ORDER_CODE,GODER_TYPE,USERTYPE,GO_CONTACT_NAME,GO_TELPHONE,GO_ORDER_COUNT,GO_ALL_PRICE,GO_RETURN_PRICE,GO_CONTENT,CRTUSER,CRTUSER_NAME,CREATE_DT,MODIFIER,MODIFIER_NAME,MODIFY_DT,DELFLAG,DEL_DT) values ('8ab1c1153ee9df5a013ee9e153e30001','C002','2','1','123',null,123123,222,222,null,null,null,null,null,null,null,null,null);
REM INSERTING into   JEECG_ORDER_PRODUCT
SET DEFINE OFF;
Insert into   JEECG_ORDER_PRODUCT (ID,GORDER_ID,GO_ORDER_CODE,GOP_PRODUCT_TYPE,GOP_PRODUCT_NAME,GOP_COUNT,GOP_ONE_PRICE,GOP_SUM_PRICE,GOP_CONTENT,CRTUSER,CRTUSER_NAME,CREATE_DT,MODIFIER,MODIFIER_NAME,MODIFY_DT,DELFLAG,DEL_DT) values ('8a8a8a813ed3f193013ed410b5c70036',null,'9999','2','产品1234',1,1,null,null,null,null,null,null,null,null,null,null);
Insert into   JEECG_ORDER_PRODUCT (ID,GORDER_ID,GO_ORDER_CODE,GOP_PRODUCT_TYPE,GOP_PRODUCT_NAME,GOP_COUNT,GOP_ONE_PRICE,GOP_SUM_PRICE,GOP_CONTENT,CRTUSER,CRTUSER_NAME,CREATE_DT,MODIFIER,MODIFIER_NAME,MODIFY_DT,DELFLAG,DEL_DT) values ('8a8a8a813ed3f193013ed410b6530037',null,'9999','2','产品123456',1,1,null,null,null,null,null,null,null,null,null,null);
Insert into   JEECG_ORDER_PRODUCT (ID,GORDER_ID,GO_ORDER_CODE,GOP_PRODUCT_TYPE,GOP_PRODUCT_NAME,GOP_COUNT,GOP_ONE_PRICE,GOP_SUM_PRICE,GOP_CONTENT,CRTUSER,CRTUSER_NAME,CREATE_DT,MODIFIER,MODIFIER_NAME,MODIFY_DT,DELFLAG,DEL_DT) values ('8a8a8a813edeee60013edeefe09f0005',null,'123456',null,null,null,null,null,null,null,null,null,null,null,null,null,null);
Insert into   JEECG_ORDER_PRODUCT (ID,GORDER_ID,GO_ORDER_CODE,GOP_PRODUCT_TYPE,GOP_PRODUCT_NAME,GOP_COUNT,GOP_ONE_PRICE,GOP_SUM_PRICE,GOP_CONTENT,CRTUSER,CRTUSER_NAME,CREATE_DT,MODIFIER,MODIFIER_NAME,MODIFY_DT,DELFLAG,DEL_DT) values ('8a8a8a813edeee60013edeefe09f0006',null,'123456',null,null,null,null,null,null,null,null,null,null,null,null,null,null);
Insert into   JEECG_ORDER_PRODUCT (ID,GORDER_ID,GO_ORDER_CODE,GOP_PRODUCT_TYPE,GOP_PRODUCT_NAME,GOP_COUNT,GOP_ONE_PRICE,GOP_SUM_PRICE,GOP_CONTENT,CRTUSER,CRTUSER_NAME,CREATE_DT,MODIFIER,MODIFIER_NAME,MODIFY_DT,DELFLAG,DEL_DT) values ('8a8a8a813edf898e013edf8b2b230004','8a8a8a813edf898e013edf8b2b140001','A01','1','苹果',null,null,null,null,null,null,null,null,null,null,null,null);
Insert into   JEECG_ORDER_PRODUCT (ID,GORDER_ID,GO_ORDER_CODE,GOP_PRODUCT_TYPE,GOP_PRODUCT_NAME,GOP_COUNT,GOP_ONE_PRICE,GOP_SUM_PRICE,GOP_CONTENT,CRTUSER,CRTUSER_NAME,CREATE_DT,MODIFIER,MODIFIER_NAME,MODIFY_DT,DELFLAG,DEL_DT) values ('8a8a8a813edf898e013edf8b2b520005','8a8a8a813edf898e013edf8b2b140001','A01','2','栗子',null,null,null,null,null,null,null,null,null,null,null,null);
Insert into   JEECG_ORDER_PRODUCT (ID,GORDER_ID,GO_ORDER_CODE,GOP_PRODUCT_TYPE,GOP_PRODUCT_NAME,GOP_COUNT,GOP_ONE_PRICE,GOP_SUM_PRICE,GOP_CONTENT,CRTUSER,CRTUSER_NAME,CREATE_DT,MODIFIER,MODIFIER_NAME,MODIFY_DT,DELFLAG,DEL_DT) values ('8a8a8a813ef47c6e013ef47fbece0015',null,'1231','1','1233333',null,null,null,null,null,null,null,null,null,null,null,null);
Insert into   JEECG_ORDER_PRODUCT (ID,GORDER_ID,GO_ORDER_CODE,GOP_PRODUCT_TYPE,GOP_PRODUCT_NAME,GOP_COUNT,GOP_ONE_PRICE,GOP_SUM_PRICE,GOP_CONTENT,CRTUSER,CRTUSER_NAME,CREATE_DT,MODIFIER,MODIFIER_NAME,MODIFY_DT,DELFLAG,DEL_DT) values ('8a8a8a813ef47c6e013ef47fbedd0016',null,'1231','1','3333333',null,null,null,null,null,null,null,null,null,null,null,null);
Insert into   JEECG_ORDER_PRODUCT (ID,GORDER_ID,GO_ORDER_CODE,GOP_PRODUCT_TYPE,GOP_PRODUCT_NAME,GOP_COUNT,GOP_ONE_PRICE,GOP_SUM_PRICE,GOP_CONTENT,CRTUSER,CRTUSER_NAME,CREATE_DT,MODIFIER,MODIFIER_NAME,MODIFY_DT,DELFLAG,DEL_DT) values ('8a8a8a813ef47c6e013ef48071550022',null,'C002','1','产品名称11',null,null,null,null,null,null,null,null,null,null,null,null);
Insert into   JEECG_ORDER_PRODUCT (ID,GORDER_ID,GO_ORDER_CODE,GOP_PRODUCT_TYPE,GOP_PRODUCT_NAME,GOP_COUNT,GOP_ONE_PRICE,GOP_SUM_PRICE,GOP_CONTENT,CRTUSER,CRTUSER_NAME,CREATE_DT,MODIFIER,MODIFIER_NAME,MODIFY_DT,DELFLAG,DEL_DT) values ('8a8a8a813ef47c6e013ef48071640023',null,'C002','1','产品名称22',null,null,null,null,null,null,null,null,null,null,null,null);
Insert into   JEECG_ORDER_PRODUCT (ID,GORDER_ID,GO_ORDER_CODE,GOP_PRODUCT_TYPE,GOP_PRODUCT_NAME,GOP_COUNT,GOP_ONE_PRICE,GOP_SUM_PRICE,GOP_CONTENT,CRTUSER,CRTUSER_NAME,CREATE_DT,MODIFIER,MODIFIER_NAME,MODIFY_DT,DELFLAG,DEL_DT) values ('8a8a8a813ef47c6e013ef4807cce0025',null,'C001','2','产品名称11',null,null,null,null,null,null,null,null,null,null,null,null);
Insert into   JEECG_ORDER_PRODUCT (ID,GORDER_ID,GO_ORDER_CODE,GOP_PRODUCT_TYPE,GOP_PRODUCT_NAME,GOP_COUNT,GOP_ONE_PRICE,GOP_SUM_PRICE,GOP_CONTENT,CRTUSER,CRTUSER_NAME,CREATE_DT,MODIFIER,MODIFIER_NAME,MODIFY_DT,DELFLAG,DEL_DT) values ('8a8a8a813ef47c6e013ef4807cce0026',null,'C001','2','产品名称12',null,null,null,null,null,null,null,null,null,null,null,null);
Insert into   JEECG_ORDER_PRODUCT (ID,GORDER_ID,GO_ORDER_CODE,GOP_PRODUCT_TYPE,GOP_PRODUCT_NAME,GOP_COUNT,GOP_ONE_PRICE,GOP_SUM_PRICE,GOP_CONTENT,CRTUSER,CRTUSER_NAME,CREATE_DT,MODIFIER,MODIFIER_NAME,MODIFY_DT,DELFLAG,DEL_DT) values ('8aa6cad73e9ddad8013e9dea18cc000b',null,'123456','2','1234456',1,1,null,null,null,null,null,null,null,null,null,null);
Insert into   JEECG_ORDER_PRODUCT (ID,GORDER_ID,GO_ORDER_CODE,GOP_PRODUCT_TYPE,GOP_PRODUCT_NAME,GOP_COUNT,GOP_ONE_PRICE,GOP_SUM_PRICE,GOP_CONTENT,CRTUSER,CRTUSER_NAME,CREATE_DT,MODIFIER,MODIFIER_NAME,MODIFY_DT,DELFLAG,DEL_DT) values ('8aa6cad73e9ddad8013e9dea18cc000c',null,'123456','1','21234456',2,2,null,null,null,null,null,null,null,null,null,null);
Insert into   JEECG_ORDER_PRODUCT (ID,GORDER_ID,GO_ORDER_CODE,GOP_PRODUCT_TYPE,GOP_PRODUCT_NAME,GOP_COUNT,GOP_ONE_PRICE,GOP_SUM_PRICE,GOP_CONTENT,CRTUSER,CRTUSER_NAME,CREATE_DT,MODIFIER,MODIFIER_NAME,MODIFY_DT,DELFLAG,DEL_DT) values ('8aa6cad73e9ddad8013e9dea18dc000d',null,'123456','1','31234456',3,3,null,null,null,null,null,null,null,null,null,null);
REM INSERTING into   JG_PERSON
SET DEFINE OFF;
Insert into   JG_PERSON (ID,AGE,BIRTHDAY,CREATEDT,NAME,SALARY) values ('8a8a8a813ed3f193013ed4146736003b',20,to_date('14-3月 -13','DD-MON-RR'),to_date('12-3月 -13','DD-MON-RR'),'张三',10000);
Insert into   JG_PERSON (ID,AGE,BIRTHDAY,CREATEDT,NAME,SALARY) values ('8a8a8a813ed3f193013ed414685f003d',30,to_date('24-4月 -13','DD-MON-RR'),to_date('24-4月 -13','DD-MON-RR'),'李四',9000);
REM INSERTING into   PERSON
SET DEFINE OFF;
Insert into   PERSON (ID,NAME,AGE,SALARY,CREATEDT,BIRTHDAY,CREATE_DATE,CREATE_BY,CREATE_NAME,UPDATE_DATE,UPDATE_BY,UPDATE_NAME) values ('8a8a8a813ed72ff9013ed730f3b70002','张代浩',27,10000,to_date('24-5月 -13','DD-MON-RR'),to_date('24-5月 -13','DD-MON-RR'),null,null,null,null,null,null);
Insert into   PERSON (ID,NAME,AGE,SALARY,CREATEDT,BIRTHDAY,CREATE_DATE,CREATE_BY,CREATE_NAME,UPDATE_DATE,UPDATE_BY,UPDATE_NAME) values ('8a8a8a813ed72ff9013ed7329d6f0004','3',3,3,null,null,to_date('24-5月 -13','DD-MON-RR'),'admin','管理员',null,null,null);
Insert into   PERSON (ID,NAME,AGE,SALARY,CREATEDT,BIRTHDAY,CREATE_DATE,CREATE_BY,CREATE_NAME,UPDATE_DATE,UPDATE_BY,UPDATE_NAME) values ('8a8a8a813ed72ff9013ed736359a0008','3333',33,3333,null,null,to_date('24-5月 -13','DD-MON-RR'),'admin','管理员',null,null,null);
Insert into   PERSON (ID,NAME,AGE,SALARY,CREATEDT,BIRTHDAY,CREATE_DATE,CREATE_BY,CREATE_NAME,UPDATE_DATE,UPDATE_BY,UPDATE_NAME) values ('8a8a8a813ed999e7013ed99b02bd0001','123',123,123,to_date('25-5月 -13','DD-MON-RR'),to_date('25-5月 -13','DD-MON-RR'),to_date('25-5月 -13','DD-MON-RR'),'admin','管理员',null,null,null);
Insert into   PERSON (ID,NAME,AGE,SALARY,CREATEDT,BIRTHDAY,CREATE_DATE,CREATE_BY,CREATE_NAME,UPDATE_DATE,UPDATE_BY,UPDATE_NAME) values ('8a8a8a813ed9b4bd013ed9b557180001','2',2,2,null,null,to_date('25-5月 -13','DD-MON-RR'),'admin','管理员',null,null,null);
REM INSERTING into   SALGRADE
SET DEFINE OFF;
Insert into   SALGRADE (GRADE,LOSAL,HISAL) values (1,700,1200);
Insert into   SALGRADE (GRADE,LOSAL,HISAL) values (2,1201,1400);
Insert into   SALGRADE (GRADE,LOSAL,HISAL) values (3,1401,2000);
Insert into   SALGRADE (GRADE,LOSAL,HISAL) values (4,2001,3000);
Insert into   SALGRADE (GRADE,LOSAL,HISAL) values (5,3001,9999);
REM INSERTING into   T_S_ATTACHMENT
SET DEFINE OFF;
Insert into   T_S_ATTACHMENT (ID,USERID,BUSINESSKEY,INFOTYPEID,ATTACHMENTTITLE,REALPATH,CREATEDATE,EXTEND,BUSENTITYNAME) values ('297e5a493da6ed99013da7055cb00069',null,null,null,'系统iframe打开tab说明','upload/files/20130326220619IrYnrTQY.txt',to_date('26-3月 -13','DD-MON-RR'),'txt',null);
Insert into   T_S_ATTACHMENT (ID,USERID,BUSINESSKEY,INFOTYPEID,ATTACHMENTTITLE,REALPATH,CREATEDATE,EXTEND,BUSENTITYNAME) values ('297e5a493da6ed99013da706dc0d006a',null,null,null,'查询DB2表属性','upload/files/20130326220757GtOq6EUI.docx',to_date('26-3月 -13','DD-MON-RR'),'docx',null);
Insert into   T_S_ATTACHMENT (ID,USERID,BUSINESSKEY,INFOTYPEID,ATTACHMENTTITLE,REALPATH,CREATEDATE,EXTEND,BUSENTITYNAME) values ('297e5a493da707be013da709a6d50001',null,null,null,'查询DB2表属性','upload/files/201303262211008h3rBYAi.docx',to_date('26-3月 -13','DD-MON-RR'),'docx',null);
Insert into   T_S_ATTACHMENT (ID,USERID,BUSINESSKEY,INFOTYPEID,ATTACHMENTTITLE,REALPATH,CREATEDATE,EXTEND,BUSENTITYNAME) values ('402881e93cb3ccfd013cb3d13d730002',null,null,null,'action_back','upload/20130207/20130207164139LBIrMgTG.gif',to_date('07-2月 -13','DD-MON-RR'),'gif',null);
Insert into   T_S_ATTACHMENT (ID,USERID,BUSINESSKEY,INFOTYPEID,ATTACHMENTTITLE,REALPATH,CREATEDATE,EXTEND,BUSENTITYNAME) values ('402881e93cb3ccfd013cb3d2c2530003',null,null,null,'action_save','upload/20130207/20130207164319Jg0vDJfb.gif',to_date('07-2月 -13','DD-MON-RR'),'gif',null);
Insert into   T_S_ATTACHMENT (ID,USERID,BUSINESSKEY,INFOTYPEID,ATTACHMENTTITLE,REALPATH,CREATEDATE,EXTEND,BUSENTITYNAME) values ('402881e93cb3ccfd013cb3d9f46a0006',null,null,null,'action_forward','upload/20130207/20130207165111TSqksHEY.gif',to_date('07-2月 -13','DD-MON-RR'),'gif',null);
Insert into   T_S_ATTACHMENT (ID,USERID,BUSINESSKEY,INFOTYPEID,ATTACHMENTTITLE,REALPATH,CREATEDATE,EXTEND,BUSENTITYNAME) values ('8a8a8a813df1b6f5013df1c51b5c0017',null,null,null,'未开发功能梳理-2013-4-3','upload/files/2013041010273975XJ0YzN.xlsx',to_date('10-4月 -13','DD-MON-RR'),'xlsx',null);
Insert into   T_S_ATTACHMENT (ID,USERID,BUSINESSKEY,INFOTYPEID,ATTACHMENTTITLE,REALPATH,CREATEDATE,EXTEND,BUSENTITYNAME) values ('8a8a8a813df1b6f5013df1c5fb3c0019',null,null,null,null,null,to_date('10-4月 -13','DD-MON-RR'),null,null);
REM INSERTING into   T_S_BASE_USER
SET DEFINE OFF;
Insert into   T_S_BASE_USER (ID,BROWSER,USERKEY,STATUS,REALNAME,USERNAME,DEPARTID,PASSWORD,ACTIVITISYNC) values ('40',null,'D1B5CC2FE46C4CC983C073BCA897935608D926CD32992B5900',1,'管理员','admin','150','c44b01947c9e6e3f',1);
Insert into   T_S_BASE_USER (ID,BROWSER,USERKEY,STATUS,REALNAME,USERNAME,DEPARTID,PASSWORD,ACTIVITISYNC) values ('402881e73d87d62a013d87ee2d4b0011',null,null,1,'采购员','cgy','150','f2322ec2fb9f40d1',null);
Insert into   T_S_BASE_USER (ID,BROWSER,USERKEY,STATUS,REALNAME,USERNAME,DEPARTID,PASSWORD,ACTIVITISYNC) values ('402881e73d87d62a013d87eeaba10014',null,null,1,'采购审批员','cgspy','152','a324509dc1a3089a',1);
Insert into   T_S_BASE_USER (ID,BROWSER,USERKEY,STATUS,REALNAME,USERNAME,DEPARTID,PASSWORD,ACTIVITISYNC) values ('8a8a8a813e63096e013e630c1df10003',null,null,1,'张代浩','scott','150','97c07a884bf272b5',null);
REM INSERTING into   T_S_CONFIG
SET DEFINE OFF;
REM INSERTING into   T_S_DEMO
SET DEFINE OFF;
Insert into   T_S_DEMO (ID,DEMOORDER,DEMOTITLE,DEMOURL,DEMOPID) values ('1',null,'表单验证',null,null);
REM INSERTING into   T_S_DEPART
SET DEFINE OFF;
Insert into   T_S_DEPART (ID,DEPARTNAME,PARENTDEPARTID) values ('150','信息部',null);
Insert into   T_S_DEPART (ID,DEPARTNAME,PARENTDEPARTID) values ('152','设计部',null);
Insert into   T_S_DEPART (ID,DEPARTNAME,PARENTDEPARTID) values ('297e5a493d9f2cbc013d9f4450530001','研发室','152');
REM INSERTING into   T_S_DOCUMENT
SET DEFINE OFF;
REM INSERTING into   T_S_FUNCTION
SET DEFINE OFF;
Insert into   T_S_FUNCTION (ID,ICONID,PARENTFUNCTIONID,FUNCTIONNAME,FUNCTIONLEVEL,FUNCTIONURL,FUNCTIONORDER,FUNCTIONIFRAME) values ('27','402881763a019ea9013a01b009b80019',null,'系统管理',0,null,'5',null);
Insert into   T_S_FUNCTION (ID,ICONID,PARENTFUNCTIONID,FUNCTIONNAME,FUNCTIONLEVEL,FUNCTIONURL,FUNCTIONORDER,FUNCTIONIFRAME) values ('28','402881763a019ea9013a01af2d330015','27','用户管理',1,'userController.do?user','5',null);
Insert into   T_S_FUNCTION (ID,ICONID,PARENTFUNCTIONID,FUNCTIONNAME,FUNCTIONLEVEL,FUNCTIONURL,FUNCTIONORDER,FUNCTIONIFRAME) values ('297e5a493d39e132013d39e316050001','402881763a019ea9013a01af2d330015','402881e53c98df12013c98fc3b300002','单表模型',1,'jeecgNoteController.do?jeecgNote','40',null);
Insert into   T_S_FUNCTION (ID,ICONID,PARENTFUNCTIONID,FUNCTIONNAME,FUNCTIONLEVEL,FUNCTIONURL,FUNCTIONORDER,FUNCTIONIFRAME) values ('297e5a493d8d8e26013d8d90de950001','402881763a019ea9013a01af2d330015','402881e53c98df12013c98fc3b300002','一对多示例',1,'jeecgOrderMainController.do?jeecgOrderMain','42',null);
Insert into   T_S_FUNCTION (ID,ICONID,PARENTFUNCTIONID,FUNCTIONNAME,FUNCTIONLEVEL,FUNCTIONURL,FUNCTIONORDER,FUNCTIONIFRAME) values ('297e5a493da1e22b013da1e75dec0001','402881763a019ea9013a01af2d330015','402881e53c98df12013c98fc3b300002','Excel导入导出',1,'jpPersonController.do?jpPerson','45',null);
Insert into   T_S_FUNCTION (ID,ICONID,PARENTFUNCTIONID,FUNCTIONNAME,FUNCTIONLEVEL,FUNCTIONURL,FUNCTIONORDER,FUNCTIONIFRAME) values ('30','402881763a019ea9013a01af2d330015','27','角色管理',1,'roleController.do?role','6',null);
Insert into   T_S_FUNCTION (ID,ICONID,PARENTFUNCTIONID,FUNCTIONNAME,FUNCTIONLEVEL,FUNCTIONURL,FUNCTIONORDER,FUNCTIONIFRAME) values ('31','402881763a019ea9013a01af2d330015','27','菜单管理',1,'functionController.do?function','7',null);
Insert into   T_S_FUNCTION (ID,ICONID,PARENTFUNCTIONID,FUNCTIONNAME,FUNCTIONLEVEL,FUNCTIONURL,FUNCTIONORDER,FUNCTIONIFRAME) values ('40284b813d1becf1013d1bf26afd0001','402881763a019ea9013a01af2d330015','402881e53c98df12013c98fc3b300002','Demo示例',1,'jeecgDemoController.do?jeecgDemo','37',null);
Insert into   T_S_FUNCTION (ID,ICONID,PARENTFUNCTIONID,FUNCTIONNAME,FUNCTIONLEVEL,FUNCTIONURL,FUNCTIONORDER,FUNCTIONIFRAME) values ('40284b813d1fa3a8013d1fab697b0001','402881763a019ea9013a01af2d330015','402881e53c98df12013c98fc3b300002','DEMO维护',1,'demoController.do?demoList','38',null);
Insert into   T_S_FUNCTION (ID,ICONID,PARENTFUNCTIONID,FUNCTIONNAME,FUNCTIONLEVEL,FUNCTIONURL,FUNCTIONORDER,FUNCTIONIFRAME) values ('40284b813d1fb07f013d1fb2df360001','402881763a019ea9013a01af2d330015','402881e53c98df12013c98fc3b300002','DEMO分类',1,'demoController.do?demoIframe','39',null);
Insert into   T_S_FUNCTION (ID,ICONID,PARENTFUNCTIONID,FUNCTIONNAME,FUNCTIONLEVEL,FUNCTIONURL,FUNCTIONORDER,FUNCTIONIFRAME) values ('402881e53c8589f7013c85afc393000b','55',null,'统计查询',0,null,'3',null);
Insert into   T_S_FUNCTION (ID,ICONID,PARENTFUNCTIONID,FUNCTIONNAME,FUNCTIONLEVEL,FUNCTIONURL,FUNCTIONORDER,FUNCTIONIFRAME) values ('402881e53c8adce5013c8b000beb0003','402881763a019ea9013a01af5caf0016','402881e53c8589f7013c85afc393000b','用户分析',1,'logController.do?statisticTabs&isIframe','17',1);
Insert into   T_S_FUNCTION (ID,ICONID,PARENTFUNCTIONID,FUNCTIONNAME,FUNCTIONLEVEL,FUNCTIONURL,FUNCTIONORDER,FUNCTIONIFRAME) values ('402881e53c98df12013c98fc3b300002','402881763a019ea9013a01af2d330015',null,'常用插件',0,null,'8',null);
Insert into   T_S_FUNCTION (ID,ICONID,PARENTFUNCTIONID,FUNCTIONNAME,FUNCTIONLEVEL,FUNCTIONURL,FUNCTIONORDER,FUNCTIONIFRAME) values ('402881e53c996700013c9967f0320001','402881763a019ea9013a01af2d330015','402881e53c9a4b8e013c9a4c90960001','数据监控',1,'dataSourceController.do?goDruid&isIframe','11',null);
Insert into   T_S_FUNCTION (ID,ICONID,PARENTFUNCTIONID,FUNCTIONNAME,FUNCTIONLEVEL,FUNCTIONURL,FUNCTIONORDER,FUNCTIONIFRAME) values ('402881e53c9a4b8e013c9a4c90960001','402881763a019ea9013a01af2d330015',null,'系统监控',0,null,'11',null);
Insert into   T_S_FUNCTION (ID,ICONID,PARENTFUNCTIONID,FUNCTIONNAME,FUNCTIONLEVEL,FUNCTIONURL,FUNCTIONORDER,FUNCTIONIFRAME) values ('402881e93cb3f340013cb3f93e9a0070','402881763a019ea9013a01af2d330015','402881e53c98df12013c98fc3b300002','表单验证',1,'demoController.do?formTabs','12',null);
Insert into   T_S_FUNCTION (ID,ICONID,PARENTFUNCTIONID,FUNCTIONNAME,FUNCTIONLEVEL,FUNCTIONURL,FUNCTIONORDER,FUNCTIONIFRAME) values ('4028abee3e6b42b2013e6b4a4af40001','402881763a019ea9013a01af2d330015','402881e53c98df12013c98fc3b300002','字典标签',1,'demoController.do?dictSelect','99',null);
Insert into   T_S_FUNCTION (ID,ICONID,PARENTFUNCTIONID,FUNCTIONNAME,FUNCTIONLEVEL,FUNCTIONURL,FUNCTIONORDER,FUNCTIONIFRAME) values ('49','402881763a019ea9013a01af2d330015','27','图标管理',1,'iconController.do?icon','18',null);
Insert into   T_S_FUNCTION (ID,ICONID,PARENTFUNCTIONID,FUNCTIONNAME,FUNCTIONLEVEL,FUNCTIONURL,FUNCTIONORDER,FUNCTIONIFRAME) values ('71','402881763a019ea9013a01af2d330015','402881e53c9a4b8e013c9a4c90960001','系统日志',1,'logController.do?log','21',null);
Insert into   T_S_FUNCTION (ID,ICONID,PARENTFUNCTIONID,FUNCTIONNAME,FUNCTIONLEVEL,FUNCTIONURL,FUNCTIONORDER,FUNCTIONIFRAME) values ('80','402881763a019ea9013a01af2d330015','27','部门管理',1,'departController.do?depart','22',null);
Insert into   T_S_FUNCTION (ID,ICONID,PARENTFUNCTIONID,FUNCTIONNAME,FUNCTIONLEVEL,FUNCTIONURL,FUNCTIONORDER,FUNCTIONIFRAME) values ('8a8a8a813e63303d013e6331c9ae0001','402881763a019ea9013a01aeefad0014','27','字典分组',1,'systemController.do?typeGroupList','6',null);
Insert into   T_S_FUNCTION (ID,ICONID,PARENTFUNCTIONID,FUNCTIONNAME,FUNCTIONLEVEL,FUNCTIONURL,FUNCTIONORDER,FUNCTIONIFRAME) values ('8a8a8a813e63303d013e63322c8e0003','402881763a019ea9013a01aeefad0014','27','数据字典',1,'systemController.do?typeGroupTabs','7',null);
Insert into   T_S_FUNCTION (ID,ICONID,PARENTFUNCTIONID,FUNCTIONNAME,FUNCTIONLEVEL,FUNCTIONURL,FUNCTIONORDER,FUNCTIONIFRAME) values ('8a8a8a813ea8afbf013ea8b6e4360002','402881763a019ea9013a01af2d330015','402881e53c98df12013c98fc3b300002','上传下载',1,'commonController.do?listTurn&turn=system/document/filesList','100',null);
Insert into   T_S_FUNCTION (ID,ICONID,PARENTFUNCTIONID,FUNCTIONNAME,FUNCTIONLEVEL,FUNCTIONURL,FUNCTIONORDER,FUNCTIONIFRAME) values ('8a8a8a813ec14e83013ec157ea940001','402881763a019ea9013a01af2d330015','402881e53c98df12013c98fc3b300002','jdbc示例',1,'jeecgJdbcController.do?jeecgJdbc','100',null);
REM INSERTING into   T_S_ICON
SET DEFINE OFF;
Insert into   T_S_ICON (ID,NAME,TYPE,ICONCLAS,EXTEND) values ('402881763a019ea9013a01af94b70017','地图',1,'map','png');
Insert into   T_S_ICON (ID,NAME,TYPE,ICONCLAS,EXTEND) values ('402881763a019ea9013a01b009b80019','组',1,'group_add','png');
Insert into   T_S_ICON (ID,NAME,TYPE,ICONCLAS,EXTEND) values ('402881763a019ea9013a01b043a4001a','计算器',1,'calculator','png');
Insert into   T_S_ICON (ID,NAME,TYPE,ICONCLAS,EXTEND) values ('55','folder.png',1,'folder','png');
Insert into   T_S_ICON (ID,NAME,TYPE,ICONCLAS,EXTEND) values ('402881763a019ea9013a01adcf29000f','返回',1,'back','png');
Insert into   T_S_ICON (ID,NAME,TYPE,ICONCLAS,EXTEND) values ('402881763a019ea9013a01aeefad0014','饼图',1,'pie','png');
Insert into   T_S_ICON (ID,NAME,TYPE,ICONCLAS,EXTEND) values ('402881763a019ea9013a01af2d330015','图片',1,'pictures','png');
Insert into   T_S_ICON (ID,NAME,TYPE,ICONCLAS,EXTEND) values ('402881763a019ea9013a01af5caf0016','笔',1,'pencil','png');
REM INSERTING into   T_S_LOG
SET DEFINE OFF;
Insert into   T_S_LOG (ID,USERID,LOGLEVEL,OPERATETIME,OPERATETYPE,BROSWER) values ('297e5a493d95e654013d961102de0004','40',3,to_date('23-3月 -13','DD-MON-RR'),1,'Chrome');
Insert into   T_S_LOG (ID,USERID,LOGLEVEL,OPERATETIME,OPERATETYPE,BROSWER) values ('297e5a493d95e654013d9611319e0006','40',3,to_date('23-3月 -13','DD-MON-RR'),1,'Chrome');
Insert into   T_S_LOG (ID,USERID,LOGLEVEL,OPERATETIME,OPERATETYPE,BROSWER) values ('297e5a493d95e654013d9617d3dc0008','40',3,to_date('23-3月 -13','DD-MON-RR'),1,'Chrome');
Insert into   T_S_LOG (ID,USERID,LOGLEVEL,OPERATETIME,OPERATETYPE,BROSWER) values ('297e5a493d95e654013d96183b8f000a','40',3,to_date('23-3月 -13','DD-MON-RR'),1,'Chrome');
Insert into   T_S_LOG (ID,USERID,LOGLEVEL,OPERATETIME,OPERATETYPE,BROSWER) values ('297eba0d3e78b01b013e78bccd000000','40',1,to_date('06-5月 -13','DD-MON-RR'),1,'Chrome');
Insert into   T_S_LOG (ID,USERID,LOGLEVEL,OPERATETIME,OPERATETYPE,BROSWER) values ('402881e73d884efb013d885331e30008','40',3,to_date('20-3月 -13','DD-MON-RR'),1,'MSIE 9.0');
Insert into   T_S_LOG (ID,USERID,LOGLEVEL,OPERATETIME,OPERATETYPE,BROSWER) values ('402881e73d8861f3013d886223f90000','40',1,to_date('20-3月 -13','DD-MON-RR'),1,'MSIE 9.0');
Insert into   T_S_LOG (ID,USERID,LOGLEVEL,OPERATETIME,OPERATETYPE,BROSWER) values ('402881e73d8cd9d7013d8cda30aa0000','40',1,to_date('21-3月 -13','DD-MON-RR'),1,'MSIE 9.0');
Insert into   T_S_LOG (ID,USERID,LOGLEVEL,OPERATETIME,OPERATETYPE,BROSWER) values ('402881e73d8ceac8013d8ceb06e50000','40',1,to_date('21-3月 -13','DD-MON-RR'),1,'MSIE 9.0');
Insert into   T_S_LOG (ID,USERID,LOGLEVEL,OPERATETIME,OPERATETYPE,BROSWER) values ('402881e73d8cfa71013d8cfad2230000','40',1,to_date('21-3月 -13','DD-MON-RR'),1,'MSIE 9.0');
Insert into   T_S_LOG (ID,USERID,LOGLEVEL,OPERATETIME,OPERATETYPE,BROSWER) values ('402881e73d8d0354013d8d03906d0000','40',1,to_date('21-3月 -13','DD-MON-RR'),1,'MSIE 9.0');
Insert into   T_S_LOG (ID,USERID,LOGLEVEL,OPERATETIME,OPERATETYPE,BROSWER) values ('402881e73d8d0a56013d8d0a994a0000','40',1,to_date('21-3月 -13','DD-MON-RR'),1,'MSIE 9.0');
Insert into   T_S_LOG (ID,USERID,LOGLEVEL,OPERATETIME,OPERATETYPE,BROSWER) values ('402881e73d8d139d013d8d14d3410000','40',1,to_date('21-3月 -13','DD-MON-RR'),1,'MSIE 9.0');
Insert into   T_S_LOG (ID,USERID,LOGLEVEL,OPERATETIME,OPERATETYPE,BROSWER) values ('402881e73d8d139d013d8d16b0070003','40',3,to_date('21-3月 -13','DD-MON-RR'),1,'MSIE 9.0');
Insert into   T_S_LOG (ID,USERID,LOGLEVEL,OPERATETIME,OPERATETYPE,BROSWER) values ('402881e73d8d1db6013d8d1ddf1b0000','40',1,to_date('21-3月 -13','DD-MON-RR'),1,'MSIE 9.0');
Insert into   T_S_LOG (ID,USERID,LOGLEVEL,OPERATETIME,OPERATETYPE,BROSWER) values ('402881e73d8d1db6013d8d1e16ed0002','40',3,to_date('21-3月 -13','DD-MON-RR'),1,'MSIE 9.0');
Insert into   T_S_LOG (ID,USERID,LOGLEVEL,OPERATETIME,OPERATETYPE,BROSWER) values ('402881e73d8d1db6013d8d1ea1930005','40',3,to_date('21-3月 -13','DD-MON-RR'),1,'MSIE 9.0');
Insert into   T_S_LOG (ID,USERID,LOGLEVEL,OPERATETIME,OPERATETYPE,BROSWER) values ('402881e73d8d1fb4013d8d1fdf280000','40',1,to_date('21-3月 -13','DD-MON-RR'),1,'MSIE 9.0');
Insert into   T_S_LOG (ID,USERID,LOGLEVEL,OPERATETIME,OPERATETYPE,BROSWER) values ('402881e73d8d2242013d8d2274fc0000','40',1,to_date('21-3月 -13','DD-MON-RR'),1,'MSIE 9.0');
Insert into   T_S_LOG (ID,USERID,LOGLEVEL,OPERATETIME,OPERATETYPE,BROSWER) values ('402881e73d8d2242013d8d2378000002','40',3,to_date('21-3月 -13','DD-MON-RR'),1,'MSIE 9.0');
Insert into   T_S_LOG (ID,USERID,LOGLEVEL,OPERATETIME,OPERATETYPE,BROSWER) values ('402881e73d8d2242013d8d2442ba002f','40',5,to_date('21-3月 -13','DD-MON-RR'),1,'MSIE 9.0');
Insert into   T_S_LOG (ID,USERID,LOGLEVEL,OPERATETIME,OPERATETYPE,BROSWER) values ('402881e73d8d2242013d8d2472c90030','40',5,to_date('21-3月 -13','DD-MON-RR'),1,'MSIE 9.0');
Insert into   T_S_LOG (ID,USERID,LOGLEVEL,OPERATETIME,OPERATETYPE,BROSWER) values ('402881e73d8d2242013d8d258fad003b','40',5,to_date('21-3月 -13','DD-MON-RR'),1,'MSIE 9.0');
Insert into   T_S_LOG (ID,USERID,LOGLEVEL,OPERATETIME,OPERATETYPE,BROSWER) values ('402881e73d8d2242013d8d29dd7d003d','40',3,to_date('21-3月 -13','DD-MON-RR'),1,'MSIE 9.0');
Insert into   T_S_LOG (ID,USERID,LOGLEVEL,OPERATETIME,OPERATETYPE,BROSWER) values ('402881e73d8d2242013d8d29fc82003e','40',5,to_date('21-3月 -13','DD-MON-RR'),1,'MSIE 9.0');
Insert into   T_S_LOG (ID,USERID,LOGLEVEL,OPERATETIME,OPERATETYPE,BROSWER) values ('402881e73d8d2242013d8d2afa77003f','40',5,to_date('21-3月 -13','DD-MON-RR'),1,'MSIE 9.0');
Insert into   T_S_LOG (ID,USERID,LOGLEVEL,OPERATETIME,OPERATETYPE,BROSWER) values ('402881e73d8d2242013d8d2bf30b0040','40',4,to_date('21-3月 -13','DD-MON-RR'),1,'MSIE 9.0');
Insert into   T_S_LOG (ID,USERID,LOGLEVEL,OPERATETIME,OPERATETYPE,BROSWER) values ('402881e73d8d2242013d8d30ff5b0043','40',3,to_date('21-3月 -13','DD-MON-RR'),1,'MSIE 9.0');
Insert into   T_S_LOG (ID,USERID,LOGLEVEL,OPERATETIME,OPERATETYPE,BROSWER) values ('402881e93cb269b4013cb26b1d890000','40',1,to_date('07-2月 -13','DD-MON-RR'),1,'MSIE 9.0');
Insert into   T_S_LOG (ID,USERID,LOGLEVEL,OPERATETIME,OPERATETYPE,BROSWER) values ('402881e93cb29ada013cb29f41700001',null,3,to_date('07-2月 -13','DD-MON-RR'),1,'MSIE 9.0');
Insert into   T_S_LOG (ID,USERID,LOGLEVEL,OPERATETIME,OPERATETYPE,BROSWER) values ('402881e93cb29ada013cb29f73600002',null,4,to_date('07-2月 -13','DD-MON-RR'),1,'MSIE 9.0');
Insert into   T_S_LOG (ID,USERID,LOGLEVEL,OPERATETIME,OPERATETYPE,BROSWER) values ('402881e93cb29ada013cb29fad880003','40',1,to_date('07-2月 -13','DD-MON-RR'),1,'MSIE 9.0');
Insert into   T_S_LOG (ID,USERID,LOGLEVEL,OPERATETIME,OPERATETYPE,BROSWER) values ('402881e93cb29ada013cb2d19aca002a','40',1,to_date('07-2月 -13','DD-MON-RR'),1,'MSIE 9.0');
Insert into   T_S_LOG (ID,USERID,LOGLEVEL,OPERATETIME,OPERATETYPE,BROSWER) values ('402881e93cb29ada013cb30584ac002c','40',4,to_date('07-2月 -13','DD-MON-RR'),1,'MSIE 9.0');
Insert into   T_S_LOG (ID,USERID,LOGLEVEL,OPERATETIME,OPERATETYPE,BROSWER) values ('402881e93cb319d9013cb31a6dfd0000','40',1,to_date('07-2月 -13','DD-MON-RR'),1,'MSIE 9.0');
Insert into   T_S_LOG (ID,USERID,LOGLEVEL,OPERATETIME,OPERATETYPE,BROSWER) values ('402881e93cb347bc013cb348fb8a0000','40',1,to_date('07-2月 -13','DD-MON-RR'),1,'MSIE 9.0');
Insert into   T_S_LOG (ID,USERID,LOGLEVEL,OPERATETIME,OPERATETYPE,BROSWER) values ('402881e93cb347bc013cb34bcc7d0002','40',4,to_date('07-2月 -13','DD-MON-RR'),1,'MSIE 9.0');
Insert into   T_S_LOG (ID,USERID,LOGLEVEL,OPERATETIME,OPERATETYPE,BROSWER) values ('402881e93cb347bc013cb34c91290003','40',1,to_date('07-2月 -13','DD-MON-RR'),1,'MSIE 9.0');
Insert into   T_S_LOG (ID,USERID,LOGLEVEL,OPERATETIME,OPERATETYPE,BROSWER) values ('8a88cdae3eea1521013eea1606fa0000','40',1,to_date('28-5月 -13','DD-MON-RR'),1,'Firefox');
Insert into   T_S_LOG (ID,USERID,LOGLEVEL,OPERATETIME,OPERATETYPE,BROSWER) values ('8a88cdae3eea1521013eea1684770001','40',5,to_date('28-5月 -13','DD-MON-RR'),1,'Firefox');
Insert into   T_S_LOG (ID,USERID,LOGLEVEL,OPERATETIME,OPERATETYPE,BROSWER) values ('8a88cdae3eea1827013eea18e1a00000','40',1,to_date('28-5月 -13','DD-MON-RR'),1,'Firefox');
Insert into   T_S_LOG (ID,USERID,LOGLEVEL,OPERATETIME,OPERATETYPE,BROSWER) values ('8a88cdae3eea1827013eea1965e40001','40',5,to_date('28-5月 -13','DD-MON-RR'),1,'Firefox');
Insert into   T_S_LOG (ID,USERID,LOGLEVEL,OPERATETIME,OPERATETYPE,BROSWER) values ('8a88cdae3eea1827013eea19765f0002',null,2,to_date('28-5月 -13','DD-MON-RR'),1,'Firefox');
Insert into   T_S_LOG (ID,USERID,LOGLEVEL,OPERATETIME,OPERATETYPE,BROSWER) values ('8a88cdae3eea1827013eea19a7a00003','40',1,to_date('28-5月 -13','DD-MON-RR'),1,'Firefox');
Insert into   T_S_LOG (ID,USERID,LOGLEVEL,OPERATETIME,OPERATETYPE,BROSWER) values ('8a88cdae3eea1827013eea1aaa6a0008','40',3,to_date('28-5月 -13','DD-MON-RR'),1,'Firefox');
Insert into   T_S_LOG (ID,USERID,LOGLEVEL,OPERATETIME,OPERATETYPE,BROSWER) values ('8a88cdae3eea1fa5013eea2019b60000','40',1,to_date('28-5月 -13','DD-MON-RR'),1,'Firefox');
Insert into   T_S_LOG (ID,USERID,LOGLEVEL,OPERATETIME,OPERATETYPE,BROSWER) values ('8a88cdae3eea24e1013eea252c4b0000','40',1,to_date('28-5月 -13','DD-MON-RR'),1,'Firefox');
Insert into   T_S_LOG (ID,USERID,LOGLEVEL,OPERATETIME,OPERATETYPE,BROSWER) values ('8a88cdae3eea27d0013eea2bc2f10000','40',1,to_date('28-5月 -13','DD-MON-RR'),1,'Firefox');
Insert into   T_S_LOG (ID,USERID,LOGLEVEL,OPERATETIME,OPERATETYPE,BROSWER) values ('8a88cdae3eea340e013eea3458a20000','40',1,to_date('28-5月 -13','DD-MON-RR'),1,'Firefox');
Insert into   T_S_LOG (ID,USERID,LOGLEVEL,OPERATETIME,OPERATETYPE,BROSWER) values ('8a88cdae3eea340e013eea387f220001','40',5,to_date('28-5月 -13','DD-MON-RR'),1,'Firefox');
Insert into   T_S_LOG (ID,USERID,LOGLEVEL,OPERATETIME,OPERATETYPE,BROSWER) values ('8a8908e33ec669da013ec66c179c0000','40',1,to_date('21-5月 -13','DD-MON-RR'),1,'Chrome');
Insert into   T_S_LOG (ID,USERID,LOGLEVEL,OPERATETIME,OPERATETYPE,BROSWER) values ('8a8908e33ec669da013ec66ef81f0001','40',5,to_date('21-5月 -13','DD-MON-RR'),1,'Chrome');
Insert into   T_S_LOG (ID,USERID,LOGLEVEL,OPERATETIME,OPERATETYPE,BROSWER) values ('8a8908e33ec669da013ec66f14320002','40',5,to_date('21-5月 -13','DD-MON-RR'),1,'Chrome');
Insert into   T_S_LOG (ID,USERID,LOGLEVEL,OPERATETIME,OPERATETYPE,BROSWER) values ('8a890ffd3eee992c013eee9bd8e40000','40',1,to_date('29-5月 -13','DD-MON-RR'),1,'Chrome');
Insert into   T_S_LOG (ID,USERID,LOGLEVEL,OPERATETIME,OPERATETYPE,BROSWER) values ('8a890ffd3eee992c013eee9cec960019','40',4,to_date('29-5月 -13','DD-MON-RR'),1,'Chrome');
Insert into   T_S_LOG (ID,USERID,LOGLEVEL,OPERATETIME,OPERATETYPE,BROSWER) values ('8a890ffd3eee992c013eee9d4a18001b','40',3,to_date('29-5月 -13','DD-MON-RR'),1,'Chrome');
Insert into   T_S_LOG (ID,USERID,LOGLEVEL,OPERATETIME,OPERATETYPE,BROSWER) values ('8a890ffd3eee992c013eee9d5fb3001c','40',4,to_date('29-5月 -13','DD-MON-RR'),1,'Chrome');
Insert into   T_S_LOG (ID,USERID,LOGLEVEL,OPERATETIME,OPERATETYPE,BROSWER) values ('8a890ffd3eee992c013eee9d7260001d',null,2,to_date('29-5月 -13','DD-MON-RR'),1,'Chrome');
Insert into   T_S_LOG (ID,USERID,LOGLEVEL,OPERATETIME,OPERATETYPE,BROSWER) values ('8a890ffd3eee992c013eee9d8fcc001e','40',1,to_date('29-5月 -13','DD-MON-RR'),1,'Chrome');
Insert into   T_S_LOG (ID,USERID,LOGLEVEL,OPERATETIME,OPERATETYPE,BROSWER) values ('8a890ffd3eee992c013eee9db93d001f','40',4,to_date('29-5月 -13','DD-MON-RR'),1,'Chrome');
Insert into   T_S_LOG (ID,USERID,LOGLEVEL,OPERATETIME,OPERATETYPE,BROSWER) values ('8a890ffd3eee992c013eee9dc3300020','40',4,to_date('29-5月 -13','DD-MON-RR'),1,'Chrome');
Insert into   T_S_LOG (ID,USERID,LOGLEVEL,OPERATETIME,OPERATETYPE,BROSWER) values ('8a890ffd3eee992c013eee9dcdfd0021','40',4,to_date('29-5月 -13','DD-MON-RR'),1,'Chrome');
Insert into   T_S_LOG (ID,USERID,LOGLEVEL,OPERATETIME,OPERATETYPE,BROSWER) values ('8a890ffd3eee992c013eee9dd4470022','40',4,to_date('29-5月 -13','DD-MON-RR'),1,'Chrome');
Insert into   T_S_LOG (ID,USERID,LOGLEVEL,OPERATETIME,OPERATETYPE,BROSWER) values ('8a890ffd3eee992c013eee9dddbd0023','40',4,to_date('29-5月 -13','DD-MON-RR'),1,'Chrome');
Insert into   T_S_LOG (ID,USERID,LOGLEVEL,OPERATETIME,OPERATETYPE,BROSWER) values ('8a890ffd3eee992c013eee9de4540024','40',4,to_date('29-5月 -13','DD-MON-RR'),1,'Chrome');
Insert into   T_S_LOG (ID,USERID,LOGLEVEL,OPERATETIME,OPERATETYPE,BROSWER) values ('8a890ffd3eee992c013eee9deb2a0025','40',4,to_date('29-5月 -13','DD-MON-RR'),1,'Chrome');
Insert into   T_S_LOG (ID,USERID,LOGLEVEL,OPERATETIME,OPERATETYPE,BROSWER) values ('8a890ffd3eee992c013eee9df1640026','40',4,to_date('29-5月 -13','DD-MON-RR'),1,'Chrome');
Insert into   T_S_LOG (ID,USERID,LOGLEVEL,OPERATETIME,OPERATETYPE,BROSWER) values ('8a890ffd3eee992c013eee9df8b70027','40',4,to_date('29-5月 -13','DD-MON-RR'),1,'Chrome');
Insert into   T_S_LOG (ID,USERID,LOGLEVEL,OPERATETIME,OPERATETYPE,BROSWER) values ('8a890ffd3eee992c013eee9e01fe0028','40',4,to_date('29-5月 -13','DD-MON-RR'),1,'Chrome');
Insert into   T_S_LOG (ID,USERID,LOGLEVEL,OPERATETIME,OPERATETYPE,BROSWER) values ('8a890ffd3eee992c013eee9e08570029','40',4,to_date('29-5月 -13','DD-MON-RR'),1,'Chrome');
Insert into   T_S_LOG (ID,USERID,LOGLEVEL,OPERATETIME,OPERATETYPE,BROSWER) values ('8a890ffd3eee992c013eee9e0d97002a','40',4,to_date('29-5月 -13','DD-MON-RR'),1,'Chrome');
Insert into   T_S_LOG (ID,USERID,LOGLEVEL,OPERATETIME,OPERATETYPE,BROSWER) values ('8a890ffd3eee992c013eee9e1315002b','40',4,to_date('29-5月 -13','DD-MON-RR'),1,'Chrome');
Insert into   T_S_LOG (ID,USERID,LOGLEVEL,OPERATETIME,OPERATETYPE,BROSWER) values ('8a890ffd3eee992c013eee9e1893002c','40',4,to_date('29-5月 -13','DD-MON-RR'),1,'Chrome');
Insert into   T_S_LOG (ID,USERID,LOGLEVEL,OPERATETIME,OPERATETYPE,BROSWER) values ('8a890ffd3eee992c013eee9e1e02002d','40',4,to_date('29-5月 -13','DD-MON-RR'),1,'Chrome');
Insert into   T_S_LOG (ID,USERID,LOGLEVEL,OPERATETIME,OPERATETYPE,BROSWER) values ('8a890ffd3eee992c013eee9e23af002e','40',4,to_date('29-5月 -13','DD-MON-RR'),1,'Chrome');
Insert into   T_S_LOG (ID,USERID,LOGLEVEL,OPERATETIME,OPERATETYPE,BROSWER) values ('8a890ffd3eee992c013eee9e2ac3002f','40',4,to_date('29-5月 -13','DD-MON-RR'),1,'Chrome');
Insert into   T_S_LOG (ID,USERID,LOGLEVEL,OPERATETIME,OPERATETYPE,BROSWER) values ('8a890ffd3eee992c013eee9e30030030','40',4,to_date('29-5月 -13','DD-MON-RR'),1,'Chrome');
Insert into   T_S_LOG (ID,USERID,LOGLEVEL,OPERATETIME,OPERATETYPE,BROSWER) values ('8a890ffd3eee992c013eee9e35240031','40',4,to_date('29-5月 -13','DD-MON-RR'),1,'Chrome');
Insert into   T_S_LOG (ID,USERID,LOGLEVEL,OPERATETIME,OPERATETYPE,BROSWER) values ('8a890ffd3eee992c013eee9e3b0f0032','40',4,to_date('29-5月 -13','DD-MON-RR'),1,'Chrome');
Insert into   T_S_LOG (ID,USERID,LOGLEVEL,OPERATETIME,OPERATETYPE,BROSWER) values ('8a890ffd3eee992c013eee9e409d0033','40',4,to_date('29-5月 -13','DD-MON-RR'),1,'Chrome');
Insert into   T_S_LOG (ID,USERID,LOGLEVEL,OPERATETIME,OPERATETYPE,BROSWER) values ('8a8a8a813e1d4a45013e1d50dc110000','40',1,to_date('18-4月 -13','DD-MON-RR'),1,'Chrome');
Insert into   T_S_LOG (ID,USERID,LOGLEVEL,OPERATETIME,OPERATETYPE,BROSWER) values ('8a8a8a813e1d51b2013e1d522cad0000','40',1,to_date('18-4月 -13','DD-MON-RR'),1,'Chrome');
Insert into   T_S_LOG (ID,USERID,LOGLEVEL,OPERATETIME,OPERATETYPE,BROSWER) values ('8a8a8a813e1d580b013e1d58b3640000','40',1,to_date('18-4月 -13','DD-MON-RR'),1,'Chrome');
Insert into   T_S_LOG (ID,USERID,LOGLEVEL,OPERATETIME,OPERATETYPE,BROSWER) values ('8a8a8a813e3206f0013e320729780000','40',1,to_date('22-4月 -13','DD-MON-RR'),1,'Chrome');
Insert into   T_S_LOG (ID,USERID,LOGLEVEL,OPERATETIME,OPERATETYPE,BROSWER) values ('8a8a8a813e3206f0013e320a1f680003','40',3,to_date('22-4月 -13','DD-MON-RR'),1,'Chrome');
Insert into   T_S_LOG (ID,USERID,LOGLEVEL,OPERATETIME,OPERATETYPE,BROSWER) values ('8a8a8a813e3206f0013e320a30ec0005','40',5,to_date('22-4月 -13','DD-MON-RR'),1,'Chrome');
Insert into   T_S_LOG (ID,USERID,LOGLEVEL,OPERATETIME,OPERATETYPE,BROSWER) values ('8a8a8a813e37a045013e37a188ff0000','40',1,to_date('24-4月 -13','DD-MON-RR'),1,'Chrome');
Insert into   T_S_LOG (ID,USERID,LOGLEVEL,OPERATETIME,OPERATETYPE,BROSWER) values ('8a8a8a813e3969b2013e396ac1270000','40',1,to_date('24-4月 -13','DD-MON-RR'),1,'Chrome');
Insert into   T_S_LOG (ID,USERID,LOGLEVEL,OPERATETIME,OPERATETYPE,BROSWER) values ('8a8a8a813e3969b2013e396c7a6f0003','40',5,to_date('24-4月 -13','DD-MON-RR'),1,'Chrome');
Insert into   T_S_LOG (ID,USERID,LOGLEVEL,OPERATETIME,OPERATETYPE,BROSWER) values ('8a8a8a813e3969b2013e396c84720004','40',4,to_date('24-4月 -13','DD-MON-RR'),1,'Chrome');
Insert into   T_S_LOG (ID,USERID,LOGLEVEL,OPERATETIME,OPERATETYPE,BROSWER) values ('8a8a8a813e399e86013e399ed6480000','40',1,to_date('24-4月 -13','DD-MON-RR'),1,'Chrome');
Insert into   T_S_LOG (ID,USERID,LOGLEVEL,OPERATETIME,OPERATETYPE,BROSWER) values ('8a8a8a813e3af03a013e3af228300000','40',1,to_date('24-4月 -13','DD-MON-RR'),1,'Chrome');
Insert into   T_S_LOG (ID,USERID,LOGLEVEL,OPERATETIME,OPERATETYPE,BROSWER) values ('8a8a8a813e3af7a8013e3af80c9c0000','40',1,to_date('24-4月 -13','DD-MON-RR'),1,'Chrome');
Insert into   T_S_LOG (ID,USERID,LOGLEVEL,OPERATETIME,OPERATETYPE,BROSWER) values ('8a8a8a813e3afa94013e3afb03a50000','40',1,to_date('24-4月 -13','DD-MON-RR'),1,'Chrome');
Insert into   T_S_LOG (ID,USERID,LOGLEVEL,OPERATETIME,OPERATETYPE,BROSWER) values ('8a8a8a813e3b571a013e3b57c2a00000','40',1,to_date('24-4月 -13','DD-MON-RR'),1,'Chrome');
Insert into   T_S_LOG (ID,USERID,LOGLEVEL,OPERATETIME,OPERATETYPE,BROSWER) values ('8a8a8a813e44efcf013e44f246ff0000','40',1,to_date('26-4月 -13','DD-MON-RR'),1,'Chrome');
Insert into   T_S_LOG (ID,USERID,LOGLEVEL,OPERATETIME,OPERATETYPE,BROSWER) values ('8a8a8a813e44efcf013e44f291750001','40',4,to_date('26-4月 -13','DD-MON-RR'),1,'Chrome');
Insert into   T_S_LOG (ID,USERID,LOGLEVEL,OPERATETIME,OPERATETYPE,BROSWER) values ('8a8a8a813e450a9e013e450b0b340000','40',1,to_date('26-4月 -13','DD-MON-RR'),1,'Chrome');
Insert into   T_S_LOG (ID,USERID,LOGLEVEL,OPERATETIME,OPERATETYPE,BROSWER) values ('8a8a8a813e47144f013e47171aff0000','40',1,to_date('27-4月 -13','DD-MON-RR'),1,'Chrome');
Insert into   T_S_LOG (ID,USERID,LOGLEVEL,OPERATETIME,OPERATETYPE,BROSWER) values ('8a8a8a813e48f44c013e49009b110000','40',1,to_date('27-4月 -13','DD-MON-RR'),1,'Chrome');
Insert into   T_S_LOG (ID,USERID,LOGLEVEL,OPERATETIME,OPERATETYPE,BROSWER) values ('8a8a8a813e48f44c013e490769410001','40',1,to_date('27-4月 -13','DD-MON-RR'),1,'Chrome');
Insert into   T_S_LOG (ID,USERID,LOGLEVEL,OPERATETIME,OPERATETYPE,BROSWER) values ('8a8a8a813e48f44c013e490a36d80002','40',1,to_date('27-4月 -13','DD-MON-RR'),1,'Chrome');
Insert into   T_S_LOG (ID,USERID,LOGLEVEL,OPERATETIME,OPERATETYPE,BROSWER) values ('8a8a8a813e49434f013e4953a7df0000','40',1,to_date('27-4月 -13','DD-MON-RR'),1,'Chrome');
Insert into   T_S_LOG (ID,USERID,LOGLEVEL,OPERATETIME,OPERATETYPE,BROSWER) values ('8a8a8a813e49434f013e49544dc40004','40',3,to_date('27-4月 -13','DD-MON-RR'),1,'Chrome');
Insert into   T_S_LOG (ID,USERID,LOGLEVEL,OPERATETIME,OPERATETYPE,BROSWER) values ('8a8a8a813e49434f013e4954642a0006','40',5,to_date('27-4月 -13','DD-MON-RR'),1,'Chrome');
Insert into   T_S_LOG (ID,USERID,LOGLEVEL,OPERATETIME,OPERATETYPE,BROSWER) values ('8a8a8a813e49434f013e495ba6af0008','40',5,to_date('27-4月 -13','DD-MON-RR'),1,'Chrome');
Insert into   T_S_LOG (ID,USERID,LOGLEVEL,OPERATETIME,OPERATETYPE,BROSWER) values ('8a8a8a813e49434f013e495c6ced000a','40',3,to_date('27-4月 -13','DD-MON-RR'),1,'Chrome');
Insert into   T_S_LOG (ID,USERID,LOGLEVEL,OPERATETIME,OPERATETYPE,BROSWER) values ('8a8a8a813e49434f013e49601f66000c','40',3,to_date('27-4月 -13','DD-MON-RR'),1,'Chrome');
Insert into   T_S_LOG (ID,USERID,LOGLEVEL,OPERATETIME,OPERATETYPE,BROSWER) values ('8a8a8a813e62a855013e62aa0a370000','40',1,to_date('02-5月 -13','DD-MON-RR'),1,'Chrome');
Insert into   T_S_LOG (ID,USERID,LOGLEVEL,OPERATETIME,OPERATETYPE,BROSWER) values ('8a8a8a813e62a855013e62e320c70002','40',3,to_date('02-5月 -13','DD-MON-RR'),1,'Chrome');
Insert into   T_S_LOG (ID,USERID,LOGLEVEL,OPERATETIME,OPERATETYPE,BROSWER) values ('8a8a8a813e62a855013e62e355e10004','40',3,to_date('02-5月 -13','DD-MON-RR'),1,'Chrome');
Insert into   T_S_LOG (ID,USERID,LOGLEVEL,OPERATETIME,OPERATETYPE,BROSWER) values ('8a8a8a813e62a855013e62e380f80006','40',3,to_date('02-5月 -13','DD-MON-RR'),1,'Chrome');
Insert into   T_S_LOG (ID,USERID,LOGLEVEL,OPERATETIME,OPERATETYPE,BROSWER) values ('8a8a8a813e62a855013e62e3f80c0008','40',3,to_date('02-5月 -13','DD-MON-RR'),1,'Chrome');
Insert into   T_S_LOG (ID,USERID,LOGLEVEL,OPERATETIME,OPERATETYPE,BROSWER) values ('8a8a8a813e62a855013e62e4d85a0009',null,2,to_date('02-5月 -13','DD-MON-RR'),1,'Chrome');
Insert into   T_S_LOG (ID,USERID,LOGLEVEL,OPERATETIME,OPERATETYPE,BROSWER) values ('8a8a8a813e62a855013e62e4f865000a','40',1,to_date('02-5月 -13','DD-MON-RR'),1,'Chrome');
Insert into   T_S_LOG (ID,USERID,LOGLEVEL,OPERATETIME,OPERATETYPE,BROSWER) values ('8a8a8a813e62a855013e62e7f8e4000b',null,2,to_date('02-5月 -13','DD-MON-RR'),1,'Chrome');
Insert into   T_S_LOG (ID,USERID,LOGLEVEL,OPERATETIME,OPERATETYPE,BROSWER) values ('8a8a8a813e62a855013e62e8170a000c','40',1,to_date('02-5月 -13','DD-MON-RR'),1,'Chrome');
Insert into   T_S_LOG (ID,USERID,LOGLEVEL,OPERATETIME,OPERATETYPE,BROSWER) values ('8a8a8a813e63096e013e630af5fb0000','40',1,to_date('02-5月 -13','DD-MON-RR'),1,'Chrome');
Insert into   T_S_LOG (ID,USERID,LOGLEVEL,OPERATETIME,OPERATETYPE,BROSWER) values ('8a8a8a813e63096e013e630ba0a30001','40',4,to_date('02-5月 -13','DD-MON-RR'),1,'Chrome');
Insert into   T_S_LOG (ID,USERID,LOGLEVEL,OPERATETIME,OPERATETYPE,BROSWER) values ('8a890ffd3eee992c013eee9e4ba90034','40',4,to_date('29-5月 -13','DD-MON-RR'),1,'Chrome');
Insert into   T_S_LOG (ID,USERID,LOGLEVEL,OPERATETIME,OPERATETYPE,BROSWER) values ('8a890ffd3eee992c013eee9e51f30035','40',4,to_date('29-5月 -13','DD-MON-RR'),1,'Chrome');
Insert into   T_S_LOG (ID,USERID,LOGLEVEL,OPERATETIME,OPERATETYPE,BROSWER) values ('8a890ffd3eee992c013eee9e581d0036','40',4,to_date('29-5月 -13','DD-MON-RR'),1,'Chrome');
Insert into   T_S_LOG (ID,USERID,LOGLEVEL,OPERATETIME,OPERATETYPE,BROSWER) values ('8a890ffd3eee992c013eee9e650d0037','40',4,to_date('29-5月 -13','DD-MON-RR'),1,'Chrome');
Insert into   T_S_LOG (ID,USERID,LOGLEVEL,OPERATETIME,OPERATETYPE,BROSWER) values ('8a890ffd3eee992c013eee9e6aca0038','40',4,to_date('29-5月 -13','DD-MON-RR'),1,'Chrome');
Insert into   T_S_LOG (ID,USERID,LOGLEVEL,OPERATETIME,OPERATETYPE,BROSWER) values ('8a890ffd3eee992c013eee9e70480039','40',4,to_date('29-5月 -13','DD-MON-RR'),1,'Chrome');
Insert into   T_S_LOG (ID,USERID,LOGLEVEL,OPERATETIME,OPERATETYPE,BROSWER) values ('8a890ffd3eee992c013eee9e779b003a','40',4,to_date('29-5月 -13','DD-MON-RR'),1,'Chrome');
Insert into   T_S_LOG (ID,USERID,LOGLEVEL,OPERATETIME,OPERATETYPE,BROSWER) values ('8a890ffd3eee992c013eee9f7bbd003b',null,2,to_date('29-5月 -13','DD-MON-RR'),1,'Chrome');
Insert into   T_S_LOG (ID,USERID,LOGLEVEL,OPERATETIME,OPERATETYPE,BROSWER) values ('8a890ffd3eeeafca013eeeb131ad0000','40',1,to_date('29-5月 -13','DD-MON-RR'),1,'Chrome');
Insert into   T_S_LOG (ID,USERID,LOGLEVEL,OPERATETIME,OPERATETYPE,BROSWER) values ('8a890ffd3eeec84d013eeec923ae0000','40',1,to_date('29-5月 -13','DD-MON-RR'),1,'Chrome');
Insert into   T_S_LOG (ID,USERID,LOGLEVEL,OPERATETIME,OPERATETYPE,BROSWER) values ('8a89dad23ec6f350013ec6f3f5b60000','40',1,to_date('21-5月 -13','DD-MON-RR'),1,'Chrome');
Insert into   T_S_LOG (ID,USERID,LOGLEVEL,OPERATETIME,OPERATETYPE,BROSWER) values ('8a89dad23ec6f350013ec6f53ee00001','40',4,to_date('21-5月 -13','DD-MON-RR'),1,'Chrome');
Insert into   T_S_LOG (ID,USERID,LOGLEVEL,OPERATETIME,OPERATETYPE,BROSWER) values ('8a89dad23ec6f350013ec6f546df0002','40',4,to_date('21-5月 -13','DD-MON-RR'),1,'Chrome');
Insert into   T_S_LOG (ID,USERID,LOGLEVEL,OPERATETIME,OPERATETYPE,BROSWER) values ('8a89dad23ec6f350013ec6f551fb0003','40',4,to_date('21-5月 -13','DD-MON-RR'),1,'Chrome');
Insert into   T_S_LOG (ID,USERID,LOGLEVEL,OPERATETIME,OPERATETYPE,BROSWER) values ('8a89dad23ec6f350013ec6f55de20004','40',4,to_date('21-5月 -13','DD-MON-RR'),1,'Chrome');
Insert into   T_S_LOG (ID,USERID,LOGLEVEL,OPERATETIME,OPERATETYPE,BROSWER) values ('8a89dad23ec6f350013ec6f566da0005','40',4,to_date('21-5月 -13','DD-MON-RR'),1,'Chrome');
Insert into   T_S_LOG (ID,USERID,LOGLEVEL,OPERATETIME,OPERATETYPE,BROSWER) values ('8a89dad23ec6f350013ec6f5710c0006','40',4,to_date('21-5月 -13','DD-MON-RR'),1,'Chrome');
Insert into   T_S_LOG (ID,USERID,LOGLEVEL,OPERATETIME,OPERATETYPE,BROSWER) values ('8a8a8a813e041037013e0410b4370000','40',1,to_date('13-4月 -13','DD-MON-RR'),1,'Chrome');
Insert into   T_S_LOG (ID,USERID,LOGLEVEL,OPERATETIME,OPERATETYPE,BROSWER) values ('8a8a8a813e067ebe013e0680447a0000','40',1,to_date('14-4月 -13','DD-MON-RR'),1,'Chrome');
Insert into   T_S_LOG (ID,USERID,LOGLEVEL,OPERATETIME,OPERATETYPE,BROSWER) values ('8a8a8a813e067ebe013e069704d10004','40',3,to_date('14-4月 -13','DD-MON-RR'),1,'Chrome');
Insert into   T_S_LOG (ID,USERID,LOGLEVEL,OPERATETIME,OPERATETYPE,BROSWER) values ('8a8a8a813e067ebe013e069725880006','40',5,to_date('14-4月 -13','DD-MON-RR'),1,'Chrome');
Insert into   T_S_LOG (ID,USERID,LOGLEVEL,OPERATETIME,OPERATETYPE,BROSWER) values ('8a8a8a813e069aac013e069b92f50000','40',1,to_date('14-4月 -13','DD-MON-RR'),1,'Chrome');
Insert into   T_S_LOG (ID,USERID,LOGLEVEL,OPERATETIME,OPERATETYPE,BROSWER) values ('8a8a8a813e06ac77013e06aeab240000','40',1,to_date('14-4月 -13','DD-MON-RR'),1,'Chrome');
Insert into   T_S_LOG (ID,USERID,LOGLEVEL,OPERATETIME,OPERATETYPE,BROSWER) values ('8a8a8a813e06ac77013e06af12e60002','40',3,to_date('14-4月 -13','DD-MON-RR'),1,'Chrome');
Insert into   T_S_LOG (ID,USERID,LOGLEVEL,OPERATETIME,OPERATETYPE,BROSWER) values ('8a8a8a813e06ac77013e06af46c70018','40',4,to_date('14-4月 -13','DD-MON-RR'),1,'Chrome');
Insert into   T_S_LOG (ID,USERID,LOGLEVEL,OPERATETIME,OPERATETYPE,BROSWER) values ('8a8a8a813e06ac77013e06ddb6f60019','40',1,to_date('14-4月 -13','DD-MON-RR'),1,'Chrome');
Insert into   T_S_LOG (ID,USERID,LOGLEVEL,OPERATETIME,OPERATETYPE,BROSWER) values ('8a8a8a813e06ac77013e06ed08d6001a','40',1,to_date('14-4月 -13','DD-MON-RR'),1,'Chrome');
Insert into   T_S_LOG (ID,USERID,LOGLEVEL,OPERATETIME,OPERATETYPE,BROSWER) values ('8a8a8a813e070ec1013e070fa7ff0000','40',1,to_date('14-4月 -13','DD-MON-RR'),1,'Chrome');
Insert into   T_S_LOG (ID,USERID,LOGLEVEL,OPERATETIME,OPERATETYPE,BROSWER) values ('8a8a8a813e0e0a1d013e0e0adfc40000','40',1,to_date('15-4月 -13','DD-MON-RR'),1,'Chrome');
Insert into   T_S_LOG (ID,USERID,LOGLEVEL,OPERATETIME,OPERATETYPE,BROSWER) values ('8a8a8a813e0e0a1d013e0e0bf7100002','40',3,to_date('15-4月 -13','DD-MON-RR'),1,'Chrome');
Insert into   T_S_LOG (ID,USERID,LOGLEVEL,OPERATETIME,OPERATETYPE,BROSWER) values ('8a8a8a813e0e0a1d013e0e0c1b610003','40',5,to_date('15-4月 -13','DD-MON-RR'),1,'Chrome');
Insert into   T_S_LOG (ID,USERID,LOGLEVEL,OPERATETIME,OPERATETYPE,BROSWER) values ('8a8a8a813e0e0a1d013e0e0c57ce0004','40',4,to_date('15-4月 -13','DD-MON-RR'),1,'Chrome');
Insert into   T_S_LOG (ID,USERID,LOGLEVEL,OPERATETIME,OPERATETYPE,BROSWER) values ('8a8a8a813e0e0a1d013e0e0c5fae0005','40',4,to_date('15-4月 -13','DD-MON-RR'),1,'Chrome');
Insert into   T_S_LOG (ID,USERID,LOGLEVEL,OPERATETIME,OPERATETYPE,BROSWER) values ('8a8a8a813e0e0a1d013e0e0c69040006','40',4,to_date('15-4月 -13','DD-MON-RR'),1,'Chrome');
Insert into   T_S_LOG (ID,USERID,LOGLEVEL,OPERATETIME,OPERATETYPE,BROSWER) values ('8a8a8a813e0e0a1d013e0e0c76fe0007','40',4,to_date('15-4月 -13','DD-MON-RR'),1,'Chrome');
Insert into   T_S_LOG (ID,USERID,LOGLEVEL,OPERATETIME,OPERATETYPE,BROSWER) values ('8a8a8a813e1337e8013e1338d92b0000','40',1,to_date('16-4月 -13','DD-MON-RR'),1,'Chrome');
Insert into   T_S_LOG (ID,USERID,LOGLEVEL,OPERATETIME,OPERATETYPE,BROSWER) values ('8a8a8a813e1d2146013e1d21c65b0000','40',1,to_date('18-4月 -13','DD-MON-RR'),1,'Chrome');
Insert into   T_S_LOG (ID,USERID,LOGLEVEL,OPERATETIME,OPERATETYPE,BROSWER) values ('8a8a8a813e1d2de7013e1d2e665a0000','40',1,to_date('18-4月 -13','DD-MON-RR'),1,'Chrome');
Insert into   T_S_LOG (ID,USERID,LOGLEVEL,OPERATETIME,OPERATETYPE,BROSWER) values ('8a8a8a813e1d422e013e1d4453250000','40',1,to_date('18-4月 -13','DD-MON-RR'),1,'Chrome');
Insert into   T_S_LOG (ID,USERID,LOGLEVEL,OPERATETIME,OPERATETYPE,BROSWER) values ('297e48083e3b229b013e3b232c480000','40',1,to_date('24-4月 -13','DD-MON-RR'),1,'Chrome');
Insert into   T_S_LOG (ID,USERID,LOGLEVEL,OPERATETIME,OPERATETYPE,BROSWER) values ('297e48083e3b229b013e3b50ac0c0001','40',1,to_date('24-4月 -13','DD-MON-RR'),1,'Chrome');
Insert into   T_S_LOG (ID,USERID,LOGLEVEL,OPERATETIME,OPERATETYPE,BROSWER) values ('297e5a493d533ad1013d533b59030000','40',1,to_date('10-3月 -13','DD-MON-RR'),1,'Chrome');
Insert into   T_S_LOG (ID,USERID,LOGLEVEL,OPERATETIME,OPERATETYPE,BROSWER) values ('297e5a493d533ad1013d533c9925002c',null,2,to_date('10-3月 -13','DD-MON-RR'),1,'Chrome');
Insert into   T_S_LOG (ID,USERID,LOGLEVEL,OPERATETIME,OPERATETYPE,BROSWER) values ('297e5a493d533ad1013d533cbc4d002d','40',1,to_date('10-3月 -13','DD-MON-RR'),1,'Chrome');
Insert into   T_S_LOG (ID,USERID,LOGLEVEL,OPERATETIME,OPERATETYPE,BROSWER) values ('297e5a493d533ad1013d533d053c002e','40',4,to_date('10-3月 -13','DD-MON-RR'),1,'Chrome');
Insert into   T_S_LOG (ID,USERID,LOGLEVEL,OPERATETIME,OPERATETYPE,BROSWER) values ('297e5a493d533ad1013d533d0d4b002f','40',4,to_date('10-3月 -13','DD-MON-RR'),1,'Chrome');
Insert into   T_S_LOG (ID,USERID,LOGLEVEL,OPERATETIME,OPERATETYPE,BROSWER) values ('297e5a493d533ad1013d533d13460030','40',4,to_date('10-3月 -13','DD-MON-RR'),1,'Chrome');
Insert into   T_S_LOG (ID,USERID,LOGLEVEL,OPERATETIME,OPERATETYPE,BROSWER) values ('297e5a493d533ad1013d533d78590031','40',5,to_date('10-3月 -13','DD-MON-RR'),1,'Chrome');
Insert into   T_S_LOG (ID,USERID,LOGLEVEL,OPERATETIME,OPERATETYPE,BROSWER) values ('297e5a493d533ad1013d533d99010032','40',4,to_date('10-3月 -13','DD-MON-RR'),1,'Chrome');
Insert into   T_S_LOG (ID,USERID,LOGLEVEL,OPERATETIME,OPERATETYPE,BROSWER) values ('297e5a493d533ad1013d533d9edd0033','40',4,to_date('10-3月 -13','DD-MON-RR'),1,'Chrome');
Insert into   T_S_LOG (ID,USERID,LOGLEVEL,OPERATETIME,OPERATETYPE,BROSWER) values ('297e5a493d533ad1013d533da45b0034','40',4,to_date('10-3月 -13','DD-MON-RR'),1,'Chrome');
Insert into   T_S_LOG (ID,USERID,LOGLEVEL,OPERATETIME,OPERATETYPE,BROSWER) values ('297e5a493d533ad1013d533da9c90035','40',4,to_date('10-3月 -13','DD-MON-RR'),1,'Chrome');
Insert into   T_S_LOG (ID,USERID,LOGLEVEL,OPERATETIME,OPERATETYPE,BROSWER) values ('297e5a493d533ad1013d533decfd0037','40',3,to_date('10-3月 -13','DD-MON-RR'),1,'Chrome');
Insert into   T_S_LOG (ID,USERID,LOGLEVEL,OPERATETIME,OPERATETYPE,BROSWER) values ('297e5a493d533ad1013d533dfcac0038','40',5,to_date('10-3月 -13','DD-MON-RR'),1,'Chrome');
Insert into   T_S_LOG (ID,USERID,LOGLEVEL,OPERATETIME,OPERATETYPE,BROSWER) values ('297e5a493d533ad1013d533e9b7c003a','40',3,to_date('10-3月 -13','DD-MON-RR'),1,'Chrome');
Insert into   T_S_LOG (ID,USERID,LOGLEVEL,OPERATETIME,OPERATETYPE,BROSWER) values ('297e5a493d533ad1013d533f3ccd003b','40',5,to_date('10-3月 -13','DD-MON-RR'),1,'Chrome');
Insert into   T_S_LOG (ID,USERID,LOGLEVEL,OPERATETIME,OPERATETYPE,BROSWER) values ('297e5a493d533ad1013d533f6c2a003c','40',5,to_date('10-3月 -13','DD-MON-RR'),1,'Chrome');
Insert into   T_S_LOG (ID,USERID,LOGLEVEL,OPERATETIME,OPERATETYPE,BROSWER) values ('297e5a493d533ad1013d534444660067','40',5,to_date('10-3月 -13','DD-MON-RR'),1,'Chrome');
Insert into   T_S_LOG (ID,USERID,LOGLEVEL,OPERATETIME,OPERATETYPE,BROSWER) values ('297e5a493d5345a4013d5345faa20000','40',1,to_date('10-3月 -13','DD-MON-RR'),1,'Chrome');
Insert into   T_S_LOG (ID,USERID,LOGLEVEL,OPERATETIME,OPERATETYPE,BROSWER) values ('297e5a493d8d8c36013d8d8c90970000','40',1,to_date('21-3月 -13','DD-MON-RR'),1,'Chrome');
Insert into   T_S_LOG (ID,USERID,LOGLEVEL,OPERATETIME,OPERATETYPE,BROSWER) values ('297e5a493d8d8e26013d8d8eda680000','40',1,to_date('21-3月 -13','DD-MON-RR'),1,'Chrome');
Insert into   T_S_LOG (ID,USERID,LOGLEVEL,OPERATETIME,OPERATETYPE,BROSWER) values ('297e5a493d8d8e26013d8d90dec40002','40',3,to_date('21-3月 -13','DD-MON-RR'),1,'Chrome');
Insert into   T_S_LOG (ID,USERID,LOGLEVEL,OPERATETIME,OPERATETYPE,BROSWER) values ('297e5a493d8f7b2d013d8f7c19f40000','40',1,to_date('22-3月 -13','DD-MON-RR'),1,'Chrome');
Insert into   T_S_LOG (ID,USERID,LOGLEVEL,OPERATETIME,OPERATETYPE,BROSWER) values ('297e5a493d8fa0ad013d8fa0fe1b0000','40',1,to_date('22-3月 -13','DD-MON-RR'),1,'Chrome');
Insert into   T_S_LOG (ID,USERID,LOGLEVEL,OPERATETIME,OPERATETYPE,BROSWER) values ('297e5a493d8fa0ad013d8fa4590d0001','40',1,to_date('22-3月 -13','DD-MON-RR'),1,'Chrome');
Insert into   T_S_LOG (ID,USERID,LOGLEVEL,OPERATETIME,OPERATETYPE,BROSWER) values ('297e5a493d8fa0ad013d8fb670180002','40',1,to_date('22-3月 -13','DD-MON-RR'),1,'MSIE 8.0');
Insert into   T_S_LOG (ID,USERID,LOGLEVEL,OPERATETIME,OPERATETYPE,BROSWER) values ('297e5a493d8fa0ad013d8ff128330003','40',1,to_date('22-3月 -13','DD-MON-RR'),1,'Chrome');
Insert into   T_S_LOG (ID,USERID,LOGLEVEL,OPERATETIME,OPERATETYPE,BROSWER) values ('297e5a493d8fa0ad013d8ff3afa9000c','40',3,to_date('22-3月 -13','DD-MON-RR'),1,'Chrome');
Insert into   T_S_LOG (ID,USERID,LOGLEVEL,OPERATETIME,OPERATETYPE,BROSWER) values ('297e5a493d8fa0ad013d8ff9324e000d','40',1,to_date('22-3月 -13','DD-MON-RR'),1,'MSIE 8.0');
Insert into   T_S_LOG (ID,USERID,LOGLEVEL,OPERATETIME,OPERATETYPE,BROSWER) values ('297e5a493d912600013d9126d80c0000','40',1,to_date('22-3月 -13','DD-MON-RR'),1,'Chrome');
Insert into   T_S_LOG (ID,USERID,LOGLEVEL,OPERATETIME,OPERATETYPE,BROSWER) values ('297e5a493d925baf013d925cb9640000','40',1,to_date('22-3月 -13','DD-MON-RR'),1,'Chrome');
Insert into   T_S_LOG (ID,USERID,LOGLEVEL,OPERATETIME,OPERATETYPE,BROSWER) values ('297e5a493d92ac3d013d92acd11d0000','40',1,to_date('22-3月 -13','DD-MON-RR'),1,'Chrome');
Insert into   T_S_LOG (ID,USERID,LOGLEVEL,OPERATETIME,OPERATETYPE,BROSWER) values ('297e5a493d92b56c013d92b620d80000','40',1,to_date('22-3月 -13','DD-MON-RR'),1,'Chrome');
Insert into   T_S_LOG (ID,USERID,LOGLEVEL,OPERATETIME,OPERATETYPE,BROSWER) values ('297e5a493d92e253013d92e2ce670000','40',1,to_date('23-3月 -13','DD-MON-RR'),1,'Chrome');
Insert into   T_S_LOG (ID,USERID,LOGLEVEL,OPERATETIME,OPERATETYPE,BROSWER) values ('297e5a493d92e869013d92e8daed0000','40',1,to_date('23-3月 -13','DD-MON-RR'),1,'Chrome');
Insert into   T_S_LOG (ID,USERID,LOGLEVEL,OPERATETIME,OPERATETYPE,BROSWER) values ('297e5a493d92f00f013d92f08dc00000','40',1,to_date('23-3月 -13','DD-MON-RR'),1,'Chrome');
Insert into   T_S_LOG (ID,USERID,LOGLEVEL,OPERATETIME,OPERATETYPE,BROSWER) values ('297e5a493d95e654013d95eaa6eb0000','40',1,to_date('23-3月 -13','DD-MON-RR'),1,'Chrome');
Insert into   T_S_LOG (ID,USERID,LOGLEVEL,OPERATETIME,OPERATETYPE,BROSWER) values ('8a8a8a813edeee60013edeefe13b0007','40',3,to_date('26-5月 -13','DD-MON-RR'),1,'Chrome');
Insert into   T_S_LOG (ID,USERID,LOGLEVEL,OPERATETIME,OPERATETYPE,BROSWER) values ('8a8a8a813edefdc8013edefe1e400000','40',1,to_date('26-5月 -13','DD-MON-RR'),1,'Chrome');
Insert into   T_S_LOG (ID,USERID,LOGLEVEL,OPERATETIME,OPERATETYPE,BROSWER) values ('8a8a8a813edf004e013edf00b8150000','40',1,to_date('26-5月 -13','DD-MON-RR'),1,'Chrome');
Insert into   T_S_LOG (ID,USERID,LOGLEVEL,OPERATETIME,OPERATETYPE,BROSWER) values ('8a8a8a813edf898e013edf89f68b0000','40',1,to_date('26-5月 -13','DD-MON-RR'),1,'Chrome');
Insert into   T_S_LOG (ID,USERID,LOGLEVEL,OPERATETIME,OPERATETYPE,BROSWER) values ('8a8a8a813edf898e013edf8b2bee0006','40',3,to_date('26-5月 -13','DD-MON-RR'),1,'Chrome');
Insert into   T_S_LOG (ID,USERID,LOGLEVEL,OPERATETIME,OPERATETYPE,BROSWER) values ('8a8a8a813edf937e013edf93e16c0000','40',1,to_date('26-5月 -13','DD-MON-RR'),1,'Chrome');
Insert into   T_S_LOG (ID,USERID,LOGLEVEL,OPERATETIME,OPERATETYPE,BROSWER) values ('8a8a8a813edf97d0013edf985c650000','40',1,to_date('26-5月 -13','DD-MON-RR'),1,'Chrome');
Insert into   T_S_LOG (ID,USERID,LOGLEVEL,OPERATETIME,OPERATETYPE,BROSWER) values ('8a8a8a813edf9dbd013edf9e0fa00000',null,2,to_date('26-5月 -13','DD-MON-RR'),1,'Chrome');
Insert into   T_S_LOG (ID,USERID,LOGLEVEL,OPERATETIME,OPERATETYPE,BROSWER) values ('8a8a8a813edf9dbd013edf9e38d30001','40',1,to_date('26-5月 -13','DD-MON-RR'),1,'Chrome');
Insert into   T_S_LOG (ID,USERID,LOGLEVEL,OPERATETIME,OPERATETYPE,BROSWER) values ('8a8a8a813edf9f7b013edf9fda4e0000','40',1,to_date('26-5月 -13','DD-MON-RR'),1,'Chrome');
Insert into   T_S_LOG (ID,USERID,LOGLEVEL,OPERATETIME,OPERATETYPE,BROSWER) values ('8a8a8a813edfa28b013edfa2ee160000','40',1,to_date('26-5月 -13','DD-MON-RR'),1,'Chrome');
Insert into   T_S_LOG (ID,USERID,LOGLEVEL,OPERATETIME,OPERATETYPE,BROSWER) values ('8a8a8a813edfa749013edfa7a2fb0000','40',1,to_date('26-5月 -13','DD-MON-RR'),1,'Chrome');
Insert into   T_S_LOG (ID,USERID,LOGLEVEL,OPERATETIME,OPERATETYPE,BROSWER) values ('8a8a8a813edfb30a013edfb3652c0000','40',1,to_date('26-5月 -13','DD-MON-RR'),1,'Chrome');
Insert into   T_S_LOG (ID,USERID,LOGLEVEL,OPERATETIME,OPERATETYPE,BROSWER) values ('8a8a8a813edfb30a013edfb4456a0006','40',3,to_date('26-5月 -13','DD-MON-RR'),1,'Chrome');
Insert into   T_S_LOG (ID,USERID,LOGLEVEL,OPERATETIME,OPERATETYPE,BROSWER) values ('8a8a8a813ee0addf013ee0ae91480000','40',1,to_date('26-5月 -13','DD-MON-RR'),1,'Chrome');
Insert into   T_S_LOG (ID,USERID,LOGLEVEL,OPERATETIME,OPERATETYPE,BROSWER) values ('8a8a8a813ee0d4fb013ee0d5505a0000','40',1,to_date('26-5月 -13','DD-MON-RR'),1,'Chrome');
Insert into   T_S_LOG (ID,USERID,LOGLEVEL,OPERATETIME,OPERATETYPE,BROSWER) values ('8a8a8a813ee0d4fb013ee0d5ae290003','40',3,to_date('26-5月 -13','DD-MON-RR'),1,'Chrome');
Insert into   T_S_LOG (ID,USERID,LOGLEVEL,OPERATETIME,OPERATETYPE,BROSWER) values ('8a8a8a813ee0d4fb013ee0d5f3500004','40',4,to_date('26-5月 -13','DD-MON-RR'),1,'Chrome');
Insert into   T_S_LOG (ID,USERID,LOGLEVEL,OPERATETIME,OPERATETYPE,BROSWER) values ('8a8a8a813ee0d4fb013ee0d607170005','40',4,to_date('26-5月 -13','DD-MON-RR'),1,'Chrome');
Insert into   T_S_LOG (ID,USERID,LOGLEVEL,OPERATETIME,OPERATETYPE,BROSWER) values ('8a8a8a813ee0d4fb013ee0d6180f0006','40',4,to_date('26-5月 -13','DD-MON-RR'),1,'Chrome');
Insert into   T_S_LOG (ID,USERID,LOGLEVEL,OPERATETIME,OPERATETYPE,BROSWER) values ('8a8a8a813ee37e07013ee37e797c0000','40',1,to_date('27-5月 -13','DD-MON-RR'),1,'Chrome');
Insert into   T_S_LOG (ID,USERID,LOGLEVEL,OPERATETIME,OPERATETYPE,BROSWER) values ('8a8a8a813ee37e07013ee37f5a280005','40',3,to_date('27-5月 -13','DD-MON-RR'),1,'Chrome');
Insert into   T_S_LOG (ID,USERID,LOGLEVEL,OPERATETIME,OPERATETYPE,BROSWER) values ('8a8a8a813ee37e07013ee37fc6bd0009','40',5,to_date('27-5月 -13','DD-MON-RR'),1,'Chrome');
Insert into   T_S_LOG (ID,USERID,LOGLEVEL,OPERATETIME,OPERATETYPE,BROSWER) values ('8a8a8a813ee8845e013ee886375a0000','40',1,to_date('28-5月 -13','DD-MON-RR'),1,'Chrome');
Insert into   T_S_LOG (ID,USERID,LOGLEVEL,OPERATETIME,OPERATETYPE,BROSWER) values ('8a8a8a813ee8845e013ee886b62f0001','40',1,to_date('28-5月 -13','DD-MON-RR'),1,'MSIE 8.0');
Insert into   T_S_LOG (ID,USERID,LOGLEVEL,OPERATETIME,OPERATETYPE,BROSWER) values ('8a8a8a813ee8845e013ee887a5320002','40',1,to_date('28-5月 -13','DD-MON-RR'),1,'Chrome');
Insert into   T_S_LOG (ID,USERID,LOGLEVEL,OPERATETIME,OPERATETYPE,BROSWER) values ('8a8a8a813ee8845e013ee88ae9320003','40',1,to_date('28-5月 -13','DD-MON-RR'),1,'Firefox');
Insert into   T_S_LOG (ID,USERID,LOGLEVEL,OPERATETIME,OPERATETYPE,BROSWER) values ('8a8a8a813ee9ead2013ee9eb1ac10000','40',1,to_date('28-5月 -13','DD-MON-RR'),1,'Firefox');
Insert into   T_S_LOG (ID,USERID,LOGLEVEL,OPERATETIME,OPERATETYPE,BROSWER) values ('8a8a8a813ee9f03c013ee9f076080000','40',1,to_date('28-5月 -13','DD-MON-RR'),1,'Firefox');
Insert into   T_S_LOG (ID,USERID,LOGLEVEL,OPERATETIME,OPERATETYPE,BROSWER) values ('8a8a8a813ee9f398013ee9f452020000','40',1,to_date('28-5月 -13','DD-MON-RR'),1,'Firefox');
Insert into   T_S_LOG (ID,USERID,LOGLEVEL,OPERATETIME,OPERATETYPE,BROSWER) values ('8a8a8a813ee9f7c6013ee9f808050000','40',1,to_date('28-5月 -13','DD-MON-RR'),1,'Firefox');
Insert into   T_S_LOG (ID,USERID,LOGLEVEL,OPERATETIME,OPERATETYPE,BROSWER) values ('8a8a8a813ee9f7c6013ee9f8ac340001','40',5,to_date('28-5月 -13','DD-MON-RR'),1,'Firefox');
Insert into   T_S_LOG (ID,USERID,LOGLEVEL,OPERATETIME,OPERATETYPE,BROSWER) values ('8a8a8a813ee9f7c6013ee9f941ae0002','40',5,to_date('28-5月 -13','DD-MON-RR'),1,'Firefox');
Insert into   T_S_LOG (ID,USERID,LOGLEVEL,OPERATETIME,OPERATETYPE,BROSWER) values ('8a8a8a813eea42ce013eea439dd00000','40',1,to_date('28-5月 -13','DD-MON-RR'),1,'Firefox');
Insert into   T_S_LOG (ID,USERID,LOGLEVEL,OPERATETIME,OPERATETYPE,BROSWER) values ('8a8a8a813eea47a4013eea47fd320000','40',1,to_date('28-5月 -13','DD-MON-RR'),1,'Firefox');
Insert into   T_S_LOG (ID,USERID,LOGLEVEL,OPERATETIME,OPERATETYPE,BROSWER) values ('8a8a8a813eea4ad2013eea4b327c0000','40',1,to_date('28-5月 -13','DD-MON-RR'),1,'Firefox');
Insert into   T_S_LOG (ID,USERID,LOGLEVEL,OPERATETIME,OPERATETYPE,BROSWER) values ('8a8a8a813eea50cb013eea5144710000',null,2,to_date('28-5月 -13','DD-MON-RR'),1,'Firefox');
Insert into   T_S_LOG (ID,USERID,LOGLEVEL,OPERATETIME,OPERATETYPE,BROSWER) values ('8a8a8a813eea50cb013eea515e900001','40',1,to_date('28-5月 -13','DD-MON-RR'),1,'Firefox');
Insert into   T_S_LOG (ID,USERID,LOGLEVEL,OPERATETIME,OPERATETYPE,BROSWER) values ('8a8a8a813eea529a013eea52f54d0000','40',1,to_date('28-5月 -13','DD-MON-RR'),1,'Firefox');
Insert into   T_S_LOG (ID,USERID,LOGLEVEL,OPERATETIME,OPERATETYPE,BROSWER) values ('8a8a8a813eeb7852013eeb795f2d0000','40',1,to_date('28-5月 -13','DD-MON-RR'),1,'Firefox');
Insert into   T_S_LOG (ID,USERID,LOGLEVEL,OPERATETIME,OPERATETYPE,BROSWER) values ('8a8a8a813eeba0b6013eeba209550000','40',1,to_date('28-5月 -13','DD-MON-RR'),1,'Firefox');
Insert into   T_S_LOG (ID,USERID,LOGLEVEL,OPERATETIME,OPERATETYPE,BROSWER) values ('8a8a8a813eeba87b013eebaa5a8b0000','40',1,to_date('28-5月 -13','DD-MON-RR'),1,'Firefox');
Insert into   T_S_LOG (ID,USERID,LOGLEVEL,OPERATETIME,OPERATETYPE,BROSWER) values ('8a8a8a813eebb378013eebb581280000','40',1,to_date('28-5月 -13','DD-MON-RR'),1,'Chrome');
Insert into   T_S_LOG (ID,USERID,LOGLEVEL,OPERATETIME,OPERATETYPE,BROSWER) values ('8a8a8a813eebe76f013eebe975440000','40',1,to_date('29-5月 -13','DD-MON-RR'),1,'MSIE 8.0');
Insert into   T_S_LOG (ID,USERID,LOGLEVEL,OPERATETIME,OPERATETYPE,BROSWER) values ('8a8a8a813eedc2e4013eedc382ef0000','40',1,to_date('29-5月 -13','DD-MON-RR'),1,'MSIE 8.0');
Insert into   T_S_LOG (ID,USERID,LOGLEVEL,OPERATETIME,OPERATETYPE,BROSWER) values ('8a8a8a813eedc7a4013eedc856970000','40',1,to_date('29-5月 -13','DD-MON-RR'),1,'MSIE 8.0');
Insert into   T_S_LOG (ID,USERID,LOGLEVEL,OPERATETIME,OPERATETYPE,BROSWER) values ('8a8a8a813eedc7a4013eedcccd890001','40',1,to_date('29-5月 -13','DD-MON-RR'),1,'Firefox');
Insert into   T_S_LOG (ID,USERID,LOGLEVEL,OPERATETIME,OPERATETYPE,BROSWER) values ('8a8a8a813eedd273013eedd2e0390000','40',1,to_date('29-5月 -13','DD-MON-RR'),1,'Firefox');
Insert into   T_S_LOG (ID,USERID,LOGLEVEL,OPERATETIME,OPERATETYPE,BROSWER) values ('8a8a8a813eedd583013eedd5f0a50000','40',1,to_date('29-5月 -13','DD-MON-RR'),1,'Firefox');
Insert into   T_S_LOG (ID,USERID,LOGLEVEL,OPERATETIME,OPERATETYPE,BROSWER) values ('8a8a8a813eedd583013eedd69aa10001','40',4,to_date('29-5月 -13','DD-MON-RR'),1,'Firefox');
Insert into   T_S_LOG (ID,USERID,LOGLEVEL,OPERATETIME,OPERATETYPE,BROSWER) values ('8a8a8a813eedd583013eedd763fc0003','40',3,to_date('29-5月 -13','DD-MON-RR'),1,'Firefox');
Insert into   T_S_LOG (ID,USERID,LOGLEVEL,OPERATETIME,OPERATETYPE,BROSWER) values ('8a8a8a813eedd583013eedd7bece0004','40',1,to_date('29-5月 -13','DD-MON-RR'),1,'MSIE 8.0');
Insert into   T_S_LOG (ID,USERID,LOGLEVEL,OPERATETIME,OPERATETYPE,BROSWER) values ('8a8a8a813eee05da013eee0764500000','40',1,to_date('29-5月 -13','DD-MON-RR'),1,'Chrome');
Insert into   T_S_LOG (ID,USERID,LOGLEVEL,OPERATETIME,OPERATETYPE,BROSWER) values ('8a8a8a813eee05da013eee09d2050002','40',3,to_date('29-5月 -13','DD-MON-RR'),1,'Chrome');
Insert into   T_S_LOG (ID,USERID,LOGLEVEL,OPERATETIME,OPERATETYPE,BROSWER) values ('8a8a8a813eee05da013eee13f1340003','40',1,to_date('29-5月 -13','DD-MON-RR'),1,'MSIE 8.0');
Insert into   T_S_LOG (ID,USERID,LOGLEVEL,OPERATETIME,OPERATETYPE,BROSWER) values ('8a8a8a813eee05da013eee2bab0f0004','40',4,to_date('29-5月 -13','DD-MON-RR'),1,'Chrome');
Insert into   T_S_LOG (ID,USERID,LOGLEVEL,OPERATETIME,OPERATETYPE,BROSWER) values ('8a8a8a813eee05da013eee2bbca30005','40',4,to_date('29-5月 -13','DD-MON-RR'),1,'Chrome');
Insert into   T_S_LOG (ID,USERID,LOGLEVEL,OPERATETIME,OPERATETYPE,BROSWER) values ('8a8a8a813eee05da013eee2c15040006','40',4,to_date('29-5月 -13','DD-MON-RR'),1,'Chrome');
Insert into   T_S_LOG (ID,USERID,LOGLEVEL,OPERATETIME,OPERATETYPE,BROSWER) values ('8a8a8a813eee05da013eee2c31e20007','40',4,to_date('29-5月 -13','DD-MON-RR'),1,'Chrome');
Insert into   T_S_LOG (ID,USERID,LOGLEVEL,OPERATETIME,OPERATETYPE,BROSWER) values ('8a8a8a813ef47c6e013ef47d13930000','40',1,to_date('30-5月 -13','DD-MON-RR'),1,'Chrome');
Insert into   T_S_LOG (ID,USERID,LOGLEVEL,OPERATETIME,OPERATETYPE,BROSWER) values ('8a8a8a813ef47c6e013ef47d6c420001','40',4,to_date('30-5月 -13','DD-MON-RR'),1,'Chrome');
Insert into   T_S_LOG (ID,USERID,LOGLEVEL,OPERATETIME,OPERATETYPE,BROSWER) values ('8a8a8a813ef47c6e013ef47d98340002','40',4,to_date('30-5月 -13','DD-MON-RR'),1,'Chrome');
Insert into   T_S_LOG (ID,USERID,LOGLEVEL,OPERATETIME,OPERATETYPE,BROSWER) values ('8a8a8a813ef47c6e013ef47dbdfc0003','40',4,to_date('30-5月 -13','DD-MON-RR'),1,'Chrome');
Insert into   T_S_LOG (ID,USERID,LOGLEVEL,OPERATETIME,OPERATETYPE,BROSWER) values ('8a8a8a813ef47c6e013ef47dc9180004','40',4,to_date('30-5月 -13','DD-MON-RR'),1,'Chrome');
Insert into   T_S_LOG (ID,USERID,LOGLEVEL,OPERATETIME,OPERATETYPE,BROSWER) values ('8a8a8a813ef47c6e013ef47dd57c0005','40',4,to_date('30-5月 -13','DD-MON-RR'),1,'Chrome');
Insert into   T_S_LOG (ID,USERID,LOGLEVEL,OPERATETIME,OPERATETYPE,BROSWER) values ('8a8a8a813ef47c6e013ef47dde070006','40',4,to_date('30-5月 -13','DD-MON-RR'),1,'Chrome');
Insert into   T_S_LOG (ID,USERID,LOGLEVEL,OPERATETIME,OPERATETYPE,BROSWER) values ('8a8a8a813ef47c6e013ef47de7db0007','40',4,to_date('30-5月 -13','DD-MON-RR'),1,'Chrome');
Insert into   T_S_LOG (ID,USERID,LOGLEVEL,OPERATETIME,OPERATETYPE,BROSWER) values ('8a8a8a813ef47c6e013ef47e02d50008','40',4,to_date('30-5月 -13','DD-MON-RR'),1,'Chrome');
Insert into   T_S_LOG (ID,USERID,LOGLEVEL,OPERATETIME,OPERATETYPE,BROSWER) values ('8a8a8a813ef47c6e013ef47e50590009','40',5,to_date('30-5月 -13','DD-MON-RR'),1,'Chrome');
Insert into   T_S_LOG (ID,USERID,LOGLEVEL,OPERATETIME,OPERATETYPE,BROSWER) values ('8a8a8a813ef47c6e013ef47e8062000a','40',5,to_date('30-5月 -13','DD-MON-RR'),1,'Chrome');
Insert into   T_S_LOG (ID,USERID,LOGLEVEL,OPERATETIME,OPERATETYPE,BROSWER) values ('8a8a8a813ef47c6e013ef47eb26e000b','40',4,to_date('30-5月 -13','DD-MON-RR'),1,'Chrome');
Insert into   T_S_LOG (ID,USERID,LOGLEVEL,OPERATETIME,OPERATETYPE,BROSWER) values ('8a8a8a813ef47c6e013ef47ebc42000c','40',4,to_date('30-5月 -13','DD-MON-RR'),1,'Chrome');
Insert into   T_S_LOG (ID,USERID,LOGLEVEL,OPERATETIME,OPERATETYPE,BROSWER) values ('8a8a8a813ef47c6e013ef47ec412000d','40',4,to_date('30-5月 -13','DD-MON-RR'),1,'Chrome');
Insert into   T_S_LOG (ID,USERID,LOGLEVEL,OPERATETIME,OPERATETYPE,BROSWER) values ('8a8a8a813ef47c6e013ef47eceb1000e','40',4,to_date('30-5月 -13','DD-MON-RR'),1,'Chrome');
Insert into   T_S_LOG (ID,USERID,LOGLEVEL,OPERATETIME,OPERATETYPE,BROSWER) values ('8a8a8a813ef47c6e013ef47edc6c000f','40',4,to_date('30-5月 -13','DD-MON-RR'),1,'Chrome');
Insert into   T_S_LOG (ID,USERID,LOGLEVEL,OPERATETIME,OPERATETYPE,BROSWER) values ('8a8a8a813ef47c6e013ef47f9cde0014','40',5,to_date('30-5月 -13','DD-MON-RR'),1,'Chrome');
Insert into   T_S_LOG (ID,USERID,LOGLEVEL,OPERATETIME,OPERATETYPE,BROSWER) values ('8a8a8a813ef47c6e013ef47fbf4b0019','40',5,to_date('30-5月 -13','DD-MON-RR'),1,'Chrome');
Insert into   T_S_LOG (ID,USERID,LOGLEVEL,OPERATETIME,OPERATETYPE,BROSWER) values ('8a8a8a813ef47c6e013ef47fe205001c','40',5,to_date('30-5月 -13','DD-MON-RR'),1,'Chrome');
Insert into   T_S_LOG (ID,USERID,LOGLEVEL,OPERATETIME,OPERATETYPE,BROSWER) values ('8a8a8a813ef47c6e013ef48065bc0021','40',5,to_date('30-5月 -13','DD-MON-RR'),1,'Chrome');
Insert into   T_S_LOG (ID,USERID,LOGLEVEL,OPERATETIME,OPERATETYPE,BROSWER) values ('8a8a8a813ef47c6e013ef48071e10024','40',5,to_date('30-5月 -13','DD-MON-RR'),1,'Chrome');
Insert into   T_S_LOG (ID,USERID,LOGLEVEL,OPERATETIME,OPERATETYPE,BROSWER) values ('8a8a8a813ef47c6e013ef4807d8a0027','40',5,to_date('30-5月 -13','DD-MON-RR'),1,'Chrome');
Insert into   T_S_LOG (ID,USERID,LOGLEVEL,OPERATETIME,OPERATETYPE,BROSWER) values ('8a8a8a813ef47c6e013ef480ce590029','40',3,to_date('30-5月 -13','DD-MON-RR'),1,'Chrome');
Insert into   T_S_LOG (ID,USERID,LOGLEVEL,OPERATETIME,OPERATETYPE,BROSWER) values ('8a8a8a813ef47c6e013ef480db0b002a','40',5,to_date('30-5月 -13','DD-MON-RR'),1,'Chrome');
Insert into   T_S_LOG (ID,USERID,LOGLEVEL,OPERATETIME,OPERATETYPE,BROSWER) values ('8a8a8a813ef47c6e013ef480e750002b','40',4,to_date('30-5月 -13','DD-MON-RR'),1,'Chrome');
Insert into   T_S_LOG (ID,USERID,LOGLEVEL,OPERATETIME,OPERATETYPE,BROSWER) values ('8a8a8a813ef47c6e013ef480fc20002c','40',4,to_date('30-5月 -13','DD-MON-RR'),1,'Chrome');
Insert into   T_S_LOG (ID,USERID,LOGLEVEL,OPERATETIME,OPERATETYPE,BROSWER) values ('8a8a8a813ef47c6e013ef4810392002d','40',4,to_date('30-5月 -13','DD-MON-RR'),1,'Chrome');
Insert into   T_S_LOG (ID,USERID,LOGLEVEL,OPERATETIME,OPERATETYPE,BROSWER) values ('8a8a8a813ef47c6e013ef4810c0e002e','40',4,to_date('30-5月 -13','DD-MON-RR'),1,'Chrome');
Insert into   T_S_LOG (ID,USERID,LOGLEVEL,OPERATETIME,OPERATETYPE,BROSWER) values ('8a8a8a813ef47c6e013ef4811323002f','40',4,to_date('30-5月 -13','DD-MON-RR'),1,'Chrome');
Insert into   T_S_LOG (ID,USERID,LOGLEVEL,OPERATETIME,OPERATETYPE,BROSWER) values ('8a8a8a813ef47c6e013ef4823a0f0031','40',3,to_date('30-5月 -13','DD-MON-RR'),1,'Chrome');
Insert into   T_S_LOG (ID,USERID,LOGLEVEL,OPERATETIME,OPERATETYPE,BROSWER) values ('8a8a8a813ef47c6e013ef4825d650032','40',5,to_date('30-5月 -13','DD-MON-RR'),1,'Chrome');
Insert into   T_S_LOG (ID,USERID,LOGLEVEL,OPERATETIME,OPERATETYPE,BROSWER) values ('8a8a8a813ef47c6e013ef48328e30033','40',5,to_date('30-5月 -13','DD-MON-RR'),1,'Chrome');
Insert into   T_S_LOG (ID,USERID,LOGLEVEL,OPERATETIME,OPERATETYPE,BROSWER) values ('8a8a8a813ef47c6e013ef4838ced0034','40',5,to_date('30-5月 -13','DD-MON-RR'),1,'Chrome');
Insert into   T_S_LOG (ID,USERID,LOGLEVEL,OPERATETIME,OPERATETYPE,BROSWER) values ('8a8a8a813ef47c6e013ef484719f0036','40',3,to_date('30-5月 -13','DD-MON-RR'),1,'Chrome');
Insert into   T_S_LOG (ID,USERID,LOGLEVEL,OPERATETIME,OPERATETYPE,BROSWER) values ('8a8a8a813ef47c6e013ef485af110037','40',5,to_date('30-5月 -13','DD-MON-RR'),1,'Chrome');
Insert into   T_S_LOG (ID,USERID,LOGLEVEL,OPERATETIME,OPERATETYPE,BROSWER) values ('8a8a8a813ef48776013ef48838ba0000','40',1,to_date('30-5月 -13','DD-MON-RR'),1,'Chrome');
Insert into   T_S_LOG (ID,USERID,LOGLEVEL,OPERATETIME,OPERATETYPE,BROSWER) values ('8a9417273ec6331a013ec63398890000','40',1,to_date('21-5月 -13','DD-MON-RR'),1,'Chrome');
Insert into   T_S_LOG (ID,USERID,LOGLEVEL,OPERATETIME,OPERATETYPE,BROSWER) values ('8a95e01b3ef4020f013ef40329bd0000','40',1,to_date('30-5月 -13','DD-MON-RR'),1,'Chrome');
Insert into   T_S_LOG (ID,USERID,LOGLEVEL,OPERATETIME,OPERATETYPE,BROSWER) values ('8a95e01b3ef41114013ef411a91a0000','40',1,to_date('30-5月 -13','DD-MON-RR'),1,'Chrome');
Insert into   T_S_LOG (ID,USERID,LOGLEVEL,OPERATETIME,OPERATETYPE,BROSWER) values ('8a95e01b3ef41114013ef412d8530002','40',3,to_date('30-5月 -13','DD-MON-RR'),1,'Chrome');
Insert into   T_S_LOG (ID,USERID,LOGLEVEL,OPERATETIME,OPERATETYPE,BROSWER) values ('8a95e01b3ef41114013ef415047a0004','40',3,to_date('30-5月 -13','DD-MON-RR'),1,'Chrome');
Insert into   T_S_LOG (ID,USERID,LOGLEVEL,OPERATETIME,OPERATETYPE,BROSWER) values ('8a95e01b3ef41114013ef41543a60006','40',3,to_date('30-5月 -13','DD-MON-RR'),1,'Chrome');
Insert into   T_S_LOG (ID,USERID,LOGLEVEL,OPERATETIME,OPERATETYPE,BROSWER) values ('8a95e01b3ef41114013ef41568a30008','40',3,to_date('30-5月 -13','DD-MON-RR'),1,'Chrome');
Insert into   T_S_LOG (ID,USERID,LOGLEVEL,OPERATETIME,OPERATETYPE,BROSWER) values ('8a95e01b3ef41114013ef41a4e6b0009','40',5,to_date('30-5月 -13','DD-MON-RR'),1,'Chrome');
Insert into   T_S_LOG (ID,USERID,LOGLEVEL,OPERATETIME,OPERATETYPE,BROSWER) values ('8a95e01b3ef41114013ef41c709f000b','40',3,to_date('30-5月 -13','DD-MON-RR'),1,'Chrome');
Insert into   T_S_LOG (ID,USERID,LOGLEVEL,OPERATETIME,OPERATETYPE,BROSWER) values ('8a95e01b3ef41114013ef41d9e81000d','40',3,to_date('30-5月 -13','DD-MON-RR'),1,'Chrome');
Insert into   T_S_LOG (ID,USERID,LOGLEVEL,OPERATETIME,OPERATETYPE,BROSWER) values ('8a95e01b3ef41114013ef41f0ab30011','40',3,to_date('30-5月 -13','DD-MON-RR'),1,'Chrome');
Insert into   T_S_LOG (ID,USERID,LOGLEVEL,OPERATETIME,OPERATETYPE,BROSWER) values ('8a95e01b3ef41114013ef41f1bab0012','40',4,to_date('30-5月 -13','DD-MON-RR'),1,'Chrome');
Insert into   T_S_LOG (ID,USERID,LOGLEVEL,OPERATETIME,OPERATETYPE,BROSWER) values ('8aa0f28e3ec1a064013ec1a0df270000','40',1,to_date('20-5月 -13','DD-MON-RR'),1,'Chrome');
Insert into   T_S_LOG (ID,USERID,LOGLEVEL,OPERATETIME,OPERATETYPE,BROSWER) values ('8aa0f28e3ec1a064013ec1a11f1e0001','40',5,to_date('20-5月 -13','DD-MON-RR'),1,'Chrome');
Insert into   T_S_LOG (ID,USERID,LOGLEVEL,OPERATETIME,OPERATETYPE,BROSWER) values ('8aa0f28e3ec1a288013ec1a30ce40000','40',1,to_date('20-5月 -13','DD-MON-RR'),1,'Chrome');
Insert into   T_S_LOG (ID,USERID,LOGLEVEL,OPERATETIME,OPERATETYPE,BROSWER) values ('8aa34e4c3ebf65c4013ebf692c480000','40',1,to_date('20-5月 -13','DD-MON-RR'),1,'Chrome');
Insert into   T_S_LOG (ID,USERID,LOGLEVEL,OPERATETIME,OPERATETYPE,BROSWER) values ('8aa4c7c43e9d15d9013e9d168d380000','40',1,to_date('13-5月 -13','DD-MON-RR'),1,'Chrome');
Insert into   T_S_LOG (ID,USERID,LOGLEVEL,OPERATETIME,OPERATETYPE,BROSWER) values ('8aa640ee3eede604013eede66a7b0000','40',1,to_date('29-5月 -13','DD-MON-RR'),1,'MSIE 8.0');
Insert into   T_S_LOG (ID,USERID,LOGLEVEL,OPERATETIME,OPERATETYPE,BROSWER) values ('8aa6cad73e9ddad8013e9de5cc940000','40',1,to_date('13-5月 -13','DD-MON-RR'),1,'Chrome');
Insert into   T_S_LOG (ID,USERID,LOGLEVEL,OPERATETIME,OPERATETYPE,BROSWER) values ('8aa6cad73e9ddad8013e9de6e0e20001','40',5,to_date('13-5月 -13','DD-MON-RR'),1,'Chrome');
Insert into   T_S_LOG (ID,USERID,LOGLEVEL,OPERATETIME,OPERATETYPE,BROSWER) values ('8aa6cad73e9ddad8013e9de838060009','40',3,to_date('13-5月 -13','DD-MON-RR'),1,'Chrome');
Insert into   T_S_LOG (ID,USERID,LOGLEVEL,OPERATETIME,OPERATETYPE,BROSWER) values ('8aa6cad73e9ddad8013e9de9d51c000a','40',4,to_date('13-5月 -13','DD-MON-RR'),1,'Chrome');
Insert into   T_S_LOG (ID,USERID,LOGLEVEL,OPERATETIME,OPERATETYPE,BROSWER) values ('8aa6cad73e9ddad8013e9dea1a24000e','40',5,to_date('13-5月 -13','DD-MON-RR'),1,'Chrome');
Insert into   T_S_LOG (ID,USERID,LOGLEVEL,OPERATETIME,OPERATETYPE,BROSWER) values ('8aa7ec763eeade63013eeae03f970000','40',1,to_date('28-5月 -13','DD-MON-RR'),1,'Firefox');
Insert into   T_S_LOG (ID,USERID,LOGLEVEL,OPERATETIME,OPERATETYPE,BROSWER) values ('8a8a8a813e63096e013e630ba8630002','40',4,to_date('02-5月 -13','DD-MON-RR'),1,'Chrome');
Insert into   T_S_LOG (ID,USERID,LOGLEVEL,OPERATETIME,OPERATETYPE,BROSWER) values ('8a8a8a813e63096e013e630c1f1a0005','40',3,to_date('02-5月 -13','DD-MON-RR'),1,'Chrome');
Insert into   T_S_LOG (ID,USERID,LOGLEVEL,OPERATETIME,OPERATETYPE,BROSWER) values ('8a8a8a813e63096e013e630c7b720012',null,2,to_date('02-5月 -13','DD-MON-RR'),1,'Chrome');
Insert into   T_S_LOG (ID,USERID,LOGLEVEL,OPERATETIME,OPERATETYPE,BROSWER) values ('8a8a8a813e63096e013e630cb2ee0013','8a8a8a813e63096e013e630c1df10003',1,to_date('02-5月 -13','DD-MON-RR'),1,'Chrome');
Insert into   T_S_LOG (ID,USERID,LOGLEVEL,OPERATETIME,OPERATETYPE,BROSWER) values ('8a8a8a813e63303d013e6330af450000','40',1,to_date('02-5月 -13','DD-MON-RR'),1,'Chrome');
Insert into   T_S_LOG (ID,USERID,LOGLEVEL,OPERATETIME,OPERATETYPE,BROSWER) values ('8a8a8a813e63303d013e6331ca4a0002','40',3,to_date('02-5月 -13','DD-MON-RR'),1,'Chrome');
Insert into   T_S_LOG (ID,USERID,LOGLEVEL,OPERATETIME,OPERATETYPE,BROSWER) values ('8a8a8a813e63303d013e63322d4a0004','40',3,to_date('02-5月 -13','DD-MON-RR'),1,'Chrome');
Insert into   T_S_LOG (ID,USERID,LOGLEVEL,OPERATETIME,OPERATETYPE,BROSWER) values ('8a8a8a813e63303d013e6332472b0005',null,2,to_date('02-5月 -13','DD-MON-RR'),1,'Chrome');
Insert into   T_S_LOG (ID,USERID,LOGLEVEL,OPERATETIME,OPERATETYPE,BROSWER) values ('8a8a8a813e63303d013e63326e5a0006','40',1,to_date('02-5月 -13','DD-MON-RR'),1,'Chrome');
Insert into   T_S_LOG (ID,USERID,LOGLEVEL,OPERATETIME,OPERATETYPE,BROSWER) values ('8a8a8a813e63303d013e633308a6001d',null,2,to_date('02-5月 -13','DD-MON-RR'),1,'Chrome');
Insert into   T_S_LOG (ID,USERID,LOGLEVEL,OPERATETIME,OPERATETYPE,BROSWER) values ('8a8a8a813e63303d013e6333265f001e','40',1,to_date('02-5月 -13','DD-MON-RR'),1,'Chrome');
Insert into   T_S_LOG (ID,USERID,LOGLEVEL,OPERATETIME,OPERATETYPE,BROSWER) values ('8a8a8a813e63303d013e63410bee001f','40',5,to_date('02-5月 -13','DD-MON-RR'),1,'Chrome');
Insert into   T_S_LOG (ID,USERID,LOGLEVEL,OPERATETIME,OPERATETYPE,BROSWER) values ('8a8a8a813e63303d013e63411dd00020','40',5,to_date('02-5月 -13','DD-MON-RR'),1,'Chrome');
Insert into   T_S_LOG (ID,USERID,LOGLEVEL,OPERATETIME,OPERATETYPE,BROSWER) values ('8a8a8a813e63303d013e634144e00022','40',3,to_date('02-5月 -13','DD-MON-RR'),1,'Chrome');
Insert into   T_S_LOG (ID,USERID,LOGLEVEL,OPERATETIME,OPERATETYPE,BROSWER) values ('8a8a8a813e63303d013e6341e40e0023','40',5,to_date('02-5月 -13','DD-MON-RR'),1,'Chrome');
Insert into   T_S_LOG (ID,USERID,LOGLEVEL,OPERATETIME,OPERATETYPE,BROSWER) values ('8a8a8a813e63303d013e6341fd140024','40',5,to_date('02-5月 -13','DD-MON-RR'),1,'Chrome');
Insert into   T_S_LOG (ID,USERID,LOGLEVEL,OPERATETIME,OPERATETYPE,BROSWER) values ('8a8a8a813e63303d013e634234be0025','40',5,to_date('02-5月 -13','DD-MON-RR'),1,'Chrome');
Insert into   T_S_LOG (ID,USERID,LOGLEVEL,OPERATETIME,OPERATETYPE,BROSWER) values ('8a8a8a813e690b6c013e690beb970000','40',1,to_date('03-5月 -13','DD-MON-RR'),1,'Chrome');
Insert into   T_S_LOG (ID,USERID,LOGLEVEL,OPERATETIME,OPERATETYPE,BROSWER) values ('8a8a8a813e692d75013e692e21860000','40',1,to_date('03-5月 -13','DD-MON-RR'),1,'Chrome');
Insert into   T_S_LOG (ID,USERID,LOGLEVEL,OPERATETIME,OPERATETYPE,BROSWER) values ('8a8a8a813e692d75013e6931be450001','40',1,to_date('03-5月 -13','DD-MON-RR'),1,'MSIE 8.0');
Insert into   T_S_LOG (ID,USERID,LOGLEVEL,OPERATETIME,OPERATETYPE,BROSWER) values ('8a8a8a813e692d75013e6934ba200002','40',1,to_date('03-5月 -13','DD-MON-RR'),1,'Chrome');
Insert into   T_S_LOG (ID,USERID,LOGLEVEL,OPERATETIME,OPERATETYPE,BROSWER) values ('8a8a8a813e69a589013e69a6a2e40000','40',1,to_date('03-5月 -13','DD-MON-RR'),1,'Chrome');
Insert into   T_S_LOG (ID,USERID,LOGLEVEL,OPERATETIME,OPERATETYPE,BROSWER) values ('8a8a8a813e6a6cb6013e6a6d66ae0000','40',1,to_date('03-5月 -13','DD-MON-RR'),1,'Chrome');
Insert into   T_S_LOG (ID,USERID,LOGLEVEL,OPERATETIME,OPERATETYPE,BROSWER) values ('8a8a8a813e6a6cb6013e6a6e344f0001','40',5,to_date('03-5月 -13','DD-MON-RR'),1,'Chrome');
Insert into   T_S_LOG (ID,USERID,LOGLEVEL,OPERATETIME,OPERATETYPE,BROSWER) values ('8a8a8a813e6a6cb6013e6a729b810002','40',5,to_date('03-5月 -13','DD-MON-RR'),1,'Chrome');
Insert into   T_S_LOG (ID,USERID,LOGLEVEL,OPERATETIME,OPERATETYPE,BROSWER) values ('8a8a8a813e6d6b90013e6d6c3d780000','40',1,to_date('04-5月 -13','DD-MON-RR'),1,'Chrome');
Insert into   T_S_LOG (ID,USERID,LOGLEVEL,OPERATETIME,OPERATETYPE,BROSWER) values ('8a8a8a813e6f2090013e6f21c20c0000','40',1,to_date('04-5月 -13','DD-MON-RR'),1,'Chrome');
Insert into   T_S_LOG (ID,USERID,LOGLEVEL,OPERATETIME,OPERATETYPE,BROSWER) values ('8a8a8a813e6f2090013e6f22b2680018',null,2,to_date('04-5月 -13','DD-MON-RR'),1,'Chrome');
Insert into   T_S_LOG (ID,USERID,LOGLEVEL,OPERATETIME,OPERATETYPE,BROSWER) values ('8a8a8a813e6f2090013e6f22d3f90019','40',1,to_date('04-5月 -13','DD-MON-RR'),1,'Chrome');
Insert into   T_S_LOG (ID,USERID,LOGLEVEL,OPERATETIME,OPERATETYPE,BROSWER) values ('8a8a8a813e6f2090013e6f25a0d5001a','40',5,to_date('04-5月 -13','DD-MON-RR'),1,'Chrome');
Insert into   T_S_LOG (ID,USERID,LOGLEVEL,OPERATETIME,OPERATETYPE,BROSWER) values ('8a8a8a813e6f2090013e6f25c535001b','40',5,to_date('04-5月 -13','DD-MON-RR'),1,'Chrome');
Insert into   T_S_LOG (ID,USERID,LOGLEVEL,OPERATETIME,OPERATETYPE,BROSWER) values ('8a8a8a813e6f2090013e6f25ecf1001d','40',3,to_date('04-5月 -13','DD-MON-RR'),1,'Chrome');
Insert into   T_S_LOG (ID,USERID,LOGLEVEL,OPERATETIME,OPERATETYPE,BROSWER) values ('8a8a8a813e77c244013e77c2c39a0000','40',1,to_date('06-5月 -13','DD-MON-RR'),1,'Chrome');
Insert into   T_S_LOG (ID,USERID,LOGLEVEL,OPERATETIME,OPERATETYPE,BROSWER) values ('8a8a8a813e77c244013e77c2f3650001','40',4,to_date('06-5月 -13','DD-MON-RR'),1,'Chrome');
Insert into   T_S_LOG (ID,USERID,LOGLEVEL,OPERATETIME,OPERATETYPE,BROSWER) values ('8a8a8a813e77c244013e77c2fb060002','40',4,to_date('06-5月 -13','DD-MON-RR'),1,'Chrome');
Insert into   T_S_LOG (ID,USERID,LOGLEVEL,OPERATETIME,OPERATETYPE,BROSWER) values ('8a8a8a813e77c244013e77c5e7ec0008','40',3,to_date('06-5月 -13','DD-MON-RR'),1,'Chrome');
Insert into   T_S_LOG (ID,USERID,LOGLEVEL,OPERATETIME,OPERATETYPE,BROSWER) values ('8a8a8a813e7a7b81013e7a7ccee20000','40',1,to_date('06-5月 -13','DD-MON-RR'),1,'Chrome');
Insert into   T_S_LOG (ID,USERID,LOGLEVEL,OPERATETIME,OPERATETYPE,BROSWER) values ('8a8a8a813e837b67013e837c45d50000','40',1,to_date('08-5月 -13','DD-MON-RR'),1,'Chrome');
Insert into   T_S_LOG (ID,USERID,LOGLEVEL,OPERATETIME,OPERATETYPE,BROSWER) values ('8a8a8a813e837b67013e837e01500001','40',1,to_date('08-5月 -13','DD-MON-RR'),1,'MSIE 8.0');
Insert into   T_S_LOG (ID,USERID,LOGLEVEL,OPERATETIME,OPERATETYPE,BROSWER) values ('8a8a8a813e837fa3013e838bbffe0000','40',1,to_date('08-5月 -13','DD-MON-RR'),1,'Chrome');
Insert into   T_S_LOG (ID,USERID,LOGLEVEL,OPERATETIME,OPERATETYPE,BROSWER) values ('8a8a8a813e97264f013e9727ce350000','40',1,to_date('12-5月 -13','DD-MON-RR'),1,'Chrome');
Insert into   T_S_LOG (ID,USERID,LOGLEVEL,OPERATETIME,OPERATETYPE,BROSWER) values ('8a8a8a813ea35a1a013ea35bdcd00000','40',1,to_date('14-5月 -13','DD-MON-RR'),1,'Chrome');
Insert into   T_S_LOG (ID,USERID,LOGLEVEL,OPERATETIME,OPERATETYPE,BROSWER) values ('8a8a8a813ea8afbf013ea8b058dc0000','40',1,to_date('15-5月 -13','DD-MON-RR'),1,'Chrome');
Insert into   T_S_LOG (ID,USERID,LOGLEVEL,OPERATETIME,OPERATETYPE,BROSWER) values ('8a8a8a813ea8afbf013ea8b6e4e20003','40',3,to_date('15-5月 -13','DD-MON-RR'),1,'Chrome');
Insert into   T_S_LOG (ID,USERID,LOGLEVEL,OPERATETIME,OPERATETYPE,BROSWER) values ('8a8a8a813ea8afbf013ea8b7535b001c',null,2,to_date('15-5月 -13','DD-MON-RR'),1,'Chrome');
Insert into   T_S_LOG (ID,USERID,LOGLEVEL,OPERATETIME,OPERATETYPE,BROSWER) values ('8a8a8a813ea8afbf013ea8b76f8e001d','40',1,to_date('15-5月 -13','DD-MON-RR'),1,'Chrome');
Insert into   T_S_LOG (ID,USERID,LOGLEVEL,OPERATETIME,OPERATETYPE,BROSWER) values ('8a8a8a813ea8afbf013ea8b7ae9b001e','40',4,to_date('15-5月 -13','DD-MON-RR'),1,'Chrome');
Insert into   T_S_LOG (ID,USERID,LOGLEVEL,OPERATETIME,OPERATETYPE,BROSWER) values ('8a8a8a813eade184013eade220130000','40',1,to_date('16-5月 -13','DD-MON-RR'),1,'Chrome');
Insert into   T_S_LOG (ID,USERID,LOGLEVEL,OPERATETIME,OPERATETYPE,BROSWER) values ('8a8a8a813eb6a410013eb6a4d8ac0000','40',1,to_date('18-5月 -13','DD-MON-RR'),1,'Chrome');
Insert into   T_S_LOG (ID,USERID,LOGLEVEL,OPERATETIME,OPERATETYPE,BROSWER) values ('8a8a8a813eb6a410013eb6a86a4f0001','40',5,to_date('18-5月 -13','DD-MON-RR'),1,'Chrome');
Insert into   T_S_LOG (ID,USERID,LOGLEVEL,OPERATETIME,OPERATETYPE,BROSWER) values ('8a8a8a813eb6a410013eb6a89ae40003','40',3,to_date('18-5月 -13','DD-MON-RR'),1,'Chrome');
Insert into   T_S_LOG (ID,USERID,LOGLEVEL,OPERATETIME,OPERATETYPE,BROSWER) values ('8a8a8a813eb6a410013eb6a8aa940004','40',4,to_date('18-5月 -13','DD-MON-RR'),1,'Chrome');
Insert into   T_S_LOG (ID,USERID,LOGLEVEL,OPERATETIME,OPERATETYPE,BROSWER) values ('8a8a8a813eb6ae9b013eb6b192e90000','40',1,to_date('18-5月 -13','DD-MON-RR'),1,'Chrome');
Insert into   T_S_LOG (ID,USERID,LOGLEVEL,OPERATETIME,OPERATETYPE,BROSWER) values ('8a8a8a813eb6b46a013eb6b500c80000','40',1,to_date('18-5月 -13','DD-MON-RR'),1,'Chrome');
Insert into   T_S_LOG (ID,USERID,LOGLEVEL,OPERATETIME,OPERATETYPE,BROSWER) values ('8a8a8a813eb6b7af013eb6b838920000','40',1,to_date('18-5月 -13','DD-MON-RR'),1,'Chrome');
Insert into   T_S_LOG (ID,USERID,LOGLEVEL,OPERATETIME,OPERATETYPE,BROSWER) values ('8a8a8a813eb6bbf9013eb6bcb60c0000','40',1,to_date('18-5月 -13','DD-MON-RR'),1,'Chrome');
Insert into   T_S_LOG (ID,USERID,LOGLEVEL,OPERATETIME,OPERATETYPE,BROSWER) values ('8a8a8a813eb6bdec013eb6be565e0000','40',1,to_date('18-5月 -13','DD-MON-RR'),1,'Chrome');
Insert into   T_S_LOG (ID,USERID,LOGLEVEL,OPERATETIME,OPERATETYPE,BROSWER) values ('8a8a8a813eb6c388013eb6c450a40000','40',1,to_date('18-5月 -13','DD-MON-RR'),1,'Chrome');
Insert into   T_S_LOG (ID,USERID,LOGLEVEL,OPERATETIME,OPERATETYPE,BROSWER) values ('8a8a8a813eb6c4e4013eb6c535570000','40',1,to_date('18-5月 -13','DD-MON-RR'),1,'Chrome');
Insert into   T_S_LOG (ID,USERID,LOGLEVEL,OPERATETIME,OPERATETYPE,BROSWER) values ('8a8a8a813eb6c4e4013eb6c7f31f0001','40',5,to_date('18-5月 -13','DD-MON-RR'),1,'Chrome');
Insert into   T_S_LOG (ID,USERID,LOGLEVEL,OPERATETIME,OPERATETYPE,BROSWER) values ('8a8a8a813eb6c4e4013eb6c81f310002','40',5,to_date('18-5月 -13','DD-MON-RR'),1,'Chrome');
Insert into   T_S_LOG (ID,USERID,LOGLEVEL,OPERATETIME,OPERATETYPE,BROSWER) values ('8a8a8a813eb6d09d013eb6d110120000','40',1,to_date('18-5月 -13','DD-MON-RR'),1,'Chrome');
Insert into   T_S_LOG (ID,USERID,LOGLEVEL,OPERATETIME,OPERATETYPE,BROSWER) values ('8a8a8a813eb746f8013eb774993e0000','40',1,to_date('18-5月 -13','DD-MON-RR'),1,'Chrome');
Insert into   T_S_LOG (ID,USERID,LOGLEVEL,OPERATETIME,OPERATETYPE,BROSWER) values ('8a8a8a813ebf7076013ebf72c1b60000','40',1,to_date('20-5月 -13','DD-MON-RR'),1,'MSIE 8.0');
Insert into   T_S_LOG (ID,USERID,LOGLEVEL,OPERATETIME,OPERATETYPE,BROSWER) values ('8a8a8a813ec1077d013ec10802b40000','40',1,to_date('20-5月 -13','DD-MON-RR'),1,'Chrome');
Insert into   T_S_LOG (ID,USERID,LOGLEVEL,OPERATETIME,OPERATETYPE,BROSWER) values ('8a8a8a813ec14e83013ec150af040000','40',1,to_date('20-5月 -13','DD-MON-RR'),1,'Chrome');
Insert into   T_S_LOG (ID,USERID,LOGLEVEL,OPERATETIME,OPERATETYPE,BROSWER) values ('8a8a8a813ec14e83013ec157eb200002','40',3,to_date('20-5月 -13','DD-MON-RR'),1,'Chrome');
Insert into   T_S_LOG (ID,USERID,LOGLEVEL,OPERATETIME,OPERATETYPE,BROSWER) values ('8a8a8a813ec14e83013ec1587d1f001b','40',4,to_date('20-5月 -13','DD-MON-RR'),1,'Chrome');
Insert into   T_S_LOG (ID,USERID,LOGLEVEL,OPERATETIME,OPERATETYPE,BROSWER) values ('8a8a8a813ec14e83013ec158bc0d001c','40',5,to_date('20-5月 -13','DD-MON-RR'),1,'Chrome');
Insert into   T_S_LOG (ID,USERID,LOGLEVEL,OPERATETIME,OPERATETYPE,BROSWER) values ('8a8a8a813ec14e83013ec158c861001d',null,2,to_date('20-5月 -13','DD-MON-RR'),1,'Chrome');
Insert into   T_S_LOG (ID,USERID,LOGLEVEL,OPERATETIME,OPERATETYPE,BROSWER) values ('8a8a8a813ec14e83013ec158e474001e','40',1,to_date('20-5月 -13','DD-MON-RR'),1,'Chrome');
Insert into   T_S_LOG (ID,USERID,LOGLEVEL,OPERATETIME,OPERATETYPE,BROSWER) values ('8a8a8a813ec14e83013ec1598037001f',null,2,to_date('20-5月 -13','DD-MON-RR'),1,'Chrome');
Insert into   T_S_LOG (ID,USERID,LOGLEVEL,OPERATETIME,OPERATETYPE,BROSWER) values ('8a8a8a813ec14e83013ec159b05f0020','40',1,to_date('20-5月 -13','DD-MON-RR'),1,'Chrome');
Insert into   T_S_LOG (ID,USERID,LOGLEVEL,OPERATETIME,OPERATETYPE,BROSWER) values ('8a8a8a813ec14e83013ec15a6a780021','40',5,to_date('20-5月 -13','DD-MON-RR'),1,'Chrome');
Insert into   T_S_LOG (ID,USERID,LOGLEVEL,OPERATETIME,OPERATETYPE,BROSWER) values ('8a8a8a813ec14e83013ec15aab0b0022',null,2,to_date('20-5月 -13','DD-MON-RR'),1,'Chrome');
Insert into   T_S_LOG (ID,USERID,LOGLEVEL,OPERATETIME,OPERATETYPE,BROSWER) values ('8a8a8a813ec14e83013ec15ac6920023','40',1,to_date('20-5月 -13','DD-MON-RR'),1,'Chrome');
Insert into   T_S_LOG (ID,USERID,LOGLEVEL,OPERATETIME,OPERATETYPE,BROSWER) values ('8a8a8a813ec14e83013ec15bd4e50024','40',5,to_date('20-5月 -13','DD-MON-RR'),1,'Chrome');
Insert into   T_S_LOG (ID,USERID,LOGLEVEL,OPERATETIME,OPERATETYPE,BROSWER) values ('8a8a8a813ec14e83013ec15be05f0025',null,2,to_date('20-5月 -13','DD-MON-RR'),1,'Chrome');
Insert into   T_S_LOG (ID,USERID,LOGLEVEL,OPERATETIME,OPERATETYPE,BROSWER) values ('8a8a8a813ec14e83013ec15bfd4d0026','40',1,to_date('20-5月 -13','DD-MON-RR'),1,'Chrome');
Insert into   T_S_LOG (ID,USERID,LOGLEVEL,OPERATETIME,OPERATETYPE,BROSWER) values ('8a8a8a813ec15fed013ec16075480000','40',1,to_date('20-5月 -13','DD-MON-RR'),1,'Chrome');
Insert into   T_S_LOG (ID,USERID,LOGLEVEL,OPERATETIME,OPERATETYPE,BROSWER) values ('8a8a8a813ec162a2013ec1631b140000','40',1,to_date('20-5月 -13','DD-MON-RR'),1,'Chrome');
Insert into   T_S_LOG (ID,USERID,LOGLEVEL,OPERATETIME,OPERATETYPE,BROSWER) values ('8a8a8a813ec260fe013ec26352b10000','40',1,to_date('20-5月 -13','DD-MON-RR'),1,'Chrome');
Insert into   T_S_LOG (ID,USERID,LOGLEVEL,OPERATETIME,OPERATETYPE,BROSWER) values ('8a8a8a813ec276b3013ec277dcb00000','40',1,to_date('20-5月 -13','DD-MON-RR'),1,'Firefox');
Insert into   T_S_LOG (ID,USERID,LOGLEVEL,OPERATETIME,OPERATETYPE,BROSWER) values ('8a8a8a813ec29a08013ec29ac70b0000','40',1,to_date('20-5月 -13','DD-MON-RR'),1,'Chrome');
Insert into   T_S_LOG (ID,USERID,LOGLEVEL,OPERATETIME,OPERATETYPE,BROSWER) values ('8a8a8a813ec29a08013ec2a28bef0004','40',1,to_date('20-5月 -13','DD-MON-RR'),1,'Firefox');
Insert into   T_S_LOG (ID,USERID,LOGLEVEL,OPERATETIME,OPERATETYPE,BROSWER) values ('8a8a8a813ec7d5cd013ec7d6875c0000','40',1,to_date('22-5月 -13','DD-MON-RR'),1,'Chrome');
Insert into   T_S_LOG (ID,USERID,LOGLEVEL,OPERATETIME,OPERATETYPE,BROSWER) values ('8a8a8a813ed3f193013ed3f238e80000','40',1,to_date('24-5月 -13','DD-MON-RR'),1,'Chrome');
Insert into   T_S_LOG (ID,USERID,LOGLEVEL,OPERATETIME,OPERATETYPE,BROSWER) values ('8a8a8a813ed3f193013ed3f6ad590001','40',1,to_date('24-5月 -13','DD-MON-RR'),1,'MSIE 8.0');
Insert into   T_S_LOG (ID,USERID,LOGLEVEL,OPERATETIME,OPERATETYPE,BROSWER) values ('8a8a8a813ed3f193013ed3fc1a050003','40',5,to_date('24-5月 -13','DD-MON-RR'),1,'MSIE 8.0');
Insert into   T_S_LOG (ID,USERID,LOGLEVEL,OPERATETIME,OPERATETYPE,BROSWER) values ('8a8a8a813ed3f193013ed3fc80020005','40',5,to_date('24-5月 -13','DD-MON-RR'),1,'MSIE 8.0');
Insert into   T_S_LOG (ID,USERID,LOGLEVEL,OPERATETIME,OPERATETYPE,BROSWER) values ('8a8a8a813ed3f193013ed3fdcf950007','40',3,to_date('24-5月 -13','DD-MON-RR'),1,'MSIE 8.0');
Insert into   T_S_LOG (ID,USERID,LOGLEVEL,OPERATETIME,OPERATETYPE,BROSWER) values ('8a8a8a813ed3f193013ed3fe25c30021','40',3,to_date('24-5月 -13','DD-MON-RR'),1,'MSIE 8.0');
Insert into   T_S_LOG (ID,USERID,LOGLEVEL,OPERATETIME,OPERATETYPE,BROSWER) values ('8a8a8a813ed3f193013ed3fed6080023','40',3,to_date('24-5月 -13','DD-MON-RR'),1,'MSIE 8.0');
Insert into   T_S_LOG (ID,USERID,LOGLEVEL,OPERATETIME,OPERATETYPE,BROSWER) values ('8a8a8a813ed3f193013ed40213030025','40',3,to_date('24-5月 -13','DD-MON-RR'),1,'MSIE 8.0');
Insert into   T_S_LOG (ID,USERID,LOGLEVEL,OPERATETIME,OPERATETYPE,BROSWER) values ('8a8a8a813ed3f193013ed4022fe20026','40',5,to_date('24-5月 -13','DD-MON-RR'),1,'MSIE 8.0');
Insert into   T_S_LOG (ID,USERID,LOGLEVEL,OPERATETIME,OPERATETYPE,BROSWER) values ('8a8a8a813ed3f193013ed40264300028','40',3,to_date('24-5月 -13','DD-MON-RR'),1,'MSIE 8.0');
Insert into   T_S_LOG (ID,USERID,LOGLEVEL,OPERATETIME,OPERATETYPE,BROSWER) values ('8a8a8a813ed3f193013ed40276dd0029','40',4,to_date('24-5月 -13','DD-MON-RR'),1,'MSIE 8.0');
Insert into   T_S_LOG (ID,USERID,LOGLEVEL,OPERATETIME,OPERATETYPE,BROSWER) values ('8a8a8a813ed3f193013ed4085b69002c','40',3,to_date('24-5月 -13','DD-MON-RR'),1,'MSIE 8.0');
Insert into   T_S_LOG (ID,USERID,LOGLEVEL,OPERATETIME,OPERATETYPE,BROSWER) values ('8a8a8a813ed3f193013ed408f613002d','40',5,to_date('24-5月 -13','DD-MON-RR'),1,'MSIE 8.0');
Insert into   T_S_LOG (ID,USERID,LOGLEVEL,OPERATETIME,OPERATETYPE,BROSWER) values ('8a8a8a813ed3f193013ed40921f5002f','40',3,to_date('24-5月 -13','DD-MON-RR'),1,'MSIE 8.0');
Insert into   T_S_LOG (ID,USERID,LOGLEVEL,OPERATETIME,OPERATETYPE,BROSWER) values ('8a8a8a813ed3f193013ed4093a6f0030','40',4,to_date('24-5月 -13','DD-MON-RR'),1,'MSIE 8.0');
Insert into   T_S_LOG (ID,USERID,LOGLEVEL,OPERATETIME,OPERATETYPE,BROSWER) values ('8a8a8a813ed3f193013ed40947210031','40',4,to_date('24-5月 -13','DD-MON-RR'),1,'MSIE 8.0');
Insert into   T_S_LOG (ID,USERID,LOGLEVEL,OPERATETIME,OPERATETYPE,BROSWER) values ('8a8a8a813ed3f193013ed40f76bf0033','40',3,to_date('24-5月 -13','DD-MON-RR'),1,'MSIE 8.0');
Insert into   T_S_LOG (ID,USERID,LOGLEVEL,OPERATETIME,OPERATETYPE,BROSWER) values ('8a8a8a813ed3f193013ed40f899b0034','40',5,to_date('24-5月 -13','DD-MON-RR'),1,'MSIE 8.0');
Insert into   T_S_LOG (ID,USERID,LOGLEVEL,OPERATETIME,OPERATETYPE,BROSWER) values ('8a8a8a813ed3f193013ed410b6ff003a','40',3,to_date('24-5月 -13','DD-MON-RR'),1,'MSIE 8.0');
Insert into   T_S_LOG (ID,USERID,LOGLEVEL,OPERATETIME,OPERATETYPE,BROSWER) values ('8a8a8a813ed3f193013ed415cf13003f','40',4,to_date('24-5月 -13','DD-MON-RR'),1,'MSIE 8.0');
Insert into   T_S_LOG (ID,USERID,LOGLEVEL,OPERATETIME,OPERATETYPE,BROSWER) values ('8a8a8a813ed3f193013ed415d9250040','40',4,to_date('24-5月 -13','DD-MON-RR'),1,'MSIE 8.0');
Insert into   T_S_LOG (ID,USERID,LOGLEVEL,OPERATETIME,OPERATETYPE,BROSWER) values ('8a8a8a813ed3f193013ed419487b0045','40',1,to_date('24-5月 -13','DD-MON-RR'),1,'Chrome');
Insert into   T_S_LOG (ID,USERID,LOGLEVEL,OPERATETIME,OPERATETYPE,BROSWER) values ('8a8a8a813ed3f193013ed41fab3f004b','40',1,to_date('24-5月 -13','DD-MON-RR'),1,'MSIE 8.0');
Insert into   T_S_LOG (ID,USERID,LOGLEVEL,OPERATETIME,OPERATETYPE,BROSWER) values ('8a8a8a813ed59c7b013ed59dad400000','40',1,to_date('24-5月 -13','DD-MON-RR'),1,'Chrome');
Insert into   T_S_LOG (ID,USERID,LOGLEVEL,OPERATETIME,OPERATETYPE,BROSWER) values ('8a8a8a813ed59c7b013ed59e38c70001','40',4,to_date('24-5月 -13','DD-MON-RR'),1,'Chrome');
Insert into   T_S_LOG (ID,USERID,LOGLEVEL,OPERATETIME,OPERATETYPE,BROSWER) values ('8a8a8a813ed59c7b013ed59e43c30002','40',4,to_date('24-5月 -13','DD-MON-RR'),1,'Chrome');
Insert into   T_S_LOG (ID,USERID,LOGLEVEL,OPERATETIME,OPERATETYPE,BROSWER) values ('8a8a8a813ed59c7b013ed59e4cdc0003','40',4,to_date('24-5月 -13','DD-MON-RR'),1,'Chrome');
Insert into   T_S_LOG (ID,USERID,LOGLEVEL,OPERATETIME,OPERATETYPE,BROSWER) values ('8a8a8a813ed59c7b013ed59e7f650004','40',4,to_date('24-5月 -13','DD-MON-RR'),1,'Chrome');
Insert into   T_S_LOG (ID,USERID,LOGLEVEL,OPERATETIME,OPERATETYPE,BROSWER) values ('8a8a8a813ed59c7b013ed5a018c20006','40',3,to_date('24-5月 -13','DD-MON-RR'),1,'Chrome');
Insert into   T_S_LOG (ID,USERID,LOGLEVEL,OPERATETIME,OPERATETYPE,BROSWER) values ('8a8a8a813ed59c7b013ed5a03bfa0007','40',4,to_date('24-5月 -13','DD-MON-RR'),1,'Chrome');
Insert into   T_S_LOG (ID,USERID,LOGLEVEL,OPERATETIME,OPERATETYPE,BROSWER) values ('8a8a8a813ed59c7b013ed5a452f90008','40',4,to_date('24-5月 -13','DD-MON-RR'),1,'Chrome');
Insert into   T_S_LOG (ID,USERID,LOGLEVEL,OPERATETIME,OPERATETYPE,BROSWER) values ('8a8a8a813ed59c7b013ed5a47f770009','40',4,to_date('24-5月 -13','DD-MON-RR'),1,'Chrome');
Insert into   T_S_LOG (ID,USERID,LOGLEVEL,OPERATETIME,OPERATETYPE,BROSWER) values ('8a8a8a813ed59c7b013ed5a6cf05000a','40',4,to_date('24-5月 -13','DD-MON-RR'),1,'Chrome');
Insert into   T_S_LOG (ID,USERID,LOGLEVEL,OPERATETIME,OPERATETYPE,BROSWER) values ('8a8a8a813ed5a7ce013ed5a819670000','40',1,to_date('24-5月 -13','DD-MON-RR'),1,'Chrome');
Insert into   T_S_LOG (ID,USERID,LOGLEVEL,OPERATETIME,OPERATETYPE,BROSWER) values ('8a8a8a813ed5a7ce013ed5a874e50002','40',3,to_date('24-5月 -13','DD-MON-RR'),1,'Chrome');
Insert into   T_S_LOG (ID,USERID,LOGLEVEL,OPERATETIME,OPERATETYPE,BROSWER) values ('8a8a8a813ed5a7ce013ed5a88ec60004','40',3,to_date('24-5月 -13','DD-MON-RR'),1,'Chrome');
Insert into   T_S_LOG (ID,USERID,LOGLEVEL,OPERATETIME,OPERATETYPE,BROSWER) values ('8a8a8a813ed5a7ce013ed5a8a9430006','40',3,to_date('24-5月 -13','DD-MON-RR'),1,'Chrome');
Insert into   T_S_LOG (ID,USERID,LOGLEVEL,OPERATETIME,OPERATETYPE,BROSWER) values ('8a8a8a813ed5a7ce013ed5a8cd270008','40',3,to_date('24-5月 -13','DD-MON-RR'),1,'Chrome');
Insert into   T_S_LOG (ID,USERID,LOGLEVEL,OPERATETIME,OPERATETYPE,BROSWER) values ('8a8a8a813ed5a7ce013ed5a8e7e20009','40',4,to_date('24-5月 -13','DD-MON-RR'),1,'Chrome');
Insert into   T_S_LOG (ID,USERID,LOGLEVEL,OPERATETIME,OPERATETYPE,BROSWER) values ('8a8a8a813ed5adee013ed5ae2ca40000','40',1,to_date('24-5月 -13','DD-MON-RR'),1,'Chrome');
Insert into   T_S_LOG (ID,USERID,LOGLEVEL,OPERATETIME,OPERATETYPE,BROSWER) values ('8a8a8a813ed5adee013ed5ae79f90002','40',3,to_date('24-5月 -13','DD-MON-RR'),1,'Chrome');
Insert into   T_S_LOG (ID,USERID,LOGLEVEL,OPERATETIME,OPERATETYPE,BROSWER) values ('8a8a8a813ed5adee013ed5ae99870003','40',4,to_date('24-5月 -13','DD-MON-RR'),1,'Chrome');
Insert into   T_S_LOG (ID,USERID,LOGLEVEL,OPERATETIME,OPERATETYPE,BROSWER) values ('8a8a8a813ed5b47e013ed5b4ca2f0000','40',1,to_date('24-5月 -13','DD-MON-RR'),1,'Chrome');
Insert into   T_S_LOG (ID,USERID,LOGLEVEL,OPERATETIME,OPERATETYPE,BROSWER) values ('8a8a8a813ed5b47e013ed5b5114a0002','40',3,to_date('24-5月 -13','DD-MON-RR'),1,'Chrome');
Insert into   T_S_LOG (ID,USERID,LOGLEVEL,OPERATETIME,OPERATETYPE,BROSWER) values ('8a8a8a813ed5b47e013ed5b524070003','40',4,to_date('24-5月 -13','DD-MON-RR'),1,'Chrome');
Insert into   T_S_LOG (ID,USERID,LOGLEVEL,OPERATETIME,OPERATETYPE,BROSWER) values ('8a8a8a813ed5b47e013ed5b5715b0005','40',3,to_date('24-5月 -13','DD-MON-RR'),1,'Chrome');
Insert into   T_S_LOG (ID,USERID,LOGLEVEL,OPERATETIME,OPERATETYPE,BROSWER) values ('8a8a8a813ed5b47e013ed5b62c3f0006','40',4,to_date('24-5月 -13','DD-MON-RR'),1,'Chrome');
Insert into   T_S_LOG (ID,USERID,LOGLEVEL,OPERATETIME,OPERATETYPE,BROSWER) values ('8a8a8a813ed5b47e013ed5b7ac190008','40',3,to_date('24-5月 -13','DD-MON-RR'),1,'Chrome');
Insert into   T_S_LOG (ID,USERID,LOGLEVEL,OPERATETIME,OPERATETYPE,BROSWER) values ('8a8a8a813ed5b47e013ed5b7cb0b0009','40',4,to_date('24-5月 -13','DD-MON-RR'),1,'Chrome');
Insert into   T_S_LOG (ID,USERID,LOGLEVEL,OPERATETIME,OPERATETYPE,BROSWER) values ('8a8a8a813ed5b9bb013ed5ba19600000','40',1,to_date('24-5月 -13','DD-MON-RR'),1,'Chrome');
Insert into   T_S_LOG (ID,USERID,LOGLEVEL,OPERATETIME,OPERATETYPE,BROSWER) values ('8a8a8a813ed5b9bb013ed5ba5bd70002','40',3,to_date('24-5月 -13','DD-MON-RR'),1,'Chrome');
Insert into   T_S_LOG (ID,USERID,LOGLEVEL,OPERATETIME,OPERATETYPE,BROSWER) values ('8a8a8a813ed5b9bb013ed5ba8c9c0003','40',4,to_date('24-5月 -13','DD-MON-RR'),1,'Chrome');
Insert into   T_S_LOG (ID,USERID,LOGLEVEL,OPERATETIME,OPERATETYPE,BROSWER) values ('8a8a8a813ed5b9bb013ed5bae3280005','40',3,to_date('24-5月 -13','DD-MON-RR'),1,'Chrome');
Insert into   T_S_LOG (ID,USERID,LOGLEVEL,OPERATETIME,OPERATETYPE,BROSWER) values ('8a8a8a813ed5b9bb013ed5bb7d450006','40',4,to_date('24-5月 -13','DD-MON-RR'),1,'Chrome');
Insert into   T_S_LOG (ID,USERID,LOGLEVEL,OPERATETIME,OPERATETYPE,BROSWER) values ('8a8a8a813ed5bcf9013ed5bd3cb80000','40',1,to_date('24-5月 -13','DD-MON-RR'),1,'Chrome');
Insert into   T_S_LOG (ID,USERID,LOGLEVEL,OPERATETIME,OPERATETYPE,BROSWER) values ('8a8a8a813ed5bcf9013ed5bd8ceb0002','40',3,to_date('24-5月 -13','DD-MON-RR'),1,'Chrome');
Insert into   T_S_LOG (ID,USERID,LOGLEVEL,OPERATETIME,OPERATETYPE,BROSWER) values ('8a8a8a813ed5bcf9013ed5bdd7620003','40',4,to_date('24-5月 -13','DD-MON-RR'),1,'Chrome');
Insert into   T_S_LOG (ID,USERID,LOGLEVEL,OPERATETIME,OPERATETYPE,BROSWER) values ('8a8a8a813ed5bcf9013ed5bf356b0005','40',3,to_date('24-5月 -13','DD-MON-RR'),1,'Chrome');
Insert into   T_S_LOG (ID,USERID,LOGLEVEL,OPERATETIME,OPERATETYPE,BROSWER) values ('8a8a8a813ed5bcf9013ed5bf5f880006','40',4,to_date('24-5月 -13','DD-MON-RR'),1,'Chrome');
Insert into   T_S_LOG (ID,USERID,LOGLEVEL,OPERATETIME,OPERATETYPE,BROSWER) values ('8a8a8a813ed5c31c013ed5c35bcc0000','40',1,to_date('24-5月 -13','DD-MON-RR'),1,'Chrome');
Insert into   T_S_LOG (ID,USERID,LOGLEVEL,OPERATETIME,OPERATETYPE,BROSWER) values ('8a8a8a813ed5c31c013ed5c3bda30002','40',3,to_date('24-5月 -13','DD-MON-RR'),1,'Chrome');
Insert into   T_S_LOG (ID,USERID,LOGLEVEL,OPERATETIME,OPERATETYPE,BROSWER) values ('8a8a8a813ed5c31c013ed5c40ccc0003','40',4,to_date('24-5月 -13','DD-MON-RR'),1,'Chrome');
Insert into   T_S_LOG (ID,USERID,LOGLEVEL,OPERATETIME,OPERATETYPE,BROSWER) values ('8a8a8a813ed5c31c013ed5c55df50005','40',3,to_date('24-5月 -13','DD-MON-RR'),1,'Chrome');
Insert into   T_S_LOG (ID,USERID,LOGLEVEL,OPERATETIME,OPERATETYPE,BROSWER) values ('8a8a8a813ed5c31c013ed5c585910007','40',3,to_date('24-5月 -13','DD-MON-RR'),1,'Chrome');
Insert into   T_S_LOG (ID,USERID,LOGLEVEL,OPERATETIME,OPERATETYPE,BROSWER) values ('8a8a8a813ed5c31c013ed5c5b2ac0009','40',3,to_date('24-5月 -13','DD-MON-RR'),1,'Chrome');
Insert into   T_S_LOG (ID,USERID,LOGLEVEL,OPERATETIME,OPERATETYPE,BROSWER) values ('8a8a8a813ed5c31c013ed5c5c634000a','40',4,to_date('24-5月 -13','DD-MON-RR'),1,'Chrome');
Insert into   T_S_LOG (ID,USERID,LOGLEVEL,OPERATETIME,OPERATETYPE,BROSWER) values ('8a8a8a813ed5c31c013ed5c72835000c','40',3,to_date('24-5月 -13','DD-MON-RR'),1,'Chrome');
Insert into   T_S_LOG (ID,USERID,LOGLEVEL,OPERATETIME,OPERATETYPE,BROSWER) values ('8a8a8a813ed5c31c013ed5c73322000d','40',4,to_date('24-5月 -13','DD-MON-RR'),1,'Chrome');
Insert into   T_S_LOG (ID,USERID,LOGLEVEL,OPERATETIME,OPERATETYPE,BROSWER) values ('8a8a8a813ed5c31c013ed5c73bcd000e','40',4,to_date('24-5月 -13','DD-MON-RR'),1,'Chrome');
Insert into   T_S_LOG (ID,USERID,LOGLEVEL,OPERATETIME,OPERATETYPE,BROSWER) values ('8a8a8a813ed5c31c013ed5c7561b000f','40',4,to_date('24-5月 -13','DD-MON-RR'),1,'Chrome');
Insert into   T_S_LOG (ID,USERID,LOGLEVEL,OPERATETIME,OPERATETYPE,BROSWER) values ('8a8a8a813ed5c31c013ed5c7b5040011','40',3,to_date('24-5月 -13','DD-MON-RR'),1,'Chrome');
Insert into   T_S_LOG (ID,USERID,LOGLEVEL,OPERATETIME,OPERATETYPE,BROSWER) values ('8a8a8a813ed5c31c013ed5c892f10012','40',4,to_date('24-5月 -13','DD-MON-RR'),1,'Chrome');
Insert into   T_S_LOG (ID,USERID,LOGLEVEL,OPERATETIME,OPERATETYPE,BROSWER) values ('8a8a8a813ed5c31c013ed5cb66160014','40',3,to_date('24-5月 -13','DD-MON-RR'),1,'Chrome');
Insert into   T_S_LOG (ID,USERID,LOGLEVEL,OPERATETIME,OPERATETYPE,BROSWER) values ('8a8a8a813ed5c31c013ed5cb8b320015','40',4,to_date('24-5月 -13','DD-MON-RR'),1,'Chrome');
Insert into   T_S_LOG (ID,USERID,LOGLEVEL,OPERATETIME,OPERATETYPE,BROSWER) values ('8a8a8a813ed5c31c013ed5cc4c6e0017','40',3,to_date('24-5月 -13','DD-MON-RR'),1,'Chrome');
Insert into   T_S_LOG (ID,USERID,LOGLEVEL,OPERATETIME,OPERATETYPE,BROSWER) values ('8a8a8a813ed5c31c013ed5cc60060018','40',4,to_date('24-5月 -13','DD-MON-RR'),1,'Chrome');
Insert into   T_S_LOG (ID,USERID,LOGLEVEL,OPERATETIME,OPERATETYPE,BROSWER) values ('8a8a8a813ed6fe6d013ed6fedff40000','40',1,to_date('24-5月 -13','DD-MON-RR'),1,'Chrome');
Insert into   T_S_LOG (ID,USERID,LOGLEVEL,OPERATETIME,OPERATETYPE,BROSWER) values ('8a8a8a813ed6fe6d013ed70037e30002','40',3,to_date('24-5月 -13','DD-MON-RR'),1,'Chrome');
Insert into   T_S_LOG (ID,USERID,LOGLEVEL,OPERATETIME,OPERATETYPE,BROSWER) values ('8a8a8a813ed6fe6d013ed7008b90001c',null,2,to_date('24-5月 -13','DD-MON-RR'),1,'Chrome');
Insert into   T_S_LOG (ID,USERID,LOGLEVEL,OPERATETIME,OPERATETYPE,BROSWER) values ('8a8a8a813ed6fe6d013ed700b03f001d','40',1,to_date('24-5月 -13','DD-MON-RR'),1,'MSIE 8.0');
Insert into   T_S_LOG (ID,USERID,LOGLEVEL,OPERATETIME,OPERATETYPE,BROSWER) values ('8a8a8a813ed6fe6d013ed700bd20001e','40',1,to_date('24-5月 -13','DD-MON-RR'),1,'Chrome');
Insert into   T_S_LOG (ID,USERID,LOGLEVEL,OPERATETIME,OPERATETYPE,BROSWER) values ('8a8a8a813ed6fe6d013ed701111c0020','40',3,to_date('24-5月 -13','DD-MON-RR'),1,'Chrome');
Insert into   T_S_LOG (ID,USERID,LOGLEVEL,OPERATETIME,OPERATETYPE,BROSWER) values ('8a8a8a813ed6fe6d013ed7011f930021','40',5,to_date('24-5月 -13','DD-MON-RR'),1,'Chrome');
Insert into   T_S_LOG (ID,USERID,LOGLEVEL,OPERATETIME,OPERATETYPE,BROSWER) values ('8a8a8a813ed6fe6d013ed70127c10022','40',4,to_date('24-5月 -13','DD-MON-RR'),1,'Chrome');
Insert into   T_S_LOG (ID,USERID,LOGLEVEL,OPERATETIME,OPERATETYPE,BROSWER) values ('8a8a8a813ed72ff9013ed73082bd0000','40',1,to_date('24-5月 -13','DD-MON-RR'),1,'Chrome');
Insert into   T_S_LOG (ID,USERID,LOGLEVEL,OPERATETIME,OPERATETYPE,BROSWER) values ('8a8a8a813ed72ff9013ed730ad480001','40',4,to_date('24-5月 -13','DD-MON-RR'),1,'Chrome');
Insert into   T_S_LOG (ID,USERID,LOGLEVEL,OPERATETIME,OPERATETYPE,BROSWER) values ('8a8a8a813ed72ff9013ed730f4630003','40',3,to_date('24-5月 -13','DD-MON-RR'),1,'Chrome');
Insert into   T_S_LOG (ID,USERID,LOGLEVEL,OPERATETIME,OPERATETYPE,BROSWER) values ('8a8a8a813ed72ff9013ed7356d970005','40',3,to_date('24-5月 -13','DD-MON-RR'),1,'Chrome');
Insert into   T_S_LOG (ID,USERID,LOGLEVEL,OPERATETIME,OPERATETYPE,BROSWER) values ('8a8a8a813ed72ff9013ed735b1b40006','40',1,to_date('24-5月 -13','DD-MON-RR'),1,'MSIE 8.0');
Insert into   T_S_LOG (ID,USERID,LOGLEVEL,OPERATETIME,OPERATETYPE,BROSWER) values ('8a8a8a813ed72ff9013ed735e6900007','40',5,to_date('24-5月 -13','DD-MON-RR'),1,'MSIE 8.0');
Insert into   T_S_LOG (ID,USERID,LOGLEVEL,OPERATETIME,OPERATETYPE,BROSWER) values ('8a8a8a813ed72ff9013ed73636e20009','40',3,to_date('24-5月 -13','DD-MON-RR'),1,'MSIE 8.0');
Insert into   T_S_LOG (ID,USERID,LOGLEVEL,OPERATETIME,OPERATETYPE,BROSWER) values ('8a8a8a813ed72ff9013ed737929a000a','40',5,to_date('24-5月 -13','DD-MON-RR'),1,'MSIE 8.0');
Insert into   T_S_LOG (ID,USERID,LOGLEVEL,OPERATETIME,OPERATETYPE,BROSWER) values ('8a8a8a813ed98aa8013ed98b339e0000','40',1,to_date('25-5月 -13','DD-MON-RR'),1,'Chrome');
Insert into   T_S_LOG (ID,USERID,LOGLEVEL,OPERATETIME,OPERATETYPE,BROSWER) values ('8a8a8a813ed999e7013ed99a77f20000','40',1,to_date('25-5月 -13','DD-MON-RR'),1,'Chrome');
Insert into   T_S_LOG (ID,USERID,LOGLEVEL,OPERATETIME,OPERATETYPE,BROSWER) values ('8a8a8a813ed999e7013ed99b03590002','40',3,to_date('25-5月 -13','DD-MON-RR'),1,'Chrome');
Insert into   T_S_LOG (ID,USERID,LOGLEVEL,OPERATETIME,OPERATETYPE,BROSWER) values ('8a8a8a813ed9aa76013ed9ac73850000','40',1,to_date('25-5月 -13','DD-MON-RR'),1,'Chrome');
Insert into   T_S_LOG (ID,USERID,LOGLEVEL,OPERATETIME,OPERATETYPE,BROSWER) values ('8a8a8a813ed9b4bd013ed9b51d2c0000','40',1,to_date('25-5月 -13','DD-MON-RR'),1,'Chrome');
Insert into   T_S_LOG (ID,USERID,LOGLEVEL,OPERATETIME,OPERATETYPE,BROSWER) values ('8a8a8a813ed9b4bd013ed9b55bac0002','40',3,to_date('25-5月 -13','DD-MON-RR'),1,'Chrome');
Insert into   T_S_LOG (ID,USERID,LOGLEVEL,OPERATETIME,OPERATETYPE,BROSWER) values ('8a8a8a813edbaad0013edbad44960000','40',1,to_date('25-5月 -13','DD-MON-RR'),1,'Chrome');
Insert into   T_S_LOG (ID,USERID,LOGLEVEL,OPERATETIME,OPERATETYPE,BROSWER) values ('8a8a8a813edea696013edea721c20000','40',1,to_date('26-5月 -13','DD-MON-RR'),1,'Chrome');
Insert into   T_S_LOG (ID,USERID,LOGLEVEL,OPERATETIME,OPERATETYPE,BROSWER) values ('8a8a8a813edea696013edea7ca180001','40',5,to_date('26-5月 -13','DD-MON-RR'),1,'Chrome');
Insert into   T_S_LOG (ID,USERID,LOGLEVEL,OPERATETIME,OPERATETYPE,BROSWER) values ('8a8a8a813edea696013edea7f1660003','40',5,to_date('26-5月 -13','DD-MON-RR'),1,'Chrome');
Insert into   T_S_LOG (ID,USERID,LOGLEVEL,OPERATETIME,OPERATETYPE,BROSWER) values ('8a8a8a813edea696013edea85a710004',null,2,to_date('26-5月 -13','DD-MON-RR'),1,'Chrome');
Insert into   T_S_LOG (ID,USERID,LOGLEVEL,OPERATETIME,OPERATETYPE,BROSWER) values ('8a8a8a813edea696013edea877210005','40',1,to_date('26-5月 -13','DD-MON-RR'),1,'Chrome');
Insert into   T_S_LOG (ID,USERID,LOGLEVEL,OPERATETIME,OPERATETYPE,BROSWER) values ('8a8a8a813edea696013edea93c260006','40',4,to_date('26-5月 -13','DD-MON-RR'),1,'Chrome');
Insert into   T_S_LOG (ID,USERID,LOGLEVEL,OPERATETIME,OPERATETYPE,BROSWER) values ('8a8a8a813edeb3dd013edeb476990000','40',1,to_date('26-5月 -13','DD-MON-RR'),1,'Chrome');
Insert into   T_S_LOG (ID,USERID,LOGLEVEL,OPERATETIME,OPERATETYPE,BROSWER) values ('8a8a8a813edebf47013edebfb5810000','40',1,to_date('26-5月 -13','DD-MON-RR'),1,'Chrome');
Insert into   T_S_LOG (ID,USERID,LOGLEVEL,OPERATETIME,OPERATETYPE,BROSWER) values ('8a8a8a813edec191013edec1ef160000','40',1,to_date('26-5月 -13','DD-MON-RR'),1,'Chrome');
Insert into   T_S_LOG (ID,USERID,LOGLEVEL,OPERATETIME,OPERATETYPE,BROSWER) values ('8a8a8a813edec380013edec3dad90000',null,2,to_date('26-5月 -13','DD-MON-RR'),1,'Chrome');
Insert into   T_S_LOG (ID,USERID,LOGLEVEL,OPERATETIME,OPERATETYPE,BROSWER) values ('8a8a8a813edec380013edec403ec0001','40',1,to_date('26-5月 -13','DD-MON-RR'),1,'Chrome');
Insert into   T_S_LOG (ID,USERID,LOGLEVEL,OPERATETIME,OPERATETYPE,BROSWER) values ('8a8a8a813edec560013edec5d2340000','40',1,to_date('26-5月 -13','DD-MON-RR'),1,'Chrome');
Insert into   T_S_LOG (ID,USERID,LOGLEVEL,OPERATETIME,OPERATETYPE,BROSWER) values ('8a8a8a813eded01e013eded0912e0000','40',1,to_date('26-5月 -13','DD-MON-RR'),1,'Chrome');
Insert into   T_S_LOG (ID,USERID,LOGLEVEL,OPERATETIME,OPERATETYPE,BROSWER) values ('8a8a8a813eded51c013eded58d1f0000','40',1,to_date('26-5月 -13','DD-MON-RR'),1,'Chrome');
Insert into   T_S_LOG (ID,USERID,LOGLEVEL,OPERATETIME,OPERATETYPE,BROSWER) values ('8a8a8a813eded8ad013eded915c80000','40',1,to_date('26-5月 -13','DD-MON-RR'),1,'Chrome');
Insert into   T_S_LOG (ID,USERID,LOGLEVEL,OPERATETIME,OPERATETYPE,BROSWER) values ('8a8a8a813edee13a013edee19f250000','40',1,to_date('26-5月 -13','DD-MON-RR'),1,'Chrome');
Insert into   T_S_LOG (ID,USERID,LOGLEVEL,OPERATETIME,OPERATETYPE,BROSWER) values ('8a8a8a813edeea06013edeea78770000','40',1,to_date('26-5月 -13','DD-MON-RR'),1,'Chrome');
Insert into   T_S_LOG (ID,USERID,LOGLEVEL,OPERATETIME,OPERATETYPE,BROSWER) values ('8a8a8a813edeee60013edeeeda6a0000','40',1,to_date('26-5月 -13','DD-MON-RR'),1,'Chrome');
Insert into   T_S_LOG (ID,USERID,LOGLEVEL,OPERATETIME,OPERATETYPE,BROSWER) values ('8ab1c1153ee9bd4c013ee9beea320000','40',1,to_date('28-5月 -13','DD-MON-RR'),1,'Chrome');
Insert into   T_S_LOG (ID,USERID,LOGLEVEL,OPERATETIME,OPERATETYPE,BROSWER) values ('8ab1c1153ee9bd4c013ee9bfa45a0004','40',3,to_date('28-5月 -13','DD-MON-RR'),1,'Chrome');
Insert into   T_S_LOG (ID,USERID,LOGLEVEL,OPERATETIME,OPERATETYPE,BROSWER) values ('8ab1c1153ee9bd4c013ee9c2e0f7000b','40',3,to_date('28-5月 -13','DD-MON-RR'),1,'Chrome');
Insert into   T_S_LOG (ID,USERID,LOGLEVEL,OPERATETIME,OPERATETYPE,BROSWER) values ('8ab1c1153ee9bd4c013ee9c39bdb0011','40',3,to_date('28-5月 -13','DD-MON-RR'),1,'Chrome');
Insert into   T_S_LOG (ID,USERID,LOGLEVEL,OPERATETIME,OPERATETYPE,BROSWER) values ('8ab1c1153ee9bd4c013ee9c58a5c0012','40',4,to_date('28-5月 -13','DD-MON-RR'),1,'Chrome');
Insert into   T_S_LOG (ID,USERID,LOGLEVEL,OPERATETIME,OPERATETYPE,BROSWER) values ('8ab1c1153ee9d620013ee9d69edc0000','40',1,to_date('28-5月 -13','DD-MON-RR'),1,'Chrome');
Insert into   T_S_LOG (ID,USERID,LOGLEVEL,OPERATETIME,OPERATETYPE,BROSWER) values ('8ab1c1153ee9d620013ee9d7269a0002','40',3,to_date('28-5月 -13','DD-MON-RR'),1,'Chrome');
Insert into   T_S_LOG (ID,USERID,LOGLEVEL,OPERATETIME,OPERATETYPE,BROSWER) values ('8ab1c1153ee9d620013ee9d7400d0003','40',5,to_date('28-5月 -13','DD-MON-RR'),1,'Chrome');
Insert into   T_S_LOG (ID,USERID,LOGLEVEL,OPERATETIME,OPERATETYPE,BROSWER) values ('8ab1c1153ee9d620013ee9d74ea40004','40',4,to_date('28-5月 -13','DD-MON-RR'),1,'Chrome');
Insert into   T_S_LOG (ID,USERID,LOGLEVEL,OPERATETIME,OPERATETYPE,BROSWER) values ('8ab1c1153ee9df5a013ee9e0b7260000','40',1,to_date('28-5月 -13','DD-MON-RR'),1,'Firefox');
Insert into   T_S_LOG (ID,USERID,LOGLEVEL,OPERATETIME,OPERATETYPE,BROSWER) values ('8ab1c1153ee9df5a013ee9e154dd0006','40',3,to_date('28-5月 -13','DD-MON-RR'),1,'Firefox');
Insert into   T_S_LOG (ID,USERID,LOGLEVEL,OPERATETIME,OPERATETYPE,BROSWER) values ('8ab1c1153ee9df5a013ee9e1c2f80008','40',3,to_date('28-5月 -13','DD-MON-RR'),1,'Firefox');
Insert into   T_S_LOG (ID,USERID,LOGLEVEL,OPERATETIME,OPERATETYPE,BROSWER) values ('8ab1c1153ee9df5a013ee9e4d067000a','40',3,to_date('28-5月 -13','DD-MON-RR'),1,'Firefox');
Insert into   T_S_LOG (ID,USERID,LOGLEVEL,OPERATETIME,OPERATETYPE,BROSWER) values ('8ab1e1fd3eeef911013eeefa6a6d0000','40',1,to_date('29-5月 -13','DD-MON-RR'),1,'Chrome');
Insert into   T_S_LOG (ID,USERID,LOGLEVEL,OPERATETIME,OPERATETYPE,BROSWER) values ('8ab595853ec9e326013ec9e3eea80000','40',1,to_date('22-5月 -13','DD-MON-RR'),1,'Chrome');
Insert into   T_S_LOG (ID,USERID,LOGLEVEL,OPERATETIME,OPERATETYPE,BROSWER) values ('8ab76f963ed5db16013ed5dccac80000','40',1,to_date('24-5月 -13','DD-MON-RR'),1,'Chrome');
Insert into   T_S_LOG (ID,USERID,LOGLEVEL,OPERATETIME,OPERATETYPE,BROSWER) values ('8ab76f963ed5db16013ed5dd4fa80002','40',3,to_date('24-5月 -13','DD-MON-RR'),1,'Chrome');
Insert into   T_S_LOG (ID,USERID,LOGLEVEL,OPERATETIME,OPERATETYPE,BROSWER) values ('8ab76f963ed5db16013ed5ddc4990004','40',3,to_date('24-5月 -13','DD-MON-RR'),1,'Chrome');
Insert into   T_S_LOG (ID,USERID,LOGLEVEL,OPERATETIME,OPERATETYPE,BROSWER) values ('8ab76f963ed5db16013ed5dde60c0005','40',4,to_date('24-5月 -13','DD-MON-RR'),1,'Chrome');
Insert into   T_S_LOG (ID,USERID,LOGLEVEL,OPERATETIME,OPERATETYPE,BROSWER) values ('8ab76f963ed5db16013ed5ddf1a50006','40',4,to_date('24-5月 -13','DD-MON-RR'),1,'Chrome');
REM INSERTING into   T_S_OPERATION
SET DEFINE OFF;
Insert into   T_S_OPERATION (ID,ICONID,FUNCTIONID,OPERATIONNAME,OPERATIONCODE,OPERATIONICON,STATUS) values ('8a8a8a813e62a855013e62e3204a0001','402881763a019ea9013a01adcf29000f','40284b813d1becf1013d1bf26afd0001','录入','add',null,null);
Insert into   T_S_OPERATION (ID,ICONID,FUNCTIONID,OPERATIONNAME,OPERATIONCODE,OPERATIONICON,STATUS) values ('8a8a8a813e62a855013e62e355540003','402881763a019ea9013a01adcf29000f','40284b813d1becf1013d1bf26afd0001','编辑','edit',null,null);
Insert into   T_S_OPERATION (ID,ICONID,FUNCTIONID,OPERATIONNAME,OPERATIONCODE,OPERATIONICON,STATUS) values ('8a8a8a813e62a855013e62e3806b0005','402881763a019ea9013a01adcf29000f','40284b813d1becf1013d1bf26afd0001','删除','del',null,null);
Insert into   T_S_OPERATION (ID,ICONID,FUNCTIONID,OPERATIONNAME,OPERATIONCODE,OPERATIONICON,STATUS) values ('8a8a8a813e62a855013e62e3f7320007','402881763a019ea9013a01adcf29000f','40284b813d1becf1013d1bf26afd0001','审核','szqm',null,null);
REM INSERTING into   T_S_ROLE
SET DEFINE OFF;
Insert into   T_S_ROLE (ID,ROLENAME,ROLECODE) values ('30','管理员','admin');
Insert into   T_S_ROLE (ID,ROLENAME,ROLECODE) values ('402881e53c7f0dde013c7f2935da0004','普通用户','manager');
REM INSERTING into   T_S_ROLE_FUNCTION
SET DEFINE OFF;
Insert into   T_S_ROLE_FUNCTION (ID,ROLEID,FUNCTIONID,OPERATION) values ('8a890ffd3eee992c013eee9c85ce0001','30','28',null);
Insert into   T_S_ROLE_FUNCTION (ID,ROLEID,FUNCTIONID,OPERATION) values ('8a890ffd3eee992c013eee9c85ce0002','30','30',null);
Insert into   T_S_ROLE_FUNCTION (ID,ROLEID,FUNCTIONID,OPERATION) values ('8a890ffd3eee992c013eee9c85ce0003','30','31',null);
Insert into   T_S_ROLE_FUNCTION (ID,ROLEID,FUNCTIONID,OPERATION) values ('8a890ffd3eee992c013eee9c85ce0004','30','49',null);
Insert into   T_S_ROLE_FUNCTION (ID,ROLEID,FUNCTIONID,OPERATION) values ('8a890ffd3eee992c013eee9c85ce0005','30','80',null);
Insert into   T_S_ROLE_FUNCTION (ID,ROLEID,FUNCTIONID,OPERATION) values ('8a890ffd3eee992c013eee9c85ce0006','30','8a8a8a813e63303d013e6331c9ae0001',null);
Insert into   T_S_ROLE_FUNCTION (ID,ROLEID,FUNCTIONID,OPERATION) values ('8a890ffd3eee992c013eee9c85ce0007','30','8a8a8a813e63303d013e63322c8e0003',null);
Insert into   T_S_ROLE_FUNCTION (ID,ROLEID,FUNCTIONID,OPERATION) values ('8a890ffd3eee992c013eee9c85ce0008','30','402881e53c8adce5013c8b000beb0003',null);
Insert into   T_S_ROLE_FUNCTION (ID,ROLEID,FUNCTIONID,OPERATION) values ('8a890ffd3eee992c013eee9c85ce0009','30','297e5a493d39e132013d39e316050001',null);
Insert into   T_S_ROLE_FUNCTION (ID,ROLEID,FUNCTIONID,OPERATION) values ('8a890ffd3eee992c013eee9c85ce000a','30','297e5a493d8d8e26013d8d90de950001',null);
Insert into   T_S_ROLE_FUNCTION (ID,ROLEID,FUNCTIONID,OPERATION) values ('8a890ffd3eee992c013eee9c85ce000b','30','297e5a493da1e22b013da1e75dec0001',null);
Insert into   T_S_ROLE_FUNCTION (ID,ROLEID,FUNCTIONID,OPERATION) values ('8a890ffd3eee992c013eee9c85ce000c','30','40284b813d1becf1013d1bf26afd0001','add,del,');
Insert into   T_S_ROLE_FUNCTION (ID,ROLEID,FUNCTIONID,OPERATION) values ('8a890ffd3eee992c013eee9c85ce000d','30','40284b813d1fa3a8013d1fab697b0001',null);
Insert into   T_S_ROLE_FUNCTION (ID,ROLEID,FUNCTIONID,OPERATION) values ('8a890ffd3eee992c013eee9c85ce000e','30','40284b813d1fb07f013d1fb2df360001',null);
Insert into   T_S_ROLE_FUNCTION (ID,ROLEID,FUNCTIONID,OPERATION) values ('8a890ffd3eee992c013eee9c85ce000f','30','402881e93cb3f340013cb3f93e9a0070',null);
Insert into   T_S_ROLE_FUNCTION (ID,ROLEID,FUNCTIONID,OPERATION) values ('8a890ffd3eee992c013eee9c85ce0010','30','4028abee3e6b42b2013e6b4a4af40001',null);
Insert into   T_S_ROLE_FUNCTION (ID,ROLEID,FUNCTIONID,OPERATION) values ('8a890ffd3eee992c013eee9c85ce0011','30','8a8a8a813ea8afbf013ea8b6e4360002',null);
Insert into   T_S_ROLE_FUNCTION (ID,ROLEID,FUNCTIONID,OPERATION) values ('8a890ffd3eee992c013eee9c85ce0012','30','8a8a8a813ec14e83013ec157ea940001',null);
Insert into   T_S_ROLE_FUNCTION (ID,ROLEID,FUNCTIONID,OPERATION) values ('8a890ffd3eee992c013eee9c85ce0013','30','402881e53c996700013c9967f0320001',null);
Insert into   T_S_ROLE_FUNCTION (ID,ROLEID,FUNCTIONID,OPERATION) values ('8a890ffd3eee992c013eee9c85ce0014','30','71',null);
Insert into   T_S_ROLE_FUNCTION (ID,ROLEID,FUNCTIONID,OPERATION) values ('8a890ffd3eee992c013eee9c85ce0015','30','27',null);
Insert into   T_S_ROLE_FUNCTION (ID,ROLEID,FUNCTIONID,OPERATION) values ('8a890ffd3eee992c013eee9c85dd0016','30','402881e53c8589f7013c85afc393000b',null);
Insert into   T_S_ROLE_FUNCTION (ID,ROLEID,FUNCTIONID,OPERATION) values ('8a890ffd3eee992c013eee9c85dd0017','30','402881e53c98df12013c98fc3b300002',null);
Insert into   T_S_ROLE_FUNCTION (ID,ROLEID,FUNCTIONID,OPERATION) values ('8a890ffd3eee992c013eee9c85dd0018','30','402881e53c9a4b8e013c9a4c90960001',null);
Insert into   T_S_ROLE_FUNCTION (ID,ROLEID,FUNCTIONID,OPERATION) values ('8a8a8a813e63096e013e630c5ea30006','402881e53c7f0dde013c7f2935da0004','28',null);
Insert into   T_S_ROLE_FUNCTION (ID,ROLEID,FUNCTIONID,OPERATION) values ('8a8a8a813e63096e013e630c5ea30007','402881e53c7f0dde013c7f2935da0004','30',null);
Insert into   T_S_ROLE_FUNCTION (ID,ROLEID,FUNCTIONID,OPERATION) values ('8a8a8a813e63096e013e630c5ea30008','402881e53c7f0dde013c7f2935da0004','31',null);
Insert into   T_S_ROLE_FUNCTION (ID,ROLEID,FUNCTIONID,OPERATION) values ('8a8a8a813e63096e013e630c5ea30009','402881e53c7f0dde013c7f2935da0004','49',null);
Insert into   T_S_ROLE_FUNCTION (ID,ROLEID,FUNCTIONID,OPERATION) values ('8a8a8a813e63096e013e630c5ea3000a','402881e53c7f0dde013c7f2935da0004','80',null);
Insert into   T_S_ROLE_FUNCTION (ID,ROLEID,FUNCTIONID,OPERATION) values ('8a8a8a813e63096e013e630c5ea3000b','402881e53c7f0dde013c7f2935da0004','402881e53c8adce5013c8b000beb0003',null);
Insert into   T_S_ROLE_FUNCTION (ID,ROLEID,FUNCTIONID,OPERATION) values ('8a8a8a813e63096e013e630c5ea3000c','402881e53c7f0dde013c7f2935da0004','40284b813d1becf1013d1bf26afd0001','add,szqm,');
Insert into   T_S_ROLE_FUNCTION (ID,ROLEID,FUNCTIONID,OPERATION) values ('8a8a8a813e63096e013e630c5ea3000d','402881e53c7f0dde013c7f2935da0004','71',null);
Insert into   T_S_ROLE_FUNCTION (ID,ROLEID,FUNCTIONID,OPERATION) values ('8a8a8a813e63096e013e630c5ea3000e','402881e53c7f0dde013c7f2935da0004','27',null);
Insert into   T_S_ROLE_FUNCTION (ID,ROLEID,FUNCTIONID,OPERATION) values ('8a8a8a813e63096e013e630c5ea3000f','402881e53c7f0dde013c7f2935da0004','402881e53c8589f7013c85afc393000b',null);
Insert into   T_S_ROLE_FUNCTION (ID,ROLEID,FUNCTIONID,OPERATION) values ('8a8a8a813e63096e013e630c5ea30010','402881e53c7f0dde013c7f2935da0004','402881e53c98df12013c98fc3b300002',null);
Insert into   T_S_ROLE_FUNCTION (ID,ROLEID,FUNCTIONID,OPERATION) values ('8a8a8a813e63096e013e630c5ea30011','402881e53c7f0dde013c7f2935da0004','402881e53c9a4b8e013c9a4c90960001',null);
REM INSERTING into   T_S_ROLE_USER
SET DEFINE OFF;
Insert into   T_S_ROLE_USER (ID,USERID,ROLEID) values ('297e5a493da0abb4013da0c17b7d000b','40','30');
Insert into   T_S_ROLE_USER (ID,USERID,ROLEID) values ('297e5a493da0abb4013da0c17bcb000d','40','402881e53c7f0dde013c7f2935da0004');
Insert into   T_S_ROLE_USER (ID,USERID,ROLEID) values ('8a8a8a813def666d013def688e1a0001','402881e73d87d62a013d87eeaba10014','402881e53c7f0dde013c7f2935da0004');
Insert into   T_S_ROLE_USER (ID,USERID,ROLEID) values ('8a8a8a813e63096e013e630c1e8d0004','8a8a8a813e63096e013e630c1df10003','402881e53c7f0dde013c7f2935da0004');
Insert into   T_S_ROLE_USER (ID,USERID,ROLEID) values ('8a8a8a813edea696013edea7f08b0002','402881e73d87d62a013d87ee2d4b0011','30');
REM INSERTING into   T_S_TYPE
SET DEFINE OFF;
Insert into   T_S_TYPE (ID,TYPECODE,TYPENAME,TYPEPID,TYPEGROUPID,VALUE) values ('12','2','菜单图标',null,'1','1');
Insert into   T_S_TYPE (ID,TYPECODE,TYPENAME,TYPEPID,TYPEGROUPID,VALUE) values ('297e5a493d543ce2013d5462c1380005','files','附件',null,'402881e93cb3ccfd013cb3d9f3f70004',null);
Insert into   T_S_TYPE (ID,TYPECODE,TYPENAME,TYPEPID,TYPEGROUPID,VALUE) values ('402880853e92115c013e9219b14a0007','1','优质订单',null,'402880853e92115c013e9219489f0005',null);
Insert into   T_S_TYPE (ID,TYPECODE,TYPENAME,TYPEPID,TYPEGROUPID,VALUE) values ('402880853e92115c013e9219deb60009','2','普通订单',null,'402880853e92115c013e9219489f0005',null);
Insert into   T_S_TYPE (ID,TYPECODE,TYPENAME,TYPEPID,TYPEGROUPID,VALUE) values ('402880853e92115c013e921dce10000d','1','签约客户',null,'402880853e92115c013e921d6194000b',null);
Insert into   T_S_TYPE (ID,TYPECODE,TYPENAME,TYPEPID,TYPEGROUPID,VALUE) values ('402880853e92115c013e921df56c000f','2','普通客户',null,'402880853e92115c013e921d6194000b',null);
Insert into   T_S_TYPE (ID,TYPECODE,TYPENAME,TYPEPID,TYPEGROUPID,VALUE) values ('402880853e92115c013e9247b3200022','1','特殊服务',null,'402880853e92115c013e92474e370020',null);
Insert into   T_S_TYPE (ID,TYPECODE,TYPENAME,TYPEPID,TYPEGROUPID,VALUE) values ('402880853e92115c013e9247ec1b0024','2','普通服务',null,'402880853e92115c013e92474e370020',null);
Insert into   T_S_TYPE (ID,TYPECODE,TYPENAME,TYPEPID,TYPEGROUPID,VALUE) values ('4028817639fb7f290139fb8e9cd80009','leave','请假流程',null,'4028817639fb7f290139fb8c60c30003',null);
Insert into   T_S_TYPE (ID,TYPECODE,TYPENAME,TYPEPID,TYPEGROUPID,VALUE) values ('402881e53c9ae91f013c9aea80b30002','act','工作流引擎表',null,'402881e53c9ae91f013c9aea80aa0001',null);
Insert into   T_S_TYPE (ID,TYPECODE,TYPENAME,TYPEPID,TYPEGROUPID,VALUE) values ('402881e53c9ae91f013c9aea80b90003','t_s','系统基础表',null,'402881e53c9ae91f013c9aea80aa0001',null);
Insert into   T_S_TYPE (ID,TYPECODE,TYPENAME,TYPEPID,TYPEGROUPID,VALUE) values ('402881e53c9ae91f013c9aea80be0004','t_b','业务表',null,'402881e53c9ae91f013c9aea80aa0001',null);
Insert into   T_S_TYPE (ID,TYPECODE,TYPENAME,TYPEPID,TYPEGROUPID,VALUE) values ('402881e53c9ae91f013c9aea80c30005','t_p','自定义引擎表',null,'402881e53c9ae91f013c9aea80aa0001',null);
Insert into   T_S_TYPE (ID,TYPECODE,TYPENAME,TYPEPID,TYPEGROUPID,VALUE) values ('402881e93cb3ccfd013cb3d9f45f0005','news','新闻',null,'402881e93cb3ccfd013cb3d9f3f70004',null);
Insert into   T_S_TYPE (ID,TYPECODE,TYPENAME,TYPEPID,TYPEGROUPID,VALUE) values ('4028abee3e274960013e274cbec10002','1','系统图标',null,'1','2');
Insert into   T_S_TYPE (ID,TYPECODE,TYPENAME,TYPEPID,TYPEGROUPID,VALUE) values ('4028abee3e2774e5013e277719990004','0','男性',null,'4028abee3e2774e5013e27758b170001','1');
Insert into   T_S_TYPE (ID,TYPECODE,TYPENAME,TYPEPID,TYPEGROUPID,VALUE) values ('4028abee3e2774e5013e2777655a0006','1','女性',null,'4028abee3e2774e5013e27758b170001','0');
REM INSERTING into   T_S_TYPEGROUP
SET DEFINE OFF;
Insert into   T_S_TYPEGROUP (ID,TYPEGROUPNAME,TYPEGROUPCODE) values ('1','图标类型','icontype');
Insert into   T_S_TYPEGROUP (ID,TYPEGROUPNAME,TYPEGROUPCODE) values ('402880853e92115c013e9219489f0005','订单类型','order');
Insert into   T_S_TYPEGROUP (ID,TYPEGROUPNAME,TYPEGROUPCODE) values ('402880853e92115c013e921d6194000b','客户类型','custom');
Insert into   T_S_TYPEGROUP (ID,TYPEGROUPNAME,TYPEGROUPCODE) values ('402880853e92115c013e92474e370020','服务项目类型 ','service');
Insert into   T_S_TYPEGROUP (ID,TYPEGROUPNAME,TYPEGROUPCODE) values ('402881e53c9ae91f013c9aea80aa0001','数据表','database');
Insert into   T_S_TYPEGROUP (ID,TYPEGROUPNAME,TYPEGROUPCODE) values ('402881e93cb3ccfd013cb3d9f3f70004','文档分类','fieltype');
Insert into   T_S_TYPEGROUP (ID,TYPEGROUPNAME,TYPEGROUPCODE) values ('4028abee3e2774e5013e27758b170001','性别类','sex');
REM INSERTING into   T_S_USER
SET DEFINE OFF;
Insert into   T_S_USER (ID,SIGNATUREFILE,MOBILEPHONE,OFFICEPHONE,EMAIL) values ('40','images/renfang/qm/licf.gif',null,null,null);
Insert into   T_S_USER (ID,SIGNATUREFILE,MOBILEPHONE,OFFICEPHONE,EMAIL) values ('402881e73d87d62a013d87ee2d4b0011',null,'13426432910','7496661','zhangdaiscott@163.com');
Insert into   T_S_USER (ID,SIGNATUREFILE,MOBILEPHONE,OFFICEPHONE,EMAIL) values ('402881e73d87d62a013d87eeaba10014',null,null,null,null);
Insert into   T_S_USER (ID,SIGNATUREFILE,MOBILEPHONE,OFFICEPHONE,EMAIL) values ('8a8a8a813e63096e013e630c1df10003',null,null,null,null);
REM INSERTING into   T_S_VERSION
SET DEFINE OFF;
--------------------------------------------------------
--  DDL for Index JEECG_DEMO_PRIMARYKEY
--------------------------------------------------------

  CREATE UNIQUE INDEX  "JEECG_DEMO_PRIMARYKEY" ON  "JEECG_DEMO" ("ID") 
  PCTFREE 10 INITRANS 2 MAXTRANS 255 
  STORAGE(INITIAL 65536 NEXT 1048576 MINEXTENTS 1 MAXEXTENTS 2147483645
  PCTINCREASE 0 FREELISTS 1 FREELIST GROUPS 1 BUFFER_POOL DEFAULT)
  TABLESPACE "USERS" ;
--------------------------------------------------------
--  DDL for Index JEECG_ONE_TO_ONE_PRIMARYKEY
--------------------------------------------------------

  CREATE UNIQUE INDEX  "JEECG_ONE_TO_ONE_PRIMARYKEY" ON  "JEECG_ONE_TO_ONE" ("ID") 
  PCTFREE 10 INITRANS 2 MAXTRANS 255 
  STORAGE(INITIAL 65536 NEXT 1048576 MINEXTENTS 1 MAXEXTENTS 2147483645
  PCTINCREASE 0 FREELISTS 1 FREELIST GROUPS 1 BUFFER_POOL DEFAULT)
  TABLESPACE "USERS" ;
--------------------------------------------------------
--  DDL for Index JEECG_ORDER_CUSTOM_PRIMARYKEY
--------------------------------------------------------

  CREATE UNIQUE INDEX  "JEECG_ORDER_CUSTOM_PRIMARYKEY" ON  "JEECG_ORDER_CUSTOM" ("ID") 
  PCTFREE 10 INITRANS 2 MAXTRANS 255 
  STORAGE(INITIAL 65536 NEXT 1048576 MINEXTENTS 1 MAXEXTENTS 2147483645
  PCTINCREASE 0 FREELISTS 1 FREELIST GROUPS 1 BUFFER_POOL DEFAULT)
  TABLESPACE "USERS" ;
--------------------------------------------------------
--  DDL for Index JEECG_ORDER_MAIN_PRIMARYKEY
--------------------------------------------------------

  CREATE UNIQUE INDEX  "JEECG_ORDER_MAIN_PRIMARYKEY" ON  "JEECG_ORDER_MAIN" ("ID") 
  PCTFREE 10 INITRANS 2 MAXTRANS 255 
  STORAGE(INITIAL 65536 NEXT 1048576 MINEXTENTS 1 MAXEXTENTS 2147483645
  PCTINCREASE 0 FREELISTS 1 FREELIST GROUPS 1 BUFFER_POOL DEFAULT)
  TABLESPACE "USERS" ;
--------------------------------------------------------
--  DDL for Index JEECG_ORDER_PRODUCT_PRIMARYKEY
--------------------------------------------------------

  CREATE UNIQUE INDEX  "JEECG_ORDER_PRODUCT_PRIMARYKEY" ON  "JEECG_ORDER_PRODUCT" ("ID") 
  PCTFREE 10 INITRANS 2 MAXTRANS 255 
  STORAGE(INITIAL 65536 NEXT 1048576 MINEXTENTS 1 MAXEXTENTS 2147483645
  PCTINCREASE 0 FREELISTS 1 FREELIST GROUPS 1 BUFFER_POOL DEFAULT)
  TABLESPACE "USERS" ;
--------------------------------------------------------
--  DDL for Index JG_PERSON_PRIMARYKEY
--------------------------------------------------------

  CREATE UNIQUE INDEX  "JG_PERSON_PRIMARYKEY" ON  "JG_PERSON" ("ID") 
  PCTFREE 10 INITRANS 2 MAXTRANS 255 
  STORAGE(INITIAL 65536 NEXT 1048576 MINEXTENTS 1 MAXEXTENTS 2147483645
  PCTINCREASE 0 FREELISTS 1 FREELIST GROUPS 1 BUFFER_POOL DEFAULT)
  TABLESPACE "USERS" ;
--------------------------------------------------------
--  DDL for Index PERSON_PRIMARYKEY
--------------------------------------------------------

  CREATE UNIQUE INDEX  "PERSON_PRIMARYKEY" ON  "PERSON" ("ID") 
  PCTFREE 10 INITRANS 2 MAXTRANS 255 
  STORAGE(INITIAL 65536 NEXT 1048576 MINEXTENTS 1 MAXEXTENTS 2147483645
  PCTINCREASE 0 FREELISTS 1 FREELIST GROUPS 1 BUFFER_POOL DEFAULT)
  TABLESPACE "USERS" ;
--------------------------------------------------------
--  DDL for Index PK_DEPT
--------------------------------------------------------

  CREATE UNIQUE INDEX  "PK_DEPT" ON  "DEPT" ("DEPTNO") 
  PCTFREE 10 INITRANS 2 MAXTRANS 255 
  STORAGE(INITIAL 65536 NEXT 1048576 MINEXTENTS 1 MAXEXTENTS 2147483645
  PCTINCREASE 0 FREELISTS 1 FREELIST GROUPS 1 BUFFER_POOL DEFAULT)
  TABLESPACE "USERS" ;
--------------------------------------------------------
--  DDL for Index PK_EMP
--------------------------------------------------------

  CREATE UNIQUE INDEX  "PK_EMP" ON  "EMP" ("EMPNO") 
  PCTFREE 10 INITRANS 2 MAXTRANS 255 
  STORAGE(INITIAL 65536 NEXT 1048576 MINEXTENTS 1 MAXEXTENTS 2147483645
  PCTINCREASE 0 FREELISTS 1 FREELIST GROUPS 1 BUFFER_POOL DEFAULT)
  TABLESPACE "USERS" ;
--------------------------------------------------------
--  DDL for Index T_S_ATTACHMENT_PRIMARYKEY
--------------------------------------------------------

  CREATE UNIQUE INDEX  "T_S_ATTACHMENT_PRIMARYKEY" ON  "T_S_ATTACHMENT" ("ID") 
  PCTFREE 10 INITRANS 2 MAXTRANS 255 
  STORAGE(INITIAL 65536 NEXT 1048576 MINEXTENTS 1 MAXEXTENTS 2147483645
  PCTINCREASE 0 FREELISTS 1 FREELIST GROUPS 1 BUFFER_POOL DEFAULT)
  TABLESPACE "USERS" ;
--------------------------------------------------------
--  DDL for Index T_S_BASE_USER_DEPARTID
--------------------------------------------------------

  CREATE INDEX  "T_S_BASE_USER_DEPARTID" ON  "T_S_BASE_USER" ("DEPARTID") 
  PCTFREE 10 INITRANS 2 MAXTRANS 255 COMPUTE STATISTICS 
  STORAGE(INITIAL 65536 NEXT 1048576 MINEXTENTS 1 MAXEXTENTS 2147483645
  PCTINCREASE 0 FREELISTS 1 FREELIST GROUPS 1 BUFFER_POOL DEFAULT)
  TABLESPACE "USERS" ;
--------------------------------------------------------
--  DDL for Index T_S_BASE_USER_PRIMARYKEY
--------------------------------------------------------

  CREATE UNIQUE INDEX  "T_S_BASE_USER_PRIMARYKEY" ON  "T_S_BASE_USER" ("ID") 
  PCTFREE 10 INITRANS 2 MAXTRANS 255 
  STORAGE(INITIAL 65536 NEXT 1048576 MINEXTENTS 1 MAXEXTENTS 2147483645
  PCTINCREASE 0 FREELISTS 1 FREELIST GROUPS 1 BUFFER_POOL DEFAULT)
  TABLESPACE "USERS" ;
--------------------------------------------------------
--  DDL for Index T_S_CONFIG_PRIMARYKEY
--------------------------------------------------------

  CREATE UNIQUE INDEX  "T_S_CONFIG_PRIMARYKEY" ON  "T_S_CONFIG" ("ID") 
  PCTFREE 10 INITRANS 2 MAXTRANS 255 
  STORAGE(INITIAL 65536 NEXT 1048576 MINEXTENTS 1 MAXEXTENTS 2147483645
  PCTINCREASE 0 FREELISTS 1 FREELIST GROUPS 1 BUFFER_POOL DEFAULT)
  TABLESPACE "USERS" ;
--------------------------------------------------------
--  DDL for Index T_S_CONFIG_USERID
--------------------------------------------------------

  CREATE INDEX  "T_S_CONFIG_USERID" ON  "T_S_CONFIG" ("USERID") 
  PCTFREE 10 INITRANS 2 MAXTRANS 255 
  STORAGE(INITIAL 65536 NEXT 1048576 MINEXTENTS 1 MAXEXTENTS 2147483645
  PCTINCREASE 0 FREELISTS 1 FREELIST GROUPS 1 BUFFER_POOL DEFAULT)
  TABLESPACE "USERS" ;
--------------------------------------------------------
--  DDL for Index T_S_DEMO_PRIMARYKEY
--------------------------------------------------------

  CREATE UNIQUE INDEX  "T_S_DEMO_PRIMARYKEY" ON  "T_S_DEMO" ("ID") 
  PCTFREE 10 INITRANS 2 MAXTRANS 255 
  STORAGE(INITIAL 65536 NEXT 1048576 MINEXTENTS 1 MAXEXTENTS 2147483645
  PCTINCREASE 0 FREELISTS 1 FREELIST GROUPS 1 BUFFER_POOL DEFAULT)
  TABLESPACE "USERS" ;
--------------------------------------------------------
--  DDL for Index T_S_DEPART_PARENTDEPARTID
--------------------------------------------------------

  CREATE INDEX  "T_S_DEPART_PARENTDEPARTID" ON  "T_S_DEPART" ("PARENTDEPARTID") 
  PCTFREE 10 INITRANS 2 MAXTRANS 255 COMPUTE STATISTICS 
  STORAGE(INITIAL 65536 NEXT 1048576 MINEXTENTS 1 MAXEXTENTS 2147483645
  PCTINCREASE 0 FREELISTS 1 FREELIST GROUPS 1 BUFFER_POOL DEFAULT)
  TABLESPACE "USERS" ;
--------------------------------------------------------
--  DDL for Index T_S_DEPART_PRIMARYKEY
--------------------------------------------------------

  CREATE UNIQUE INDEX  "T_S_DEPART_PRIMARYKEY" ON  "T_S_DEPART" ("ID") 
  PCTFREE 10 INITRANS 2 MAXTRANS 255 
  STORAGE(INITIAL 65536 NEXT 1048576 MINEXTENTS 1 MAXEXTENTS 2147483645
  PCTINCREASE 0 FREELISTS 1 FREELIST GROUPS 1 BUFFER_POOL DEFAULT)
  TABLESPACE "USERS" ;
--------------------------------------------------------
--  DDL for Index T_S_DOCUMENT_PRIMARYKEY
--------------------------------------------------------

  CREATE UNIQUE INDEX  "T_S_DOCUMENT_PRIMARYKEY" ON  "T_S_DOCUMENT" ("ID") 
  PCTFREE 10 INITRANS 2 MAXTRANS 255 
  STORAGE(INITIAL 65536 NEXT 1048576 MINEXTENTS 1 MAXEXTENTS 2147483645
  PCTINCREASE 0 FREELISTS 1 FREELIST GROUPS 1 BUFFER_POOL DEFAULT)
  TABLESPACE "USERS" ;
--------------------------------------------------------
--  DDL for Index T_S_FUNCTION_PARENTFUNCTIONID
--------------------------------------------------------

  CREATE INDEX  "T_S_FUNCTION_PARENTFUNCTIONID" ON  "T_S_FUNCTION" ("PARENTFUNCTIONID") 
  PCTFREE 10 INITRANS 2 MAXTRANS 255 COMPUTE STATISTICS 
  STORAGE(INITIAL 65536 NEXT 1048576 MINEXTENTS 1 MAXEXTENTS 2147483645
  PCTINCREASE 0 FREELISTS 1 FREELIST GROUPS 1 BUFFER_POOL DEFAULT)
  TABLESPACE "USERS" ;
--------------------------------------------------------
--  DDL for Index T_S_FUNCTION_PRIMARYKEY
--------------------------------------------------------

  CREATE UNIQUE INDEX  "T_S_FUNCTION_PRIMARYKEY" ON  "T_S_FUNCTION" ("ID") 
  PCTFREE 10 INITRANS 2 MAXTRANS 255 
  STORAGE(INITIAL 65536 NEXT 1048576 MINEXTENTS 1 MAXEXTENTS 2147483645
  PCTINCREASE 0 FREELISTS 1 FREELIST GROUPS 1 BUFFER_POOL DEFAULT)
  TABLESPACE "USERS" ;
--------------------------------------------------------
--  DDL for Index T_S_ICON_PRIMARYKEY
--------------------------------------------------------

  CREATE UNIQUE INDEX  "T_S_ICON_PRIMARYKEY" ON  "T_S_ICON" ("ID") 
  PCTFREE 10 INITRANS 2 MAXTRANS 255 
  STORAGE(INITIAL 65536 NEXT 1048576 MINEXTENTS 1 MAXEXTENTS 2147483645
  PCTINCREASE 0 FREELISTS 1 FREELIST GROUPS 1 BUFFER_POOL DEFAULT)
  TABLESPACE "USERS" ;
--------------------------------------------------------
--  DDL for Index T_S_LOG_PRIMARYKEY
--------------------------------------------------------

  CREATE UNIQUE INDEX  "T_S_LOG_PRIMARYKEY" ON  "T_S_LOG" ("ID") 
  PCTFREE 10 INITRANS 2 MAXTRANS 255 
  STORAGE(INITIAL 65536 NEXT 1048576 MINEXTENTS 1 MAXEXTENTS 2147483645
  PCTINCREASE 0 FREELISTS 1 FREELIST GROUPS 1 BUFFER_POOL DEFAULT)
  TABLESPACE "USERS" ;
--------------------------------------------------------
--  DDL for Index T_S_OPERATION_PRIMARYKEY
--------------------------------------------------------

  CREATE UNIQUE INDEX  "T_S_OPERATION_PRIMARYKEY" ON  "T_S_OPERATION" ("ID") 
  PCTFREE 10 INITRANS 2 MAXTRANS 255 
  STORAGE(INITIAL 65536 NEXT 1048576 MINEXTENTS 1 MAXEXTENTS 2147483645
  PCTINCREASE 0 FREELISTS 1 FREELIST GROUPS 1 BUFFER_POOL DEFAULT)
  TABLESPACE "USERS" ;
--------------------------------------------------------
--  DDL for Index T_S_ROLE_FUNCTION_FUNCTIONID
--------------------------------------------------------

  CREATE INDEX  "T_S_ROLE_FUNCTION_FUNCTIONID" ON  "T_S_ROLE_FUNCTION" ("FUNCTIONID") 
  PCTFREE 10 INITRANS 2 MAXTRANS 255 COMPUTE STATISTICS 
  STORAGE(INITIAL 65536 NEXT 1048576 MINEXTENTS 1 MAXEXTENTS 2147483645
  PCTINCREASE 0 FREELISTS 1 FREELIST GROUPS 1 BUFFER_POOL DEFAULT)
  TABLESPACE "USERS" ;
--------------------------------------------------------
--  DDL for Index T_S_ROLE_FUNCTION_PRIMARYKEY
--------------------------------------------------------

  CREATE UNIQUE INDEX  "T_S_ROLE_FUNCTION_PRIMARYKEY" ON  "T_S_ROLE_FUNCTION" ("ID") 
  PCTFREE 10 INITRANS 2 MAXTRANS 255 
  STORAGE(INITIAL 65536 NEXT 1048576 MINEXTENTS 1 MAXEXTENTS 2147483645
  PCTINCREASE 0 FREELISTS 1 FREELIST GROUPS 1 BUFFER_POOL DEFAULT)
  TABLESPACE "USERS" ;
--------------------------------------------------------
--  DDL for Index T_S_ROLE_FUNCTION_ROLEID
--------------------------------------------------------

  CREATE INDEX  "T_S_ROLE_FUNCTION_ROLEID" ON  "T_S_ROLE_FUNCTION" ("ROLEID") 
  PCTFREE 10 INITRANS 2 MAXTRANS 255 COMPUTE STATISTICS 
  STORAGE(INITIAL 65536 NEXT 1048576 MINEXTENTS 1 MAXEXTENTS 2147483645
  PCTINCREASE 0 FREELISTS 1 FREELIST GROUPS 1 BUFFER_POOL DEFAULT)
  TABLESPACE "USERS" ;
--------------------------------------------------------
--  DDL for Index T_S_ROLE_PRIMARYKEY
--------------------------------------------------------

  CREATE UNIQUE INDEX  "T_S_ROLE_PRIMARYKEY" ON  "T_S_ROLE" ("ID") 
  PCTFREE 10 INITRANS 2 MAXTRANS 255 
  STORAGE(INITIAL 65536 NEXT 1048576 MINEXTENTS 1 MAXEXTENTS 2147483645
  PCTINCREASE 0 FREELISTS 1 FREELIST GROUPS 1 BUFFER_POOL DEFAULT)
  TABLESPACE "USERS" ;
--------------------------------------------------------
--  DDL for Index T_S_ROLE_USER_PRIMARYKEY
--------------------------------------------------------

  CREATE UNIQUE INDEX  "T_S_ROLE_USER_PRIMARYKEY" ON  "T_S_ROLE_USER" ("ID") 
  PCTFREE 10 INITRANS 2 MAXTRANS 255 
  STORAGE(INITIAL 65536 NEXT 1048576 MINEXTENTS 1 MAXEXTENTS 2147483645
  PCTINCREASE 0 FREELISTS 1 FREELIST GROUPS 1 BUFFER_POOL DEFAULT)
  TABLESPACE "USERS" ;
--------------------------------------------------------
--  DDL for Index T_S_ROLE_USER_ROLEID
--------------------------------------------------------

  CREATE INDEX  "T_S_ROLE_USER_ROLEID" ON  "T_S_ROLE_USER" ("ROLEID") 
  PCTFREE 10 INITRANS 2 MAXTRANS 255 COMPUTE STATISTICS 
  STORAGE(INITIAL 65536 NEXT 1048576 MINEXTENTS 1 MAXEXTENTS 2147483645
  PCTINCREASE 0 FREELISTS 1 FREELIST GROUPS 1 BUFFER_POOL DEFAULT)
  TABLESPACE "USERS" ;
--------------------------------------------------------
--  DDL for Index T_S_ROLE_USER_USERID
--------------------------------------------------------

  CREATE INDEX  "T_S_ROLE_USER_USERID" ON  "T_S_ROLE_USER" ("USERID") 
  PCTFREE 10 INITRANS 2 MAXTRANS 255 COMPUTE STATISTICS 
  STORAGE(INITIAL 65536 NEXT 1048576 MINEXTENTS 1 MAXEXTENTS 2147483645
  PCTINCREASE 0 FREELISTS 1 FREELIST GROUPS 1 BUFFER_POOL DEFAULT)
  TABLESPACE "USERS" ;
--------------------------------------------------------
--  DDL for Index T_S_TYPEGROUP_PRIMARYKEY
--------------------------------------------------------

  CREATE UNIQUE INDEX  "T_S_TYPEGROUP_PRIMARYKEY" ON  "T_S_TYPEGROUP" ("ID") 
  PCTFREE 10 INITRANS 2 MAXTRANS 255 
  STORAGE(INITIAL 65536 NEXT 1048576 MINEXTENTS 1 MAXEXTENTS 2147483645
  PCTINCREASE 0 FREELISTS 1 FREELIST GROUPS 1 BUFFER_POOL DEFAULT)
  TABLESPACE "USERS" ;
--------------------------------------------------------
--  DDL for Index T_S_TYPE_PRIMARYKEY
--------------------------------------------------------

  CREATE UNIQUE INDEX  "T_S_TYPE_PRIMARYKEY" ON  "T_S_TYPE" ("ID") 
  PCTFREE 10 INITRANS 2 MAXTRANS 255 
  STORAGE(INITIAL 65536 NEXT 1048576 MINEXTENTS 1 MAXEXTENTS 2147483645
  PCTINCREASE 0 FREELISTS 1 FREELIST GROUPS 1 BUFFER_POOL DEFAULT)
  TABLESPACE "USERS" ;
--------------------------------------------------------
--  DDL for Index T_S_USER_PRIMARYKEY
--------------------------------------------------------

  CREATE UNIQUE INDEX  "T_S_USER_PRIMARYKEY" ON  "T_S_USER" ("ID") 
  PCTFREE 10 INITRANS 2 MAXTRANS 255 
  STORAGE(INITIAL 65536 NEXT 1048576 MINEXTENTS 1 MAXEXTENTS 2147483645
  PCTINCREASE 0 FREELISTS 1 FREELIST GROUPS 1 BUFFER_POOL DEFAULT)
  TABLESPACE "USERS" ;
--------------------------------------------------------
--  DDL for Index T_S_VERSION_PRIMARYKEY
--------------------------------------------------------

  CREATE UNIQUE INDEX  "T_S_VERSION_PRIMARYKEY" ON  "T_S_VERSION" ("ID") 
  PCTFREE 10 INITRANS 2 MAXTRANS 255 
  STORAGE(INITIAL 65536 NEXT 1048576 MINEXTENTS 1 MAXEXTENTS 2147483645
  PCTINCREASE 0 FREELISTS 1 FREELIST GROUPS 1 BUFFER_POOL DEFAULT)
  TABLESPACE "USERS" ;
--------------------------------------------------------
--  Constraints for Table DEPT
--------------------------------------------------------

  ALTER TABLE  "DEPT" ADD CONSTRAINT "PK_DEPT" PRIMARY KEY ("DEPTNO")
  USING INDEX PCTFREE 10 INITRANS 2 MAXTRANS 255 
  STORAGE(INITIAL 65536 NEXT 1048576 MINEXTENTS 1 MAXEXTENTS 2147483645
  PCTINCREASE 0 FREELISTS 1 FREELIST GROUPS 1 BUFFER_POOL DEFAULT)
  TABLESPACE "USERS"  ENABLE;
--------------------------------------------------------
--  Constraints for Table EMP
--------------------------------------------------------

  ALTER TABLE  "EMP" ADD CONSTRAINT "PK_EMP" PRIMARY KEY ("EMPNO")
  USING INDEX PCTFREE 10 INITRANS 2 MAXTRANS 255 
  STORAGE(INITIAL 65536 NEXT 1048576 MINEXTENTS 1 MAXEXTENTS 2147483645
  PCTINCREASE 0 FREELISTS 1 FREELIST GROUPS 1 BUFFER_POOL DEFAULT)
  TABLESPACE "USERS"  ENABLE;
--------------------------------------------------------
--  Constraints for Table JEECG_DEMO
--------------------------------------------------------

  ALTER TABLE  "JEECG_DEMO" ADD CONSTRAINT "JEECG_DEMO_PRIMARYKEY" PRIMARY KEY ("ID")
  USING INDEX PCTFREE 10 INITRANS 2 MAXTRANS 255 
  STORAGE(INITIAL 65536 NEXT 1048576 MINEXTENTS 1 MAXEXTENTS 2147483645
  PCTINCREASE 0 FREELISTS 1 FREELIST GROUPS 1 BUFFER_POOL DEFAULT)
  TABLESPACE "USERS"  ENABLE;
 
  ALTER TABLE  "JEECG_DEMO" MODIFY ("ID" NOT NULL ENABLE);
 
  ALTER TABLE  "JEECG_DEMO" MODIFY ("USER_NAME" NOT NULL ENABLE);
--------------------------------------------------------
--  Constraints for Table JEECG_ONE_TO_ONE
--------------------------------------------------------

  ALTER TABLE  "JEECG_ONE_TO_ONE" ADD CONSTRAINT "JEECG_ONE_TO_ONE_PRIMARYKEY" PRIMARY KEY ("ID")
  USING INDEX PCTFREE 10 INITRANS 2 MAXTRANS 255 
  STORAGE(INITIAL 65536 NEXT 1048576 MINEXTENTS 1 MAXEXTENTS 2147483645
  PCTINCREASE 0 FREELISTS 1 FREELIST GROUPS 1 BUFFER_POOL DEFAULT)
  TABLESPACE "USERS"  ENABLE;
 
  ALTER TABLE  "JEECG_ONE_TO_ONE" MODIFY ("ID" NOT NULL ENABLE);
--------------------------------------------------------
--  Constraints for Table JEECG_ORDER_CUSTOM
--------------------------------------------------------

  ALTER TABLE  "JEECG_ORDER_CUSTOM" ADD CONSTRAINT "JEECG_ORDER_CUSTOM_PRIMARYKEY" PRIMARY KEY ("ID")
  USING INDEX PCTFREE 10 INITRANS 2 MAXTRANS 255 
  STORAGE(INITIAL 65536 NEXT 1048576 MINEXTENTS 1 MAXEXTENTS 2147483645
  PCTINCREASE 0 FREELISTS 1 FREELIST GROUPS 1 BUFFER_POOL DEFAULT)
  TABLESPACE "USERS"  ENABLE;
 
  ALTER TABLE  "JEECG_ORDER_CUSTOM" MODIFY ("ID" NOT NULL ENABLE);
 
  ALTER TABLE  "JEECG_ORDER_CUSTOM" MODIFY ("GO_ORDER_CODE" NOT NULL ENABLE);
--------------------------------------------------------
--  Constraints for Table JEECG_ORDER_MAIN
--------------------------------------------------------

  ALTER TABLE  "JEECG_ORDER_MAIN" ADD CONSTRAINT "JEECG_ORDER_MAIN_PRIMARYKEY" PRIMARY KEY ("ID")
  USING INDEX PCTFREE 10 INITRANS 2 MAXTRANS 255 
  STORAGE(INITIAL 65536 NEXT 1048576 MINEXTENTS 1 MAXEXTENTS 2147483645
  PCTINCREASE 0 FREELISTS 1 FREELIST GROUPS 1 BUFFER_POOL DEFAULT)
  TABLESPACE "USERS"  ENABLE;
 
  ALTER TABLE  "JEECG_ORDER_MAIN" MODIFY ("ID" NOT NULL ENABLE);
 
  ALTER TABLE  "JEECG_ORDER_MAIN" MODIFY ("GO_ORDER_CODE" NOT NULL ENABLE);
 
  ALTER TABLE  "JEECG_ORDER_MAIN" MODIFY ("GO_CONTACT_NAME" NOT NULL ENABLE);
 
  ALTER TABLE  "JEECG_ORDER_MAIN" MODIFY ("GO_ALL_PRICE" NOT NULL ENABLE);
--------------------------------------------------------
--  Constraints for Table JEECG_ORDER_PRODUCT
--------------------------------------------------------

  ALTER TABLE  "JEECG_ORDER_PRODUCT" ADD CONSTRAINT "JEECG_ORDER_PRODUCT_PRIMARYKEY" PRIMARY KEY ("ID")
  USING INDEX PCTFREE 10 INITRANS 2 MAXTRANS 255 
  STORAGE(INITIAL 65536 NEXT 1048576 MINEXTENTS 1 MAXEXTENTS 2147483645
  PCTINCREASE 0 FREELISTS 1 FREELIST GROUPS 1 BUFFER_POOL DEFAULT)
  TABLESPACE "USERS"  ENABLE;
 
  ALTER TABLE  "JEECG_ORDER_PRODUCT" MODIFY ("ID" NOT NULL ENABLE);
 
  ALTER TABLE  "JEECG_ORDER_PRODUCT" MODIFY ("GO_ORDER_CODE" NOT NULL ENABLE);
--------------------------------------------------------
--  Constraints for Table JG_PERSON
--------------------------------------------------------

  ALTER TABLE  "JG_PERSON" ADD CONSTRAINT "JG_PERSON_PRIMARYKEY" PRIMARY KEY ("ID")
  USING INDEX PCTFREE 10 INITRANS 2 MAXTRANS 255 
  STORAGE(INITIAL 65536 NEXT 1048576 MINEXTENTS 1 MAXEXTENTS 2147483645
  PCTINCREASE 0 FREELISTS 1 FREELIST GROUPS 1 BUFFER_POOL DEFAULT)
  TABLESPACE "USERS"  ENABLE;
 
  ALTER TABLE  "JG_PERSON" MODIFY ("ID" NOT NULL ENABLE);
 
  ALTER TABLE  "JG_PERSON" MODIFY ("AGE" NOT NULL ENABLE);
 
  ALTER TABLE  "JG_PERSON" MODIFY ("CREATEDT" NOT NULL ENABLE);
 
  ALTER TABLE  "JG_PERSON" MODIFY ("SALARY" NOT NULL ENABLE);
--------------------------------------------------------
--  Constraints for Table PERSON
--------------------------------------------------------

  ALTER TABLE  "PERSON" ADD CONSTRAINT "PERSON_PRIMARYKEY" PRIMARY KEY ("ID")
  USING INDEX PCTFREE 10 INITRANS 2 MAXTRANS 255 
  STORAGE(INITIAL 65536 NEXT 1048576 MINEXTENTS 1 MAXEXTENTS 2147483645
  PCTINCREASE 0 FREELISTS 1 FREELIST GROUPS 1 BUFFER_POOL DEFAULT)
  TABLESPACE "USERS"  ENABLE;
 
  ALTER TABLE  "PERSON" MODIFY ("ID" NOT NULL ENABLE);
 
  ALTER TABLE  "PERSON" MODIFY ("NAME" NOT NULL ENABLE);
--------------------------------------------------------
--  Constraints for Table T_S_ATTACHMENT
--------------------------------------------------------

  ALTER TABLE  "T_S_ATTACHMENT" MODIFY ("ID" NOT NULL ENABLE);
 
  ALTER TABLE  "T_S_ATTACHMENT" ADD CONSTRAINT "T_S_ATTACHMENT_PRIMARYKEY" PRIMARY KEY ("ID")
  USING INDEX PCTFREE 10 INITRANS 2 MAXTRANS 255 
  STORAGE(INITIAL 65536 NEXT 1048576 MINEXTENTS 1 MAXEXTENTS 2147483645
  PCTINCREASE 0 FREELISTS 1 FREELIST GROUPS 1 BUFFER_POOL DEFAULT)
  TABLESPACE "USERS"  ENABLE;
--------------------------------------------------------
--  Constraints for Table T_S_BASE_USER
--------------------------------------------------------

  ALTER TABLE  "T_S_BASE_USER" MODIFY ("ID" NOT NULL ENABLE);
 
  ALTER TABLE  "T_S_BASE_USER" ADD CONSTRAINT "T_S_BASE_USER_PRIMARYKEY" PRIMARY KEY ("ID")
  USING INDEX PCTFREE 10 INITRANS 2 MAXTRANS 255 
  STORAGE(INITIAL 65536 NEXT 1048576 MINEXTENTS 1 MAXEXTENTS 2147483645
  PCTINCREASE 0 FREELISTS 1 FREELIST GROUPS 1 BUFFER_POOL DEFAULT)
  TABLESPACE "USERS"  ENABLE;
--------------------------------------------------------
--  Constraints for Table T_S_CONFIG
--------------------------------------------------------

  ALTER TABLE  "T_S_CONFIG" MODIFY ("ID" NOT NULL ENABLE);
 
  ALTER TABLE  "T_S_CONFIG" MODIFY ("NAME" NOT NULL ENABLE);
 
  ALTER TABLE  "T_S_CONFIG" ADD CONSTRAINT "T_S_CONFIG_PRIMARYKEY" PRIMARY KEY ("ID")
  USING INDEX PCTFREE 10 INITRANS 2 MAXTRANS 255 
  STORAGE(INITIAL 65536 NEXT 1048576 MINEXTENTS 1 MAXEXTENTS 2147483645
  PCTINCREASE 0 FREELISTS 1 FREELIST GROUPS 1 BUFFER_POOL DEFAULT)
  TABLESPACE "USERS"  ENABLE;
--------------------------------------------------------
--  Constraints for Table T_S_DEMO
--------------------------------------------------------

  ALTER TABLE  "T_S_DEMO" MODIFY ("ID" NOT NULL ENABLE);
 
  ALTER TABLE  "T_S_DEMO" ADD CONSTRAINT "T_S_DEMO_PRIMARYKEY" PRIMARY KEY ("ID")
  USING INDEX PCTFREE 10 INITRANS 2 MAXTRANS 255 
  STORAGE(INITIAL 65536 NEXT 1048576 MINEXTENTS 1 MAXEXTENTS 2147483645
  PCTINCREASE 0 FREELISTS 1 FREELIST GROUPS 1 BUFFER_POOL DEFAULT)
  TABLESPACE "USERS"  ENABLE;
--------------------------------------------------------
--  Constraints for Table T_S_DEPART
--------------------------------------------------------

  ALTER TABLE  "T_S_DEPART" MODIFY ("ID" NOT NULL ENABLE);
 
  ALTER TABLE  "T_S_DEPART" MODIFY ("DEPARTNAME" NOT NULL ENABLE);
 
  ALTER TABLE  "T_S_DEPART" ADD CONSTRAINT "T_S_DEPART_PRIMARYKEY" PRIMARY KEY ("ID")
  USING INDEX PCTFREE 10 INITRANS 2 MAXTRANS 255 
  STORAGE(INITIAL 65536 NEXT 1048576 MINEXTENTS 1 MAXEXTENTS 2147483645
  PCTINCREASE 0 FREELISTS 1 FREELIST GROUPS 1 BUFFER_POOL DEFAULT)
  TABLESPACE "USERS"  ENABLE;
--------------------------------------------------------
--  Constraints for Table T_S_DOCUMENT
--------------------------------------------------------

  ALTER TABLE  "T_S_DOCUMENT" MODIFY ("ID" NOT NULL ENABLE);
 
  ALTER TABLE  "T_S_DOCUMENT" ADD CONSTRAINT "T_S_DOCUMENT_PRIMARYKEY" PRIMARY KEY ("ID")
  USING INDEX PCTFREE 10 INITRANS 2 MAXTRANS 255 
  STORAGE(INITIAL 65536 NEXT 1048576 MINEXTENTS 1 MAXEXTENTS 2147483645
  PCTINCREASE 0 FREELISTS 1 FREELIST GROUPS 1 BUFFER_POOL DEFAULT)
  TABLESPACE "USERS"  ENABLE;
--------------------------------------------------------
--  Constraints for Table T_S_FUNCTION
--------------------------------------------------------

  ALTER TABLE  "T_S_FUNCTION" MODIFY ("ID" NOT NULL ENABLE);
 
  ALTER TABLE  "T_S_FUNCTION" MODIFY ("FUNCTIONNAME" NOT NULL ENABLE);
 
  ALTER TABLE  "T_S_FUNCTION" ADD CONSTRAINT "T_S_FUNCTION_PRIMARYKEY" PRIMARY KEY ("ID")
  USING INDEX PCTFREE 10 INITRANS 2 MAXTRANS 255 
  STORAGE(INITIAL 65536 NEXT 1048576 MINEXTENTS 1 MAXEXTENTS 2147483645
  PCTINCREASE 0 FREELISTS 1 FREELIST GROUPS 1 BUFFER_POOL DEFAULT)
  TABLESPACE "USERS"  ENABLE;
--------------------------------------------------------
--  Constraints for Table T_S_ICON
--------------------------------------------------------

  ALTER TABLE  "T_S_ICON" MODIFY ("ID" NOT NULL ENABLE);
 
  ALTER TABLE  "T_S_ICON" MODIFY ("NAME" NOT NULL ENABLE);
 
  ALTER TABLE  "T_S_ICON" ADD CONSTRAINT "T_S_ICON_PRIMARYKEY" PRIMARY KEY ("ID")
  USING INDEX PCTFREE 10 INITRANS 2 MAXTRANS 255 
  STORAGE(INITIAL 65536 NEXT 1048576 MINEXTENTS 1 MAXEXTENTS 2147483645
  PCTINCREASE 0 FREELISTS 1 FREELIST GROUPS 1 BUFFER_POOL DEFAULT)
  TABLESPACE "USERS"  ENABLE;
--------------------------------------------------------
--  Constraints for Table T_S_LOG
--------------------------------------------------------

  ALTER TABLE  "T_S_LOG" MODIFY ("ID" NOT NULL ENABLE);
 
  ALTER TABLE  "T_S_LOG" MODIFY ("OPERATETIME" NOT NULL ENABLE);
 
  ALTER TABLE  "T_S_LOG" ADD CONSTRAINT "T_S_LOG_PRIMARYKEY" PRIMARY KEY ("ID")
  USING INDEX PCTFREE 10 INITRANS 2 MAXTRANS 255 
  STORAGE(INITIAL 65536 NEXT 1048576 MINEXTENTS 1 MAXEXTENTS 2147483645
  PCTINCREASE 0 FREELISTS 1 FREELIST GROUPS 1 BUFFER_POOL DEFAULT)
  TABLESPACE "USERS"  ENABLE;
--------------------------------------------------------
--  Constraints for Table T_S_OPERATION
--------------------------------------------------------

  ALTER TABLE  "T_S_OPERATION" MODIFY ("ID" NOT NULL ENABLE);
 
  ALTER TABLE  "T_S_OPERATION" ADD CONSTRAINT "T_S_OPERATION_PRIMARYKEY" PRIMARY KEY ("ID")
  USING INDEX PCTFREE 10 INITRANS 2 MAXTRANS 255 
  STORAGE(INITIAL 65536 NEXT 1048576 MINEXTENTS 1 MAXEXTENTS 2147483645
  PCTINCREASE 0 FREELISTS 1 FREELIST GROUPS 1 BUFFER_POOL DEFAULT)
  TABLESPACE "USERS"  ENABLE;
--------------------------------------------------------
--  Constraints for Table T_S_ROLE
--------------------------------------------------------

  ALTER TABLE  "T_S_ROLE" MODIFY ("ID" NOT NULL ENABLE);
 
  ALTER TABLE  "T_S_ROLE" ADD CONSTRAINT "T_S_ROLE_PRIMARYKEY" PRIMARY KEY ("ID")
  USING INDEX PCTFREE 10 INITRANS 2 MAXTRANS 255 
  STORAGE(INITIAL 65536 NEXT 1048576 MINEXTENTS 1 MAXEXTENTS 2147483645
  PCTINCREASE 0 FREELISTS 1 FREELIST GROUPS 1 BUFFER_POOL DEFAULT)
  TABLESPACE "USERS"  ENABLE;
--------------------------------------------------------
--  Constraints for Table T_S_ROLE_FUNCTION
--------------------------------------------------------

  ALTER TABLE  "T_S_ROLE_FUNCTION" MODIFY ("ID" NOT NULL ENABLE);
 
  ALTER TABLE  "T_S_ROLE_FUNCTION" ADD CONSTRAINT "T_S_ROLE_FUNCTION_PRIMARYKEY" PRIMARY KEY ("ID")
  USING INDEX PCTFREE 10 INITRANS 2 MAXTRANS 255 
  STORAGE(INITIAL 65536 NEXT 1048576 MINEXTENTS 1 MAXEXTENTS 2147483645
  PCTINCREASE 0 FREELISTS 1 FREELIST GROUPS 1 BUFFER_POOL DEFAULT)
  TABLESPACE "USERS"  ENABLE;
--------------------------------------------------------
--  Constraints for Table T_S_ROLE_USER
--------------------------------------------------------

  ALTER TABLE  "T_S_ROLE_USER" MODIFY ("ID" NOT NULL ENABLE);
 
  ALTER TABLE  "T_S_ROLE_USER" ADD CONSTRAINT "T_S_ROLE_USER_PRIMARYKEY" PRIMARY KEY ("ID")
  USING INDEX PCTFREE 10 INITRANS 2 MAXTRANS 255 
  STORAGE(INITIAL 65536 NEXT 1048576 MINEXTENTS 1 MAXEXTENTS 2147483645
  PCTINCREASE 0 FREELISTS 1 FREELIST GROUPS 1 BUFFER_POOL DEFAULT)
  TABLESPACE "USERS"  ENABLE;
--------------------------------------------------------
--  Constraints for Table T_S_TYPE
--------------------------------------------------------

  ALTER TABLE  "T_S_TYPE" MODIFY ("ID" NOT NULL ENABLE);
 
  ALTER TABLE  "T_S_TYPE" ADD CONSTRAINT "T_S_TYPE_PRIMARYKEY" PRIMARY KEY ("ID")
  USING INDEX PCTFREE 10 INITRANS 2 MAXTRANS 255 
  STORAGE(INITIAL 65536 NEXT 1048576 MINEXTENTS 1 MAXEXTENTS 2147483645
  PCTINCREASE 0 FREELISTS 1 FREELIST GROUPS 1 BUFFER_POOL DEFAULT)
  TABLESPACE "USERS"  ENABLE;
--------------------------------------------------------
--  Constraints for Table T_S_TYPEGROUP
--------------------------------------------------------

  ALTER TABLE  "T_S_TYPEGROUP" MODIFY ("ID" NOT NULL ENABLE);
 
  ALTER TABLE  "T_S_TYPEGROUP" ADD CONSTRAINT "T_S_TYPEGROUP_PRIMARYKEY" PRIMARY KEY ("ID")
  USING INDEX PCTFREE 10 INITRANS 2 MAXTRANS 255 
  STORAGE(INITIAL 65536 NEXT 1048576 MINEXTENTS 1 MAXEXTENTS 2147483645
  PCTINCREASE 0 FREELISTS 1 FREELIST GROUPS 1 BUFFER_POOL DEFAULT)
  TABLESPACE "USERS"  ENABLE;
--------------------------------------------------------
--  Constraints for Table T_S_USER
--------------------------------------------------------

  ALTER TABLE  "T_S_USER" MODIFY ("ID" NOT NULL ENABLE);
 
  ALTER TABLE  "T_S_USER" ADD CONSTRAINT "T_S_USER_PRIMARYKEY" PRIMARY KEY ("ID")
  USING INDEX PCTFREE 10 INITRANS 2 MAXTRANS 255 
  STORAGE(INITIAL 65536 NEXT 1048576 MINEXTENTS 1 MAXEXTENTS 2147483645
  PCTINCREASE 0 FREELISTS 1 FREELIST GROUPS 1 BUFFER_POOL DEFAULT)
  TABLESPACE "USERS"  ENABLE;
--------------------------------------------------------
--  Constraints for Table T_S_VERSION
--------------------------------------------------------

  ALTER TABLE  "T_S_VERSION" MODIFY ("ID" NOT NULL ENABLE);
 
  ALTER TABLE  "T_S_VERSION" ADD CONSTRAINT "T_S_VERSION_PRIMARYKEY" PRIMARY KEY ("ID")
  USING INDEX PCTFREE 10 INITRANS 2 MAXTRANS 255 
  STORAGE(INITIAL 65536 NEXT 1048576 MINEXTENTS 1 MAXEXTENTS 2147483645
  PCTINCREASE 0 FREELISTS 1 FREELIST GROUPS 1 BUFFER_POOL DEFAULT)
  TABLESPACE "USERS"  ENABLE;
--------------------------------------------------------
--  Ref Constraints for Table EMP
--------------------------------------------------------

  ALTER TABLE  "EMP" ADD CONSTRAINT "FK_DEPTNO" FOREIGN KEY ("DEPTNO")
	  REFERENCES  "DEPT" ("DEPTNO") ENABLE;
