<?xml version="1.0" encoding="utf-8"?>
<VisioDocument>
	<DocumentProperties>
		<Title></Title>
		<HyperlinkBase href=""></HyperlinkBase>
	</DocumentProperties>
	<Pages>
		<Page ID="0" Name="总体流程" NameU="Page-1">
			<Layer IX="0">
				<Name>流程图</Name>
				<NameUniv>Flowchart</NameUniv>
				<Visible>1</Visible>
			</Layer>
			<Layer IX="1">
				<Name>连接线</Name>
				<NameUniv>Connector</NameUniv>
				<Visible>1</Visible>
			</Layer>
			<Shapes>
				<Shape ID="1" UniqueID="{F8D477B0-7E29-4F6D-ACA9-CCB871654D95}" Name="水平支架" NameU="Horizontal holder" Master="0">
					<Text>康讯OA工作流</Text>
					<XForm>
						<PinX Unit="MM">0.010000000000000</PinX>
						<PinY Unit="MM">12.155984251968503</PinY>
					</XForm>
				</Shape>
				<Shape ID="34" UniqueID="{254E559F-C1CA-4146-BA6C-C38C29708308}" Name="分隔符" NameU="Separator" Master="9">
					<Text>报价表阶段</Text>
					<XForm>
						<PinX Unit="MM">3.750157480314960</PinX>
						<PinY Unit="MM">11.368582677165355</PinY>
					</XForm>
				</Shape>
				<Shape ID="57" UniqueID="{E3CF774E-7705-47CD-9B18-3E501D63989E}" Name="分隔符.57" NameU="Separator.57" Master="9">
					<Text>合同阶段</Text>
					<XForm>
						<PinX Unit="MM">5.935196850393701</PinX>
						<PinY Unit="MM">11.368582677165355</PinY>
					</XForm>
				</Shape>
				<Shape ID="63" UniqueID="{FAB2B87E-DA24-4C97-8092-2C05E3A6B4F2}" Name="分隔符.63" NameU="Separator.63" Master="9">
					<Text>采购阶段</Text>
					<XForm>
						<PinX Unit="MM">10.580866141732283</PinX>
						<PinY Unit="MM">11.368582677165355</PinY>
					</XForm>
				</Shape>
				<Shape ID="92" UniqueID="{891D369F-69EF-41F9-BD95-7ADDEC005A09}" Name="分隔符.92" NameU="Separator.92" Master="9">
					<Text>到货阶段</Text>
					<XForm>
						<PinX Unit="MM">19.665354330708659</PinX>
						<PinY Unit="MM">11.368582677165355</PinY>
					</XForm>
				</Shape>
				<Shape ID="122" UniqueID="{4789818E-E01C-40E4-A547-7DB8EB73F169}" Name="分隔符.122" NameU="Separator.122" Master="9">
					<Text>初验阶段</Text>
					<XForm>
						<PinX Unit="MM">24.596299212598424</PinX>
						<PinY Unit="MM">11.368582677165355</PinY>
					</XForm>
				</Shape>
				<Shape ID="125" UniqueID="{0D468211-7A90-4A27-8A72-030C2BB55D98}" Name="分隔符.125" NameU="Separator.125" Master="9">
					<Text>终验阶段</Text>
					<XForm>
						<PinX Unit="MM">27.824645669291339</PinX>
						<PinY Unit="MM">11.368582677165355</PinY>
					</XForm>
				</Shape>
				<Shape ID="69" UniqueID="{2F00495D-49B6-4D0A-92A4-3723B52BE558}" Name="职能带区.69" NameU="Functional band.69" Master="2">
					<Text>销售财务</Text>
					<XForm>
						<PinX Unit="MM">0.010000000000000</PinX>
						<PinY Unit="MM">3.809527559055117</PinY>
					</XForm>
				</Shape>
				<Shape ID="66" UniqueID="{A312BFC5-6245-401B-9ABF-D4E6C8AA235C}" Name="职能带区.66" NameU="Functional band.66" Master="2">
					<Text>采购财务</Text>
					<XForm>
						<PinX Unit="MM">0.010000000000000</PinX>
						<PinY Unit="MM">4.990629921259841</PinY>
					</XForm>
				</Shape>
				<Shape ID="31" UniqueID="{09745D4A-A71C-4938-8623-451FDA19D607}" Name="职能带区.31" NameU="Functional band.31" Master="2">
					<Text>工程</Text>
					<XForm>
						<PinX Unit="MM">0.010000000000000</PinX>
						<PinY Unit="MM">1.447322834645668</PinY>
					</XForm>
				</Shape>
				<Shape ID="28" UniqueID="{901B4AF3-CF01-4572-B80A-C843547F8C0F}" Name="职能带区.28" NameU="Functional band.28" Master="2">
					<Text>采购</Text>
					<XForm>
						<PinX Unit="MM">0.010000000000000</PinX>
						<PinY Unit="MM">2.628425196850392</PinY>
					</XForm>
				</Shape>
				<Shape ID="14" UniqueID="{FB88B7A6-880D-4818-BED3-A602A6A32ED4}" Name="职能带区.14" NameU="Functional band.14" Master="2">
					<Text>经理</Text>
					<XForm>
						<PinX Unit="MM">0.010000000000000</PinX>
						<PinY Unit="MM">6.486692913385825</PinY>
					</XForm>
				</Shape>
				<Shape ID="11" UniqueID="{A401E8BB-364D-4AA7-87BC-CD913A9F10DB}" Name="职能带区.11" NameU="Functional band.11" Master="2">
					<Text>副经理</Text>
					<XForm>
						<PinX Unit="MM">0.010000000000000</PinX>
						<PinY Unit="MM">7.667795275590549</PinY>
					</XForm>
				</Shape>
				<Shape ID="8" UniqueID="{BA89E7D9-5559-4E64-93C4-E31805219892}" Name="职能带区.8" NameU="Functional band.8" Master="2">
					<Text>销售</Text>
					<XForm>
						<PinX Unit="MM">0.010000000000000</PinX>
						<PinY Unit="MM">10.187480314960629</PinY>
					</XForm>
				</Shape>
				<Shape ID="5" UniqueID="{3A03B971-6E5B-4A7E-9320-68991128846E}" Name="职能带区" NameU="Functional band" Master="2">
					<Text>管理员</Text>
					<XForm>
						<PinX Unit="MM">0.010000000000000</PinX>
						<PinY Unit="MM">11.368582677165353</PinY>
					</XForm>
				</Shape>
				<Shape ID="17" UniqueID="{C1327BC5-CD1E-46DD-9CFE-80CDB0BA27B4}" Name="流程" NameU="Process" Master="3">
					<Text>提交合同模版审核</Text>
					<XForm>
						<PinX Unit="MM">1.880078740157480</PinX>
						<PinY Unit="MM">10.778031496062990</PinY>
					</XForm>
					<LayerMem>
						<LayerMember>0</LayerMember>
					</LayerMem>
					<Prop ID="1" Name="Cost" NameU="Cost">
						<Value></Value>
						<Label>成本</Label>
					</Prop>
					<Prop ID="2" Name="Duration" NameU="Duration">
						<Value></Value>
						<Label>持续时间</Label>
					</Prop>
					<Prop ID="3" Name="Resources" NameU="Resources">
						<Value></Value>
						<Label>资源</Label>
					</Prop>
				</Shape>
				<Shape ID="18" UniqueID="{4B4A0940-67BB-447F-88FB-9AB8E581BAF4}" Name="判定" NameU="Decision" Master="4">
					<Text>审核合同模版</Text>
					<XForm>
						<PinX Unit="MM">1.880078740157480</PinX>
						<PinY Unit="MM">9.596929133858266</PinY>
					</XForm>
					<LayerMem>
						<LayerMember>0</LayerMember>
					</LayerMem>
					<Prop ID="1" Name="Cost" NameU="Cost">
						<Value></Value>
						<Label>成本</Label>
					</Prop>
					<Prop ID="2" Name="Duration" NameU="Duration">
						<Value></Value>
						<Label>持续时间</Label>
					</Prop>
					<Prop ID="3" Name="Resources" NameU="Resources">
						<Value></Value>
						<Label>资源</Label>
					</Prop>
				</Shape>
				<Shape ID="19" UniqueID="{E419FE35-D721-428A-BB5A-F6DFCBCAC0CC}" Name="判定.19" NameU="Decision.19" Master="4">
					<Text>审核合同模版</Text>
					<XForm>
						<PinX Unit="MM">1.880078740157480</PinX>
						<PinY Unit="MM">7.077244094488187</PinY>
					</XForm>
					<LayerMem>
						<LayerMember>0</LayerMember>
					</LayerMem>
					<Prop ID="1" Name="Cost" NameU="Cost">
						<Value></Value>
						<Label>成本</Label>
					</Prop>
					<Prop ID="2" Name="Duration" NameU="Duration">
						<Value></Value>
						<Label>持续时间</Label>
					</Prop>
					<Prop ID="3" Name="Resources" NameU="Resources">
						<Value></Value>
						<Label>资源</Label>
					</Prop>
				</Shape>
				<Shape ID="20" UniqueID="{7D3A7A1A-2799-4732-9478-E871B490E2EE}" Name="判定.20" NameU="Decision.20" Master="4">
					<Text>审核合同模版</Text>
					<XForm>
						<PinX Unit="MM">1.880078740157480</PinX>
						<PinY Unit="MM">5.797716535433070</PinY>
					</XForm>
					<LayerMem>
						<LayerMember>0</LayerMember>
					</LayerMem>
					<Prop ID="1" Name="Cost" NameU="Cost">
						<Value></Value>
						<Label>成本</Label>
					</Prop>
					<Prop ID="2" Name="Duration" NameU="Duration">
						<Value></Value>
						<Label>持续时间</Label>
					</Prop>
					<Prop ID="3" Name="Resources" NameU="Resources">
						<Value></Value>
						<Label>资源</Label>
					</Prop>
				</Shape>
				<Shape ID="21" UniqueID="{251B985E-A106-4D09-9E98-A9F11355BDBA}" Name="动态连接线" NameU="Dynamic connector" Master="6">
					<Text>提交审核</Text>
					<XForm>
						<PinX Unit="MM">1.880078740157480</PinX>
						<PinY Unit="MM">10.187480314960627</PinY>
					</XForm>
					<LayerMem>
						<LayerMember>1</LayerMember>
					</LayerMem>
				</Shape>
				<Shape ID="22" UniqueID="{DE2BD172-AFDB-46CB-BAEA-4EA4476F1994}" Name="动态连接线.22" NameU="Dynamic connector.22" Master="6">
					<Text>审核失败</Text>
					<XForm>
						<PinX Unit="MM">2.372204724409449</PinX>
						<PinY Unit="MM">10.187480314960627</PinY>
					</XForm>
					<LayerMem>
						<LayerMember>1</LayerMember>
					</LayerMem>
				</Shape>
				<Shape ID="23" UniqueID="{3BF12C62-5A91-429E-8E83-17E15E447CA0}" Name="动态连接线.23" NameU="Dynamic connector.23" Master="6">
					<Text>销售审核通过</Text>
					<XForm>
						<PinX Unit="MM">1.880078740157480</PinX>
						<PinY Unit="MM">8.337086614173227</PinY>
					</XForm>
					<LayerMem>
						<LayerMember>1</LayerMember>
					</LayerMem>
				</Shape>
				<Shape ID="24" UniqueID="{F4F34BC9-2667-4978-98DA-F32432DA50F6}" Name="动态连接线.24" NameU="Dynamic connector.24" Master="6">
					<Text>审核失败</Text>
					<XForm>
						<PinX Unit="MM">2.372204724409449</PinX>
						<PinY Unit="MM">8.927637795275588</PinY>
					</XForm>
					<LayerMem>
						<LayerMember>1</LayerMember>
					</LayerMem>
				</Shape>
				<Shape ID="25" UniqueID="{072D4C13-B4C1-498A-85D4-7BC2738F8CCE}" Name="动态连接线.25" NameU="Dynamic connector.25" Master="6">
					<Text>财务审核通过</Text>
					<XForm>
						<PinX Unit="MM">1.880078740157481</PinX>
						<PinY Unit="MM">6.437480314960631</PinY>
					</XForm>
					<LayerMem>
						<LayerMember>1</LayerMember>
					</LayerMem>
				</Shape>
				<Shape ID="26" UniqueID="{973355E8-1E00-4D2D-B80F-170E54ACAE56}" Name="动态连接线.26" NameU="Dynamic connector.26" Master="6">
					<Text>审核失败</Text>
					<XForm>
						<PinX Unit="MM">2.372204724409449</PinX>
						<PinY Unit="MM">8.287874015748031</PinY>
					</XForm>
					<LayerMem>
						<LayerMember>1</LayerMember>
					</LayerMem>
				</Shape>
				<Shape ID="37" UniqueID="{B6BD4C6D-5823-4D86-B7E5-2A79D6C87DA8}" Name="流程.37" NameU="Process.37" Master="3">
					<Text>提交报价表审核</Text>
					<XForm>
						<PinX Unit="MM">4.655669291338582</PinX>
						<PinY Unit="MM">9.596929133858266</PinY>
					</XForm>
					<LayerMem>
						<LayerMember>0</LayerMember>
					</LayerMem>
					<Prop ID="1" Name="Cost" NameU="Cost">
						<Value></Value>
						<Label>成本</Label>
					</Prop>
					<Prop ID="2" Name="Duration" NameU="Duration">
						<Value></Value>
						<Label>持续时间</Label>
					</Prop>
					<Prop ID="3" Name="Resources" NameU="Resources">
						<Value></Value>
						<Label>资源</Label>
					</Prop>
				</Shape>
				<Shape ID="38" UniqueID="{89156DDF-E8AB-4F15-A627-EA84156AE2F2}" Name="判定.38" NameU="Decision.38" Master="4">
					<Text>报审报价表</Text>
					<XForm>
						<PinX Unit="MM">4.655669291338582</PinX>
						<PinY Unit="MM">5.797716535433070</PinY>
					</XForm>
					<LayerMem>
						<LayerMember>0</LayerMember>
					</LayerMem>
					<Prop ID="1" Name="Cost" NameU="Cost">
						<Value></Value>
						<Label>成本</Label>
					</Prop>
					<Prop ID="2" Name="Duration" NameU="Duration">
						<Value></Value>
						<Label>持续时间</Label>
					</Prop>
					<Prop ID="3" Name="Resources" NameU="Resources">
						<Value></Value>
						<Label>资源</Label>
					</Prop>
				</Shape>
				<Shape ID="39" UniqueID="{44F69C0F-7FE0-4973-BE0F-9CC319C478B9}" Name="动态连接线.39" NameU="Dynamic connector.39" Master="6">
					<Text>提交审核</Text>
					<XForm>
						<PinX Unit="MM">4.655669291338582</PinX>
						<PinY Unit="MM">7.697322834645668</PinY>
					</XForm>
					<LayerMem>
						<LayerMember>1</LayerMember>
					</LayerMem>
				</Shape>
				<Shape ID="40" UniqueID="{E45FAC37-ECBF-4272-B217-657F6BC31A89}" Name="动态连接线.40" NameU="Dynamic connector.40" Master="6">
					<Text>不同意</Text>
					<XForm>
						<PinX Unit="MM">4.163543307086614</PinX>
						<PinY Unit="MM">7.697322834645669</PinY>
					</XForm>
					<LayerMem>
						<LayerMember>1</LayerMember>
					</LayerMem>
				</Shape>
				<Shape ID="43" UniqueID="{B896B20F-1448-49D0-AA2B-D71EE19B8817}" Name="流程.43" NameU="Process.43" Master="3">
					<Text>正式合同</Text>
					<XForm>
						<PinX Unit="MM">7.156618110236220</PinX>
						<PinY Unit="MM">9.793779527559055</PinY>
					</XForm>
					<LayerMem>
						<LayerMember>0</LayerMember>
					</LayerMem>
					<Prop ID="1" Name="Cost" NameU="Cost">
						<Value></Value>
						<Label>成本</Label>
					</Prop>
					<Prop ID="2" Name="Duration" NameU="Duration">
						<Value></Value>
						<Label>持续时间</Label>
					</Prop>
					<Prop ID="3" Name="Resources" NameU="Resources">
						<Value></Value>
						<Label>资源</Label>
					</Prop>
				</Shape>
				<Shape ID="44" UniqueID="{D8A90206-E777-4BDA-B861-1A2A23373524}" Name="流程.44" NameU="Process.44" Master="3">
					<Text>临时合同</Text>
					<XForm>
						<PinX Unit="MM">8.120236220472441</PinX>
						<PinY Unit="MM">9.793779527559055</PinY>
					</XForm>
					<LayerMem>
						<LayerMember>0</LayerMember>
					</LayerMem>
					<Prop ID="1" Name="Cost" NameU="Cost">
						<Value></Value>
						<Label>成本</Label>
					</Prop>
					<Prop ID="2" Name="Duration" NameU="Duration">
						<Value></Value>
						<Label>持续时间</Label>
					</Prop>
					<Prop ID="3" Name="Resources" NameU="Resources">
						<Value></Value>
						<Label>资源</Label>
					</Prop>
				</Shape>
				<Shape ID="50" UniqueID="{E1858526-F0CE-40BA-9D37-486912F7B4E5}" Name="判定.50" NameU="Decision.50" Master="4">
					<Text>审核合同</Text>
					<XForm>
						<PinX Unit="MM">8.120236220472441</PinX>
						<PinY Unit="MM">5.797716535433070</PinY>
					</XForm>
					<LayerMem>
						<LayerMember>0</LayerMember>
					</LayerMem>
					<Prop ID="1" Name="Cost" NameU="Cost">
						<Value></Value>
						<Label>成本</Label>
					</Prop>
					<Prop ID="2" Name="Duration" NameU="Duration">
						<Value></Value>
						<Label>持续时间</Label>
					</Prop>
					<Prop ID="3" Name="Resources" NameU="Resources">
						<Value></Value>
						<Label>资源</Label>
					</Prop>
				</Shape>
				<Shape ID="56" UniqueID="{B7FF502B-A2E1-46FE-81FF-8F6F97D2927B}" Name="流程.56" NameU="Process.56" Master="3">
					<Text>销售订单</Text>
					<XForm>
						<PinX Unit="MM">11.781653543307087</PinX>
						<PinY Unit="MM">9.557559055118109</PinY>
					</XForm>
					<LayerMem>
						<LayerMember>0</LayerMember>
					</LayerMem>
					<Prop ID="1" Name="Cost" NameU="Cost">
						<Value></Value>
						<Label>成本</Label>
					</Prop>
					<Prop ID="2" Name="Duration" NameU="Duration">
						<Value></Value>
						<Label>持续时间</Label>
					</Prop>
					<Prop ID="3" Name="Resources" NameU="Resources">
						<Value></Value>
						<Label>资源</Label>
					</Prop>
				</Shape>
				<Shape ID="60" UniqueID="{CA01423D-C026-4D24-83AA-025E5A3C7606}" Name="动态连接线.60" NameU="Dynamic connector.60" Master="6">
					<Text>同意</Text>
					<XForm>
						<PinX Unit="MM">10.044448818897639</PinX>
						<PinY Unit="MM">7.677637795275589</PinY>
					</XForm>
					<LayerMem>
						<LayerMember>1</LayerMember>
					</LayerMem>
				</Shape>
				<Shape ID="62" UniqueID="{2FDE7E78-A819-47BF-9213-E6A0C2236437}" Name="动态连接线.62" NameU="Dynamic connector.62" Master="6">
					<XForm>
						<PinX Unit="MM">11.780832677165353</PinX>
						<PinY Unit="MM">5.844960629921259</PinY>
					</XForm>
					<LayerMem>
						<LayerMember>1</LayerMember>
					</LayerMem>
				</Shape>
				<Shape ID="61" UniqueID="{E0C5DD20-AE66-46AB-9F88-43F23FFA8B34}" Name="流程.61" NameU="Process.61" Master="3">
					<Text>询价(报价单)</Text>
					<XForm>
						<PinX Unit="MM">11.780011811023622</PinX>
						<PinY Unit="MM">2.078228346456691</PinY>
					</XForm>
					<LayerMem>
						<LayerMember>0</LayerMember>
					</LayerMem>
					<Prop ID="1" Name="Cost" NameU="Cost">
						<Value></Value>
						<Label>成本</Label>
					</Prop>
					<Prop ID="2" Name="Duration" NameU="Duration">
						<Value></Value>
						<Label>持续时间</Label>
					</Prop>
					<Prop ID="3" Name="Resources" NameU="Resources">
						<Value></Value>
						<Label>资源</Label>
					</Prop>
				</Shape>
				<Shape ID="72" UniqueID="{928EFB98-BEFE-4D0E-996C-1D48E4C7173E}" Name="判定.72" NameU="Decision.72" Master="4">
					<Text>审核询价单</Text>
					<XForm>
						<PinX Unit="MM">12.746220472440944</PinX>
						<PinY Unit="MM">5.708661417322833</PinY>
					</XForm>
					<LayerMem>
						<LayerMember>0</LayerMember>
					</LayerMem>
					<Prop ID="1" Name="Cost" NameU="Cost">
						<Value></Value>
						<Label>成本</Label>
					</Prop>
					<Prop ID="2" Name="Duration" NameU="Duration">
						<Value></Value>
						<Label>持续时间</Label>
					</Prop>
					<Prop ID="3" Name="Resources" NameU="Resources">
						<Value></Value>
						<Label>资源</Label>
					</Prop>
				</Shape>
				<Shape ID="73" UniqueID="{68E01BD3-F974-40A9-B2D7-E6E0EDE38C5D}" Name="动态连接线.73" NameU="Dynamic connector.73" Master="6">
					<Text>提交审核</Text>
					<XForm>
						<PinX Unit="MM">12.460786745406823</PinX>
						<PinY Unit="MM">3.745807086614172</PinY>
					</XForm>
					<LayerMem>
						<LayerMember>1</LayerMember>
					</LayerMem>
				</Shape>
				<Shape ID="74" UniqueID="{6C089952-A3E3-4B1B-B3BA-DD711027A75B}" Name="动态连接线.74" NameU="Dynamic connector.74" Master="6">
					<Text>不同意</Text>
					<XForm>
						<PinX Unit="MM">11.819382545931758</PinX>
						<PinY Unit="MM">3.893444881889763</PinY>
					</XForm>
					<LayerMem>
						<LayerMember>1</LayerMember>
					</LayerMem>
				</Shape>
				<Shape ID="75" UniqueID="{6226DD06-7784-4236-9D30-7EC5F0380D12}" Name="流程.75" NameU="Process.75" Master="3">
					<Text>采购合同</Text>
					<XForm>
						<PinX Unit="MM">13.986377952755905</PinX>
						<PinY Unit="MM">2.037874015748030</PinY>
					</XForm>
					<LayerMem>
						<LayerMember>0</LayerMember>
					</LayerMem>
					<Prop ID="1" Name="Cost" NameU="Cost">
						<Value></Value>
						<Label>成本</Label>
					</Prop>
					<Prop ID="2" Name="Duration" NameU="Duration">
						<Value></Value>
						<Label>持续时间</Label>
					</Prop>
					<Prop ID="3" Name="Resources" NameU="Resources">
						<Value></Value>
						<Label>资源</Label>
					</Prop>
				</Shape>
				<Shape ID="76" UniqueID="{DFBA5EBC-4021-47D8-AA96-6247FDA8944C}" Name="动态连接线.76" NameU="Dynamic connector.76" Master="6">
					<Text>同意</Text>
					<XForm>
						<PinX Unit="MM">13.415511811023620</PinX>
						<PinY Unit="MM">3.873267716535432</PinY>
					</XForm>
					<LayerMem>
						<LayerMember>1</LayerMember>
					</LayerMem>
				</Shape>
				<Shape ID="77" UniqueID="{6B4BD3DE-68C2-4A45-9ACA-BEC67DE95174}" Name="判定.77" NameU="Decision.77" Master="4">
					<Text>审核采购合同</Text>
					<XForm>
						<PinX Unit="MM">14.803149606299211</PinX>
						<PinY Unit="MM">5.767716535433070</PinY>
					</XForm>
					<LayerMem>
						<LayerMember>0</LayerMember>
					</LayerMem>
					<Prop ID="1" Name="Cost" NameU="Cost">
						<Value></Value>
						<Label>成本</Label>
					</Prop>
					<Prop ID="2" Name="Duration" NameU="Duration">
						<Value></Value>
						<Label>持续时间</Label>
					</Prop>
					<Prop ID="3" Name="Resources" NameU="Resources">
						<Value></Value>
						<Label>资源</Label>
					</Prop>
				</Shape>
				<Shape ID="78" UniqueID="{F677C1AA-E42A-4BA5-8A11-0428CC692190}" Name="动态连接线.78" NameU="Dynamic connector.78" Master="6">
					<Text>提交审核</Text>
					<XForm>
						<PinX Unit="MM">14.591614173228347</PinX>
						<PinY Unit="MM">3.755157480314959</PinY>
					</XForm>
					<LayerMem>
						<LayerMember>1</LayerMember>
					</LayerMem>
				</Shape>
				<Shape ID="79" UniqueID="{7AB9A1DB-0728-481F-9E53-F82DD6C0685B}" Name="动态连接线.79" NameU="Dynamic connector.79" Master="6">
					<Text>不同意</Text>
					<XForm>
						<PinX Unit="MM">14.148700787401575</PinX>
						<PinY Unit="MM">4.020905511811023</PinY>
					</XForm>
					<LayerMem>
						<LayerMember>1</LayerMember>
					</LayerMem>
				</Shape>
				<Shape ID="80" UniqueID="{B20F3E9F-45D9-4DF1-A9D7-7C1D0EA28CA1}" Name="流程.80" NameU="Process.80" Master="3">
					<Text>申请采购付款</Text>
					<XForm>
						<PinX Unit="MM">16.072992125984250</PinX>
						<PinY Unit="MM">2.008346456692912</PinY>
					</XForm>
					<LayerMem>
						<LayerMember>0</LayerMember>
					</LayerMem>
					<Prop ID="1" Name="Cost" NameU="Cost">
						<Value></Value>
						<Label>成本</Label>
					</Prop>
					<Prop ID="2" Name="Duration" NameU="Duration">
						<Value></Value>
						<Label>持续时间</Label>
					</Prop>
					<Prop ID="3" Name="Resources" NameU="Resources">
						<Value></Value>
						<Label>资源</Label>
					</Prop>
				</Shape>
				<Shape ID="81" UniqueID="{AEF52595-0A7C-43A2-979F-8041EA8CC856}" Name="动态连接线.81" NameU="Dynamic connector.81" Master="6">
					<Text>同意</Text>
					<XForm>
						<PinX Unit="MM">15.462677165354330</PinX>
						<PinY Unit="MM">3.888031496062991</PinY>
					</XForm>
					<LayerMem>
						<LayerMember>1</LayerMember>
					</LayerMem>
				</Shape>
				<Shape ID="82" UniqueID="{F04EF589-F68B-4205-9E78-9181E1F0BB7A}" Name="判定.82" NameU="Decision.82" Master="4">
					<Text>采购付款审批</Text>
					<XForm>
						<PinX Unit="MM">16.742283464566928</PinX>
						<PinY Unit="MM">5.728346456692912</PinY>
					</XForm>
					<LayerMem>
						<LayerMember>0</LayerMember>
					</LayerMem>
					<Prop ID="1" Name="Cost" NameU="Cost">
						<Value></Value>
						<Label>成本</Label>
					</Prop>
					<Prop ID="2" Name="Duration" NameU="Duration">
						<Value></Value>
						<Label>持续时间</Label>
					</Prop>
					<Prop ID="3" Name="Resources" NameU="Resources">
						<Value></Value>
						<Label>资源</Label>
					</Prop>
				</Shape>
				<Shape ID="83" UniqueID="{C2FFE259-F964-45B0-88CF-D8341DA7BA96}" Name="动态连接线.83" NameU="Dynamic connector.83" Master="6">
					<Text>提交审核</Text>
					<XForm>
						<PinX Unit="MM">16.629094488188976</PinX>
						<PinY Unit="MM">3.720708661417322</PinY>
					</XForm>
					<LayerMem>
						<LayerMember>1</LayerMember>
					</LayerMem>
				</Shape>
				<Shape ID="85" UniqueID="{72D1EF3A-CE76-4635-AF2C-BBC4ECA5CE17}" Name="动态连接线.85" NameU="Dynamic connector.85" Master="6">
					<Text>经理不同意</Text>
					<XForm>
						<PinX Unit="MM">16.161574803149605</PinX>
						<PinY Unit="MM">4.001220472440943</PinY>
					</XForm>
					<LayerMem>
						<LayerMember>1</LayerMember>
					</LayerMem>
				</Shape>
				<Shape ID="86" UniqueID="{E15944C3-00E9-438D-9EDC-B480AE472FBC}" Name="动态连接线.86" NameU="Dynamic connector.86" Master="6">
					<Text>同意</Text>
					<XForm>
						<PinX Unit="MM">16.742283464566931</PinX>
						<PinY Unit="MM">6.452007874015747</PinY>
					</XForm>
					<LayerMem>
						<LayerMember>1</LayerMember>
					</LayerMem>
				</Shape>
				<Shape ID="87" UniqueID="{2C95235D-C302-4C05-BC9D-40AA9F64E734}" Name="流程.87" NameU="Process.87" Master="3">
					<Text>采购付款</Text>
					<XForm>
						<PinX Unit="MM">18.238346456692913</PinX>
						<PinY Unit="MM">4.400078740157479</PinY>
					</XForm>
					<LayerMem>
						<LayerMember>0</LayerMember>
					</LayerMem>
					<Prop ID="1" Name="Cost" NameU="Cost">
						<Value></Value>
						<Label>成本</Label>
					</Prop>
					<Prop ID="2" Name="Duration" NameU="Duration">
						<Value></Value>
						<Label>持续时间</Label>
					</Prop>
					<Prop ID="3" Name="Resources" NameU="Resources">
						<Value></Value>
						<Label>资源</Label>
					</Prop>
				</Shape>
				<Shape ID="88" UniqueID="{46597350-635A-4740-857F-755052657DFE}" Name="动态连接线.88" NameU="Dynamic connector.88" Master="6">
					<Text>执行</Text>
					<XForm>
						<PinX Unit="MM">17.692086614173228</PinX>
						<PinY Unit="MM">5.803622047244093</PinY>
					</XForm>
					<LayerMem>
						<LayerMember>1</LayerMember>
					</LayerMem>
				</Shape>
				<Shape ID="89" UniqueID="{6B653390-47A8-4F73-B734-BB6FEC8FD26A}" Name="动态连接线.89" NameU="Dynamic connector.89" Master="6">
					<Text>返回付款结果</Text>
					<XForm>
						<PinX Unit="MM">16.830866141732280</PinX>
						<PinY Unit="MM">4.513267716535431</PinY>
					</XForm>
					<LayerMem>
						<LayerMember>1</LayerMember>
					</LayerMem>
				</Shape>
				<Shape ID="91" UniqueID="{502F96D6-41D4-4AA7-846B-5C04E5900E4B}" Name="动态连接线.91" NameU="Dynamic connector.91" Master="6">
					<XForm>
						<PinX Unit="MM">17.962598425196848</PinX>
						<PinY Unit="MM">1.255157480314959</PinY>
					</XForm>
					<LayerMem>
						<LayerMember>1</LayerMember>
					</LayerMem>
				</Shape>
				<Shape ID="84" UniqueID="{ED7D8C7F-F218-4B0E-9173-64082FCE33A5}" Name="流程.84" NameU="Process.84" Master="3">
					<Text>通知采购付款
</Text>
					<XForm>
						<PinX Unit="MM">16.742283464566928</PinX>
						<PinY Unit="MM">7.018188976377951</PinY>
					</XForm>
					<LayerMem>
						<LayerMember>0</LayerMember>
					</LayerMem>
					<Prop ID="1" Name="Cost" NameU="Cost">
						<Value></Value>
						<Label>成本</Label>
					</Prop>
					<Prop ID="2" Name="Duration" NameU="Duration">
						<Value></Value>
						<Label>持续时间</Label>
					</Prop>
					<Prop ID="3" Name="Resources" NameU="Resources">
						<Value></Value>
						<Label>资源</Label>
					</Prop>
				</Shape>
				<Shape ID="90" UniqueID="{5D558E5A-F031-444B-A7D9-78E8390CE551}" Name="判定.90" NameU="Decision.90" Master="4">
					<Text>到货</Text>
					<XForm>
						<PinX Unit="MM">20.344330708661417</PinX>
						<PinY Unit="MM">0.767716535433070</PinY>
					</XForm>
					<LayerMem>
						<LayerMember>0</LayerMember>
					</LayerMem>
					<Prop ID="1" Name="Cost" NameU="Cost">
						<Value></Value>
						<Label>成本</Label>
					</Prop>
					<Prop ID="2" Name="Duration" NameU="Duration">
						<Value></Value>
						<Label>持续时间</Label>
					</Prop>
					<Prop ID="3" Name="Resources" NameU="Resources">
						<Value></Value>
						<Label>资源</Label>
					</Prop>
				</Shape>
				<Shape ID="96" UniqueID="{F9514302-D39A-4A26-8C94-2D011593B353}" Name="流程.96" NameU="Process.96" Master="3">
					<Text>申请销项发票</Text>
					<XForm>
						<PinX Unit="MM">21.476220472440943</PinX>
						<PinY Unit="MM">9.350393700787400</PinY>
					</XForm>
					<LayerMem>
						<LayerMember>0</LayerMember>
					</LayerMem>
					<Prop ID="1" Name="Cost" NameU="Cost">
						<Value></Value>
						<Label>成本</Label>
					</Prop>
					<Prop ID="2" Name="Duration" NameU="Duration">
						<Value></Value>
						<Label>持续时间</Label>
					</Prop>
					<Prop ID="3" Name="Resources" NameU="Resources">
						<Value></Value>
						<Label>资源</Label>
					</Prop>
				</Shape>
				<Shape ID="97" UniqueID="{971FBBAD-C9C1-4AF2-AA0D-BA18E93ED82C}" Name="动态连接线.97" NameU="Dynamic connector.97" Master="6">
					<Text>已到货</Text>
					<XForm>
						<PinX Unit="MM">20.664212598425195</PinX>
						<PinY Unit="MM">5.206692913385826</PinY>
					</XForm>
					<LayerMem>
						<LayerMember>1</LayerMember>
					</LayerMem>
				</Shape>
				<Shape ID="98" UniqueID="{D52CB022-4865-4CC6-9676-C86C43B33EE6}" Name="判定.98" NameU="Decision.98" Master="4">
					<Text>销项发票审批</Text>
					<XForm>
						<PinX Unit="MM">21.476220472440943</PinX>
						<PinY Unit="MM">7.066929133858266</PinY>
					</XForm>
					<LayerMem>
						<LayerMember>0</LayerMember>
					</LayerMem>
					<Prop ID="1" Name="Cost" NameU="Cost">
						<Value></Value>
						<Label>成本</Label>
					</Prop>
					<Prop ID="2" Name="Duration" NameU="Duration">
						<Value></Value>
						<Label>持续时间</Label>
					</Prop>
					<Prop ID="3" Name="Resources" NameU="Resources">
						<Value></Value>
						<Label>资源</Label>
					</Prop>
				</Shape>
				<Shape ID="99" UniqueID="{19327247-9A92-46D4-969E-971B9BDEB96E}" Name="动态连接线.99" NameU="Dynamic connector.99" Master="6">
					<XForm>
						<PinX Unit="MM">21.476220472440943</PinX>
						<PinY Unit="MM">8.208661417322833</PinY>
					</XForm>
					<LayerMem>
						<LayerMember>1</LayerMember>
					</LayerMem>
				</Shape>
				<Shape ID="100" UniqueID="{6A8A8CF5-F4D0-41F6-A5DA-045348FD48AE}" Name="动态连接线.100" NameU="Dynamic connector.100" Master="6">
					<Text>不同意</Text>
					<XForm>
						<PinX Unit="MM">21.968346456692910</PinX>
						<PinY Unit="MM">8.208661417322833</PinY>
					</XForm>
					<LayerMem>
						<LayerMember>1</LayerMember>
					</LayerMem>
				</Shape>
				<Shape ID="101" UniqueID="{153AA4B2-85FC-4158-AC5C-E725772E66A8}" Name="流程.101" NameU="Process.101" Master="3">
					<Text>开票及寄送</Text>
					<XForm>
						<PinX Unit="MM">21.476220472440943</PinX>
						<PinY Unit="MM">3.216535433070865</PinY>
					</XForm>
					<LayerMem>
						<LayerMember>0</LayerMember>
					</LayerMem>
					<Prop ID="1" Name="Cost" NameU="Cost">
						<Value></Value>
						<Label>成本</Label>
					</Prop>
					<Prop ID="2" Name="Duration" NameU="Duration">
						<Value></Value>
						<Label>持续时间</Label>
					</Prop>
					<Prop ID="3" Name="Resources" NameU="Resources">
						<Value></Value>
						<Label>资源</Label>
					</Prop>
				</Shape>
				<Shape ID="102" UniqueID="{7AA3C568-5F64-4210-8AD0-FE0B71F180F1}" Name="动态连接线.102" NameU="Dynamic connector.102" Master="6">
					<Text>同意</Text>
					<XForm>
						<PinX Unit="MM">21.476220472440943</PinX>
						<PinY Unit="MM">5.106299212598423</PinY>
					</XForm>
					<LayerMem>
						<LayerMember>1</LayerMember>
					</LayerMem>
				</Shape>
				<Shape ID="104" UniqueID="{F2F17A96-B3CB-42A4-952B-31B54C8BEB75}" Name="动态连接线.104" NameU="Dynamic connector.104" Master="6">
					<XForm>
						<PinX Unit="MM">22.470314960629921</PinX>
						<PinY Unit="MM">6.273622047244094</PinY>
					</XForm>
					<LayerMem>
						<LayerMember>1</LayerMember>
					</LayerMem>
				</Shape>
				<Shape ID="103" UniqueID="{F9FAB3A1-C1EA-4DE2-8EEC-42369FF9E26F}" Name="判定.103" NameU="Decision.103" Master="4">
					<Text>催收货款</Text>
					<XForm>
						<PinX Unit="MM">23.582519685039369</PinX>
						<PinY Unit="MM">9.330708661417322</PinY>
					</XForm>
					<LayerMem>
						<LayerMember>0</LayerMember>
					</LayerMem>
					<Prop ID="1" Name="Cost" NameU="Cost">
						<Value></Value>
						<Label>成本</Label>
					</Prop>
					<Prop ID="2" Name="Duration" NameU="Duration">
						<Value></Value>
						<Label>持续时间</Label>
					</Prop>
					<Prop ID="3" Name="Resources" NameU="Resources">
						<Value></Value>
						<Label>资源</Label>
					</Prop>
				</Shape>
				<Shape ID="105" UniqueID="{2A5E7B29-0523-4C3B-AD3F-7BFE8E20533F}" Name="动态连接线.105" NameU="Dynamic connector.105" Master="6">
					<Text>N</Text>
					<XForm>
						<PinX Unit="MM">23.828582677165357</PinX>
						<PinY Unit="MM">9.478346456692913</PinY>
					</XForm>
					<LayerMem>
						<LayerMember>1</LayerMember>
					</LayerMem>
				</Shape>
				<Shape ID="106" UniqueID="{35D66B42-4ACC-4880-BD2A-954D4F8EC097}" Name="流程.106" NameU="Process.106" Master="3">
					<Text>合同货款到账</Text>
					<XForm>
						<PinX Unit="MM">23.582519685039369</PinX>
						<PinY Unit="MM">7.125984251968502</PinY>
					</XForm>
					<LayerMem>
						<LayerMember>0</LayerMember>
					</LayerMem>
					<Prop ID="1" Name="Cost" NameU="Cost">
						<Value></Value>
						<Label>成本</Label>
					</Prop>
					<Prop ID="2" Name="Duration" NameU="Duration">
						<Value></Value>
						<Label>持续时间</Label>
					</Prop>
					<Prop ID="3" Name="Resources" NameU="Resources">
						<Value></Value>
						<Label>资源</Label>
					</Prop>
				</Shape>
				<Shape ID="107" UniqueID="{D64987AD-9038-4965-86E3-27CD1615D122}" Name="动态连接线.107" NameU="Dynamic connector.107" Master="6">
					<Text>Y</Text>
					<XForm>
						<PinX Unit="MM">23.582519685039372</PinX>
						<PinY Unit="MM">8.198818897637795</PinY>
					</XForm>
					<LayerMem>
						<LayerMember>1</LayerMember>
					</LayerMem>
				</Shape>
				<Shape ID="108" UniqueID="{F2920EC0-35C4-4B93-BF47-865EC621AB96}" Name="判定.108" NameU="Decision.108" Master="4">
					<Text>初验</Text>
					<XForm>
						<PinX Unit="MM">25.560866141732284</PinX>
						<PinY Unit="MM">0.778031496062991</PinY>
					</XForm>
					<LayerMem>
						<LayerMember>0</LayerMember>
					</LayerMem>
					<Prop ID="1" Name="Cost" NameU="Cost">
						<Value></Value>
						<Label>成本</Label>
					</Prop>
					<Prop ID="2" Name="Duration" NameU="Duration">
						<Value></Value>
						<Label>持续时间</Label>
					</Prop>
					<Prop ID="3" Name="Resources" NameU="Resources">
						<Value></Value>
						<Label>资源</Label>
					</Prop>
				</Shape>
				<Shape ID="109" UniqueID="{D8740082-9855-4E5F-A19F-356080CE75B5}" Name="动态连接线.109" NameU="Dynamic connector.109" Master="6">
					<XForm>
						<PinX Unit="MM">22.952598425196847</PinX>
						<PinY Unit="MM">0.772874015748030</PinY>
					</XForm>
					<LayerMem>
						<LayerMember>1</LayerMember>
					</LayerMem>
				</Shape>
				<Shape ID="110" UniqueID="{ED0D1F03-F69F-4D19-8220-094CE70ACEB1}" Name="判定.110" NameU="Decision.110" Master="4">
					<Text>催收初验款</Text>
					<XForm>
						<PinX Unit="MM">26.427007874015747</PinX>
						<PinY Unit="MM">9.262283464566929</PinY>
					</XForm>
					<LayerMem>
						<LayerMember>0</LayerMember>
					</LayerMem>
					<Prop ID="1" Name="Cost" NameU="Cost">
						<Value></Value>
						<Label>成本</Label>
					</Prop>
					<Prop ID="2" Name="Duration" NameU="Duration">
						<Value></Value>
						<Label>持续时间</Label>
					</Prop>
					<Prop ID="3" Name="Resources" NameU="Resources">
						<Value></Value>
						<Label>资源</Label>
					</Prop>
				</Shape>
				<Shape ID="111" UniqueID="{10F2D3D8-F7A2-4253-B084-F22EC81F4BF8}" Name="动态连接线.111" NameU="Dynamic connector.111" Master="6">
					<Text>N</Text>
					<XForm>
						<PinX Unit="MM">26.673070866141735</PinX>
						<PinY Unit="MM">9.409921259842520</PinY>
					</XForm>
					<LayerMem>
						<LayerMember>1</LayerMember>
					</LayerMem>
				</Shape>
				<Shape ID="112" UniqueID="{11E1AD50-0D67-4256-9C08-A4B9D6415ABB}" Name="动态连接线.112" NameU="Dynamic connector.112" Master="6">
					<Text>完成初验</Text>
					<XForm>
						<PinX Unit="MM">25.747874015748032</PinX>
						<PinY Unit="MM">5.167795275590550</PinY>
					</XForm>
					<LayerMem>
						<LayerMember>1</LayerMember>
					</LayerMem>
				</Shape>
				<Shape ID="113" UniqueID="{2DB31048-604E-415F-941D-85C01EDDFB54}" Name="流程.113" NameU="Process.113" Master="3">
					<Text>初验款到账</Text>
					<XForm>
						<PinX Unit="MM">26.427007874015747</PinX>
						<PinY Unit="MM">7.037874015748030</PinY>
					</XForm>
					<LayerMem>
						<LayerMember>0</LayerMember>
					</LayerMem>
					<Prop ID="1" Name="Cost" NameU="Cost">
						<Value></Value>
						<Label>成本</Label>
					</Prop>
					<Prop ID="2" Name="Duration" NameU="Duration">
						<Value></Value>
						<Label>持续时间</Label>
					</Prop>
					<Prop ID="3" Name="Resources" NameU="Resources">
						<Value></Value>
						<Label>资源</Label>
					</Prop>
				</Shape>
				<Shape ID="114" UniqueID="{F0CAA0AD-D41B-4F96-A20D-7EEE0B97F072}" Name="动态连接线.114" NameU="Dynamic connector.114" Master="6">
					<Text>Y</Text>
					<XForm>
						<PinX Unit="MM">26.427007874015750</PinX>
						<PinY Unit="MM">8.100866141732283</PinY>
					</XForm>
					<LayerMem>
						<LayerMember>1</LayerMember>
					</LayerMem>
				</Shape>
				<Shape ID="115" UniqueID="{EC2075F4-F0AB-4DE2-8055-79C1E0266BFF}" Name="判定.115" NameU="Decision.115" Master="4">
					<Text>终验</Text>
					<XForm>
						<PinX Unit="MM">29.281338582677165</PinX>
						<PinY Unit="MM">0.778031496062991</PinY>
					</XForm>
					<LayerMem>
						<LayerMember>0</LayerMember>
					</LayerMem>
					<Prop ID="1" Name="Cost" NameU="Cost">
						<Value></Value>
						<Label>成本</Label>
					</Prop>
					<Prop ID="2" Name="Duration" NameU="Duration">
						<Value></Value>
						<Label>持续时间</Label>
					</Prop>
					<Prop ID="3" Name="Resources" NameU="Resources">
						<Value></Value>
						<Label>资源</Label>
					</Prop>
				</Shape>
				<Shape ID="116" UniqueID="{FBCCE20A-A355-444A-983D-3F0823CE0ACC}" Name="动态连接线.116" NameU="Dynamic connector.116" Master="6">
					<XForm>
						<PinX Unit="MM">27.421102362204721</PinX>
						<PinY Unit="MM">0.778031496062991</PinY>
					</XForm>
					<LayerMem>
						<LayerMember>1</LayerMember>
					</LayerMem>
				</Shape>
				<Shape ID="117" UniqueID="{B0BE9133-093F-4965-9E88-290808D92628}" Name="判定.117" NameU="Decision.117" Master="4">
					<Text>催收终验款</Text>
					<XForm>
						<PinX Unit="MM">30.108110236220472</PinX>
						<PinY Unit="MM">9.262283464566929</PinY>
					</XForm>
					<LayerMem>
						<LayerMember>0</LayerMember>
					</LayerMem>
					<Prop ID="1" Name="Cost" NameU="Cost">
						<Value></Value>
						<Label>成本</Label>
					</Prop>
					<Prop ID="2" Name="Duration" NameU="Duration">
						<Value></Value>
						<Label>持续时间</Label>
					</Prop>
					<Prop ID="3" Name="Resources" NameU="Resources">
						<Value></Value>
						<Label>资源</Label>
					</Prop>
				</Shape>
				<Shape ID="118" UniqueID="{E64319AA-858F-48CC-B31C-7295CEF90F31}" Name="动态连接线.118" NameU="Dynamic connector.118" Master="6">
					<XForm>
						<PinX Unit="MM">30.354173228346461</PinX>
						<PinY Unit="MM">9.409921259842520</PinY>
					</XForm>
					<LayerMem>
						<LayerMember>1</LayerMember>
					</LayerMem>
				</Shape>
				<Shape ID="119" UniqueID="{4BAA60C7-3EC5-4C32-A0A5-CA6C899B30B4}" Name="动态连接线.119" NameU="Dynamic connector.119" Master="6">
					<XForm>
						<PinX Unit="MM">29.448661417322835</PinX>
						<PinY Unit="MM">5.167795275590550</PinY>
					</XForm>
					<LayerMem>
						<LayerMember>1</LayerMember>
					</LayerMem>
				</Shape>
				<Shape ID="120" UniqueID="{6895AC66-D5BC-4EA1-A0E2-995A2AA65FD0}" Name="流程.120" NameU="Process.120" Master="3">
					<Text>终验款到账</Text>
					<XForm>
						<PinX Unit="MM">30.108110236220472</PinX>
						<PinY Unit="MM">7.008346456692912</PinY>
					</XForm>
					<LayerMem>
						<LayerMember>0</LayerMember>
					</LayerMem>
					<Prop ID="1" Name="Cost" NameU="Cost">
						<Value></Value>
						<Label>成本</Label>
					</Prop>
					<Prop ID="2" Name="Duration" NameU="Duration">
						<Value></Value>
						<Label>持续时间</Label>
					</Prop>
					<Prop ID="3" Name="Resources" NameU="Resources">
						<Value></Value>
						<Label>资源</Label>
					</Prop>
				</Shape>
				<Shape ID="121" UniqueID="{2B9B3EDA-EC2F-4790-BD06-2C96FFFD20C5}" Name="动态连接线.121" NameU="Dynamic connector.121" Master="6">
					<Text>Y</Text>
					<XForm>
						<PinX Unit="MM">30.108110236220476</PinX>
						<PinY Unit="MM">8.100866141732283</PinY>
					</XForm>
					<LayerMem>
						<LayerMember>1</LayerMember>
					</LayerMem>
				</Shape>
				<Shape ID="27" UniqueID="{361705D4-F0A2-490D-869B-F2C84950A0B1}" Name="动态连接线.27" NameU="Dynamic connector.27" Master="6">
					<Text>审核通过</Text>
					<XForm>
						<PinX Unit="MM">1.387952755905512</PinX>
						<PinY Unit="MM">8.287874015748031</PinY>
					</XForm>
					<LayerMem>
						<LayerMember>1</LayerMember>
					</LayerMem>
				</Shape>
				<Shape ID="128" UniqueID="{B452FE5B-E757-4649-9B3D-7181908153CA}" Name="流程.128" NameU="Process.128" Master="3">
					<Text>临专正合同</Text>
					<XForm>
						<PinX Unit="MM">9.370236220472441</PinX>
						<PinY Unit="MM">9.793779527559055</PinY>
					</XForm>
					<LayerMem>
						<LayerMember>0</LayerMember>
					</LayerMem>
					<Prop ID="1" Name="Cost" NameU="Cost">
						<Value></Value>
						<Label>成本</Label>
					</Prop>
					<Prop ID="2" Name="Duration" NameU="Duration">
						<Value></Value>
						<Label>持续时间</Label>
					</Prop>
					<Prop ID="3" Name="Resources" NameU="Resources">
						<Value></Value>
						<Label>资源</Label>
					</Prop>
				</Shape>
				<Shape ID="41" UniqueID="{228CD053-4577-4C7C-8CDE-1F13176AA96B}" Name="流程.41" NameU="Process.41" Master="3">
					<Text>申请审批合同</Text>
					<XForm>
						<PinX Unit="MM">8.120236220472441</PinX>
						<PinY Unit="MM">8.779999999999999</PinY>
					</XForm>
					<LayerMem>
						<LayerMember>0</LayerMember>
					</LayerMem>
					<Prop ID="1" Name="Cost" NameU="Cost">
						<Value></Value>
						<Label>成本</Label>
					</Prop>
					<Prop ID="2" Name="Duration" NameU="Duration">
						<Value></Value>
						<Label>持续时间</Label>
					</Prop>
					<Prop ID="3" Name="Resources" NameU="Resources">
						<Value></Value>
						<Label>资源</Label>
					</Prop>
				</Shape>
				<Shape ID="42" UniqueID="{9862BC9C-7163-46E2-B067-5D6EBE0AD3FC}" Name="动态连接线.42" NameU="Dynamic connector.42" Master="6">
					<XForm>
						<PinX Unit="MM">7.436655511811023</PinX>
						<PinY Unit="MM">9.210118110236220</PinY>
					</XForm>
					<LayerMem>
						<LayerMember>1</LayerMember>
					</LayerMem>
				</Shape>
				<Shape ID="45" UniqueID="{B97A8346-047A-4D74-B31C-B898401FBDA8}" Name="动态连接线.45" NameU="Dynamic connector.45" Master="6">
					<XForm>
						<PinX Unit="MM">8.120236220472441</PinX>
						<PinY Unit="MM">9.283937007874016</PinY>
					</XForm>
					<LayerMem>
						<LayerMember>1</LayerMember>
					</LayerMem>
				</Shape>
				<Shape ID="46" UniqueID="{7962F319-D32B-4D88-8F42-206BF349E408}" Name="动态连接线.46" NameU="Dynamic connector.46" Master="6">
					<XForm>
						<PinX Unit="MM">8.947007874015748</PinX>
						<PinY Unit="MM">9.210149237204725</PinY>
					</XForm>
					<LayerMem>
						<LayerMember>1</LayerMember>
					</LayerMem>
				</Shape>
				<Shape ID="48" UniqueID="{E131B12D-8AAF-47A6-8E7F-B13F9CCFF954}" Name="动态连接线.48" NameU="Dynamic connector.48" Master="6">
					<XForm>
						<PinX Unit="MM">8.120236220472441</PinX>
						<PinY Unit="MM">7.362677165354331</PinY>
					</XForm>
					<LayerMem>
						<LayerMember>1</LayerMember>
					</LayerMem>
				</Shape>
				<Shape ID="47" UniqueID="{16F99925-14BA-48AE-AEB5-F5DAEA973D10}" Name="动态连接线.47" NameU="Dynamic connector.47" Master="6">
					<Text>不同意</Text>
					<XForm>
						<PinX Unit="MM">7.672401574803149</PinX>
						<PinY Unit="MM">7.288858267716535</PinY>
					</XForm>
					<LayerMem>
						<LayerMember>1</LayerMember>
					</LayerMem>
				</Shape>
				<Shape ID="49" UniqueID="{7B7DEB55-E9BF-4D1F-A570-24FA6FEF1912}" Name="动态连接线.49" NameU="Dynamic connector.49" Master="6">
					<Text>同意</Text>
					<XForm>
						<PinX Unit="MM">5.147795275590551</PinX>
						<PinY Unit="MM">7.697322834645668</PinY>
					</XForm>
					<LayerMem>
						<LayerMember>1</LayerMember>
					</LayerMem>
				</Shape>
				<Shape ID="51" UniqueID="{0B3A287E-14ED-46B7-BE9D-87B936EBA49C}" Name="流程.51" NameU="Process.51" Master="3">
					<Text>进项发票</Text>
					<XForm>
						<PinX Unit="MM">19.173228346456693</PinX>
						<PinY Unit="MM">4.400078740157479</PinY>
					</XForm>
					<LayerMem>
						<LayerMember>0</LayerMember>
					</LayerMem>
					<Prop ID="1" Name="Cost" NameU="Cost">
						<Value></Value>
						<Label>成本</Label>
					</Prop>
					<Prop ID="2" Name="Duration" NameU="Duration">
						<Value></Value>
						<Label>持续时间</Label>
					</Prop>
					<Prop ID="3" Name="Resources" NameU="Resources">
						<Value></Value>
						<Label>资源</Label>
					</Prop>
				</Shape>
				<Shape ID="52" UniqueID="{A588837C-8800-44B8-B3F7-2F49D7DC56B4}" Name="动态连接线.52" NameU="Dynamic connector.52" Master="6">
					<XForm>
						<PinX Unit="MM">18.708248031496062</PinX>
						<PinY Unit="MM">4.400078740157479</PinY>
					</XForm>
					<LayerMem>
						<LayerMember>1</LayerMember>
					</LayerMem>
				</Shape>
			</Shapes>
		</Page>
		<Page ID="4" Name="合同模版流程" NameU="报价表流程">
			<Layer IX="0">
				<Name>连接线</Name>
				<NameUniv>Connector</NameUniv>
				<Visible>1</Visible>
			</Layer>
			<Layer IX="1">
				<Name>流程图</Name>
				<NameUniv>Flowchart</NameUniv>
				<Visible>1</Visible>
			</Layer>
			<Shapes>
				<Shape ID="1" UniqueID="{DC8C04FF-E04F-4431-B6E9-1D84F7A2B9D8}" Name="水平支架" NameU="Horizontal holder" Master="0">
					<Text>合同模版流程</Text>
					<XForm>
						<PinX Unit="MM">0.010000000000000</PinX>
						<PinY Unit="MM">6.269842519685039</PinY>
					</XForm>
				</Shape>
				<Shape ID="14" UniqueID="{FCB4DAEE-D152-499E-B56F-45297D4D7595}" Name="职能带区.14" NameU="Functional band.14" Master="2">
					<Text>经理</Text>
					<XForm>
						<PinX Unit="MM">0.010000000000000</PinX>
						<PinY Unit="MM">1.545433070866142</PinY>
					</XForm>
				</Shape>
				<Shape ID="11" UniqueID="{620908CA-7834-42B0-8F66-6CC3C5E4784E}" Name="职能带区.11" NameU="Functional band.11" Master="2">
					<Text>副经理</Text>
					<XForm>
						<PinX Unit="MM">0.010000000000000</PinX>
						<PinY Unit="MM">3.120236220472441</PinY>
					</XForm>
				</Shape>
				<Shape ID="8" UniqueID="{25C02A75-3C73-468E-9896-E9839E55CBAA}" Name="职能带区.8" NameU="Functional band.8" Master="2">
					<Text>销售</Text>
					<XForm>
						<PinX Unit="MM">0.010000000000000</PinX>
						<PinY Unit="MM">4.301338582677166</PinY>
					</XForm>
				</Shape>
				<Shape ID="5" UniqueID="{E98CC550-32E2-4F67-9220-9E61F162E087}" Name="职能带区" NameU="Functional band" Master="2">
					<Text>管理员</Text>
					<XForm>
						<PinX Unit="MM">0.010000000000000</PinX>
						<PinY Unit="MM">5.482440944881890</PinY>
					</XForm>
				</Shape>
				<Shape ID="33" UniqueID="{A1695D4F-643C-43C0-A9FE-E2E7B0BA449E}" Name="动态连接线" NameU="Dynamic connector" Master="6">
					<Text>提交审核</Text>
					<XForm>
						<PinX Unit="MM">2.273779527559055</PinX>
						<PinY Unit="MM">4.429291338582678</PinY>
					</XForm>
					<LayerMem>
						<LayerMember>0</LayerMember>
					</LayerMem>
				</Shape>
				<Shape ID="34" UniqueID="{0791B0BA-2998-4412-8385-FE5FDD0379E8}" Name="动态连接线.22" NameU="Dynamic connector.22" Master="6">
					<Text>审核失败</Text>
					<XForm>
						<PinX Unit="MM">2.765905511811024</PinX>
						<PinY Unit="MM">4.429291338582678</PinY>
					</XForm>
					<LayerMem>
						<LayerMember>0</LayerMember>
					</LayerMem>
				</Shape>
				<Shape ID="35" UniqueID="{AA8BB143-C7DA-49CE-B185-5A631644CE8B}" Name="动态连接线.23" NameU="Dynamic connector.23" Master="6">
					<Text>销售审核通过</Text>
					<XForm>
						<PinX Unit="MM">2.273779527559055</PinX>
						<PinY Unit="MM">2.997204724409449</PinY>
					</XForm>
					<LayerMem>
						<LayerMember>0</LayerMember>
					</LayerMem>
				</Shape>
				<Shape ID="36" UniqueID="{D0115A3D-AEBC-4486-A36E-C9FF1FB1E797}" Name="动态连接线.24" NameU="Dynamic connector.24" Master="6">
					<Text>审核失败</Text>
					<XForm>
						<PinX Unit="MM">2.765905511811024</PinX>
						<PinY Unit="MM">3.587755905511811</PinY>
					</XForm>
					<LayerMem>
						<LayerMember>0</LayerMember>
					</LayerMem>
				</Shape>
				<Shape ID="37" UniqueID="{CB86F896-91D8-4DAF-9556-2A79B464A199}" Name="动态连接线.25" NameU="Dynamic connector.25" Master="6">
					<Text>财务审核通过</Text>
					<XForm>
						<PinX Unit="MM">2.273779527559055</PinX>
						<PinY Unit="MM">1.397795275590551</PinY>
					</XForm>
					<LayerMem>
						<LayerMember>0</LayerMember>
					</LayerMem>
				</Shape>
				<Shape ID="38" UniqueID="{C0D495EE-6EB7-4864-9FEF-82C2507E075C}" Name="动态连接线.26" NameU="Dynamic connector.26" Master="6">
					<Text>审核失败</Text>
					<XForm>
						<PinX Unit="MM">2.765905511811024</PinX>
						<PinY Unit="MM">2.829881889763779</PinY>
					</XForm>
					<LayerMem>
						<LayerMember>0</LayerMember>
					</LayerMem>
				</Shape>
				<Shape ID="39" UniqueID="{AE099C4E-75BE-49C2-BE9B-4E3474DCD737}" Name="动态连接线.27" NameU="Dynamic connector.27" Master="6">
					<Text>审核通过</Text>
					<XForm>
						<PinX Unit="MM">1.781653543307087</PinX>
						<PinY Unit="MM">2.829881889763779</PinY>
					</XForm>
					<LayerMem>
						<LayerMember>0</LayerMember>
					</LayerMem>
				</Shape>
				<Shape ID="29" UniqueID="{A572EEE3-15A9-4905-A52F-CCA5A159AEB1}" Name="流程" NameU="Process" Master="3">
					<Text>提交合同模版审核</Text>
					<XForm>
						<PinX Unit="MM">2.273779527559055</PinX>
						<PinY Unit="MM">5.019842519685040</PinY>
					</XForm>
					<LayerMem>
						<LayerMember>1</LayerMember>
					</LayerMem>
					<Prop ID="1" Name="Cost" NameU="Cost">
						<Value></Value>
						<Label>成本</Label>
					</Prop>
					<Prop ID="2" Name="Duration" NameU="Duration">
						<Value></Value>
						<Label>持续时间</Label>
					</Prop>
					<Prop ID="3" Name="Resources" NameU="Resources">
						<Value></Value>
						<Label>资源</Label>
					</Prop>
				</Shape>
				<Shape ID="31" UniqueID="{B09346E3-DA98-4E5D-84CF-D716B8E0D83B}" Name="判定.19" NameU="Decision.19" Master="4">
					<Text>审核合同模版</Text>
					<XForm>
						<PinX Unit="MM">2.273779527559055</PinX>
						<PinY Unit="MM">2.155669291338583</PinY>
					</XForm>
					<LayerMem>
						<LayerMember>1</LayerMember>
					</LayerMem>
					<Prop ID="1" Name="Cost" NameU="Cost">
						<Value></Value>
						<Label>成本</Label>
					</Prop>
					<Prop ID="2" Name="Duration" NameU="Duration">
						<Value></Value>
						<Label>持续时间</Label>
					</Prop>
					<Prop ID="3" Name="Resources" NameU="Resources">
						<Value></Value>
						<Label>资源</Label>
					</Prop>
				</Shape>
				<Shape ID="30" UniqueID="{B12015BD-8419-4939-8001-06285E25D891}" Name="判定" NameU="Decision" Master="4">
					<Text>审核合同模版</Text>
					<XForm>
						<PinX Unit="MM">2.273779527559055</PinX>
						<PinY Unit="MM">3.838740157480315</PinY>
					</XForm>
					<LayerMem>
						<LayerMember>1</LayerMember>
					</LayerMem>
					<Prop ID="1" Name="Cost" NameU="Cost">
						<Value></Value>
						<Label>成本</Label>
					</Prop>
					<Prop ID="2" Name="Duration" NameU="Duration">
						<Value></Value>
						<Label>持续时间</Label>
					</Prop>
					<Prop ID="3" Name="Resources" NameU="Resources">
						<Value></Value>
						<Label>资源</Label>
					</Prop>
				</Shape>
				<Shape ID="32" UniqueID="{2656F831-F231-4277-B555-1365C8A73F46}" Name="判定.20" NameU="Decision.20" Master="4">
					<Text>审核合同模版</Text>
					<XForm>
						<PinX Unit="MM">2.273779527559055</PinX>
						<PinY Unit="MM">0.639921259842519</PinY>
					</XForm>
					<LayerMem>
						<LayerMember>1</LayerMember>
					</LayerMem>
					<Prop ID="1" Name="Cost" NameU="Cost">
						<Value></Value>
						<Label>成本</Label>
					</Prop>
					<Prop ID="2" Name="Duration" NameU="Duration">
						<Value></Value>
						<Label>持续时间</Label>
					</Prop>
					<Prop ID="3" Name="Resources" NameU="Resources">
						<Value></Value>
						<Label>资源</Label>
					</Prop>
				</Shape>
			</Shapes>
		</Page>
		<Page ID="5" Name="报价表流程" NameU="页-1">
			<Layer IX="0">
				<Name>连接线</Name>
				<NameUniv>Connector</NameUniv>
				<Visible>1</Visible>
			</Layer>
			<Layer IX="1">
				<Name>流程图</Name>
				<NameUniv>Flowchart</NameUniv>
				<Visible>1</Visible>
			</Layer>
			<Shapes>
				<Shape ID="1" UniqueID="{AA1E48B6-FA7E-4260-A503-9B6C886B2E6C}" Name="水平支架" NameU="Horizontal holder" Master="0">
					<Text>报价表流程</Text>
					<XForm>
						<PinX Unit="MM">0.010000000000000</PinX>
						<PinY Unit="MM">4.340708661417323</PinY>
					</XForm>
				</Shape>
				<Shape ID="14" UniqueID="{CCD68B08-9C09-4EFC-A229-11D1D04D0EAF}" Name="职能带区.14" NameU="Functional band.14" Master="2">
					<Text>经理</Text>
					<XForm>
						<PinX Unit="MM">0.010000000000000</PinX>
						<PinY Unit="MM">1.191102362204724</PinY>
					</XForm>
				</Shape>
				<Shape ID="11" UniqueID="{1E6E655B-12C7-4BBB-877C-4E1124011106}" Name="职能带区.11" NameU="Functional band.11" Master="2">
					<Text>副经理</Text>
					<XForm>
						<PinX Unit="MM">0.010000000000000</PinX>
						<PinY Unit="MM">2.372204724409449</PinY>
					</XForm>
				</Shape>
				<Shape ID="8" UniqueID="{A5CABA83-2054-42D6-BD1A-5A5707AC98B5}" Name="职能带区.8" NameU="Functional band.8" Master="2">
					<Text>销售</Text>
					<XForm>
						<PinX Unit="MM">0.010000000000000</PinX>
						<PinY Unit="MM">3.553307086614173</PinY>
					</XForm>
				</Shape>
				<Shape ID="31" UniqueID="{E83360D7-70B2-4E8A-BEDB-3BF62BD67E99}" Name="动态连接线.39" NameU="Dynamic connector.39" Master="6">
					<Text>提交审核</Text>
					<XForm>
						<PinX Unit="MM">2.071929133858268</PinX>
						<PinY Unit="MM">1.692755905511811</PinY>
					</XForm>
					<LayerMem>
						<LayerMember>0</LayerMember>
					</LayerMem>
				</Shape>
				<Shape ID="32" UniqueID="{E2B8C21C-87D8-4E27-8154-E7404111462D}" Name="动态连接线.40" NameU="Dynamic connector.40" Master="6">
					<Text>不同意</Text>
					<XForm>
						<PinX Unit="MM">1.579803149606299</PinX>
						<PinY Unit="MM">1.692755905511811</PinY>
					</XForm>
					<LayerMem>
						<LayerMember>0</LayerMember>
					</LayerMem>
				</Shape>
				<Shape ID="30" UniqueID="{966CF629-B1FB-437E-8E75-47D7627DA64E}" Name="判定.38" NameU="Decision.38" Master="4">
					<Text>报审报价表</Text>
					<XForm>
						<PinX Unit="MM">2.076929133858267</PinX>
						<PinY Unit="MM">0.422755905511811</PinY>
					</XForm>
					<LayerMem>
						<LayerMember>1</LayerMember>
					</LayerMem>
					<Prop ID="1" Name="Cost" NameU="Cost">
						<Value></Value>
						<Label>成本</Label>
					</Prop>
					<Prop ID="2" Name="Duration" NameU="Duration">
						<Value></Value>
						<Label>持续时间</Label>
					</Prop>
					<Prop ID="3" Name="Resources" NameU="Resources">
						<Value></Value>
						<Label>资源</Label>
					</Prop>
				</Shape>
				<Shape ID="29" UniqueID="{F9FFE389-DB34-4BA2-BF7A-195F17052859}" Name="流程.37" NameU="Process.37" Master="3">
					<Text>提交报价表审核</Text>
					<XForm>
						<PinX Unit="MM">2.066929133858268</PinX>
						<PinY Unit="MM">2.962755905511811</PinY>
					</XForm>
					<LayerMem>
						<LayerMember>1</LayerMember>
					</LayerMem>
					<Prop ID="1" Name="Cost" NameU="Cost">
						<Value></Value>
						<Label>成本</Label>
					</Prop>
					<Prop ID="2" Name="Duration" NameU="Duration">
						<Value></Value>
						<Label>持续时间</Label>
					</Prop>
					<Prop ID="3" Name="Resources" NameU="Resources">
						<Value></Value>
						<Label>资源</Label>
					</Prop>
				</Shape>
				<Shape ID="17" UniqueID="{EF54ACE7-56A1-481D-B391-20AE84D855F6}" Name="动态连接线" NameU="Dynamic connector" Master="6">
					<Text>同意</Text>
					<XForm>
						<PinX Unit="MM">2.564055118110237</PinX>
						<PinY Unit="MM">1.692755905511811</PinY>
					</XForm>
					<LayerMem>
						<LayerMember>0</LayerMember>
					</LayerMem>
				</Shape>
			</Shapes>
		</Page>
		<Page ID="6" Name="合同流程" NameU="合同流程">
			<Layer IX="0">
				<Name>流程图</Name>
				<NameUniv>Flowchart</NameUniv>
				<Visible>1</Visible>
			</Layer>
			<Layer IX="1">
				<Name>连接线</Name>
				<NameUniv>Connector</NameUniv>
				<Visible>1</Visible>
			</Layer>
			<Shapes>
				<Shape ID="1" UniqueID="{B05E4D5B-F1F6-4F32-96D4-54317A46CC4F}" Name="水平支架" NameU="Horizontal holder" Master="0">
					<Text>合同流程</Text>
					<XForm>
						<PinX Unit="MM">0.010000000000000</PinX>
						<PinY Unit="MM">4.892519685039370</PinY>
					</XForm>
				</Shape>
				<Shape ID="14" UniqueID="{7790B3D6-0684-4210-838C-468EA329317B}" Name="职能带区.14" NameU="Functional band.14" Master="2">
					<Text>经理</Text>
					<XForm>
						<PinX Unit="MM">0.010000000000000</PinX>
						<PinY Unit="MM">1.191102362204724</PinY>
					</XForm>
				</Shape>
				<Shape ID="11" UniqueID="{11277B08-0C99-4F58-A1F0-FE174C3C24BC}" Name="职能带区.11" NameU="Functional band.11" Master="2">
					<Text>副经理</Text>
					<XForm>
						<PinX Unit="MM">0.010000000000000</PinX>
						<PinY Unit="MM">2.372204724409449</PinY>
					</XForm>
				</Shape>
				<Shape ID="8" UniqueID="{5AB22F9C-23C4-4F4E-B908-B16D32219BFD}" Name="职能带区.8" NameU="Functional band.8" Master="2">
					<Text>销售</Text>
					<XForm>
						<PinX Unit="MM">0.010000000000000</PinX>
						<PinY Unit="MM">4.105118110236220</PinY>
					</XForm>
				</Shape>
				<Shape ID="34" UniqueID="{C0A7A79F-30D7-4FD0-91F8-23C9DA79C29E}" Name="动态连接线.42" NameU="Dynamic connector.42" Master="6">
					<XForm>
						<PinX Unit="MM">2.279175196850394</PinX>
						<PinY Unit="MM">3.209803149606299</PinY>
					</XForm>
					<LayerMem>
						<LayerMember>1</LayerMember>
					</LayerMem>
				</Shape>
				<Shape ID="35" UniqueID="{DE27077A-B8ED-416E-A08D-B8927E33076B}" Name="动态连接线.45" NameU="Dynamic connector.45" Master="6">
					<XForm>
						<PinX Unit="MM">2.962755905511811</PinX>
						<PinY Unit="MM">3.283622047244094</PinY>
					</XForm>
					<LayerMem>
						<LayerMember>1</LayerMember>
					</LayerMem>
				</Shape>
				<Shape ID="36" UniqueID="{8052154E-7C94-45D8-AF6A-DBA44489B958}" Name="动态连接线.46" NameU="Dynamic connector.46" Master="6">
					<XForm>
						<PinX Unit="MM">3.789527559055118</PinX>
						<PinY Unit="MM">3.209834645669291</PinY>
					</XForm>
					<LayerMem>
						<LayerMember>1</LayerMember>
					</LayerMem>
				</Shape>
				<Shape ID="37" UniqueID="{B7F5F5E7-E4AC-45BE-A9E2-6ED4CDA1B404}" Name="动态连接线.48" NameU="Dynamic connector.48" Master="6">
					<XForm>
						<PinX Unit="MM">2.962755905511811</PinX>
						<PinY Unit="MM">1.763937007874016</PinY>
					</XForm>
					<LayerMem>
						<LayerMember>1</LayerMember>
					</LayerMem>
				</Shape>
				<Shape ID="38" UniqueID="{CECA78BF-9308-46B8-920E-C6C33EC9F37D}" Name="动态连接线.47" NameU="Dynamic connector.47" Master="6">
					<Text>不同意</Text>
					<XForm>
						<PinX Unit="MM">2.514921259842520</PinX>
						<PinY Unit="MM">1.690118110236220</PinY>
					</XForm>
					<LayerMem>
						<LayerMember>1</LayerMember>
					</LayerMem>
				</Shape>
				<Shape ID="32" UniqueID="{82A2937D-2A16-497C-B379-E48D9738210D}" Name="流程.128" NameU="Process.128" Master="3">
					<Text>临专正合同</Text>
					<XForm>
						<PinX Unit="MM">4.212755905511811</PinX>
						<PinY Unit="MM">3.793464566929134</PinY>
					</XForm>
					<LayerMem>
						<LayerMember>0</LayerMember>
					</LayerMem>
					<Prop ID="1" Name="Cost" NameU="Cost">
						<Value></Value>
						<Label>成本</Label>
					</Prop>
					<Prop ID="2" Name="Duration" NameU="Duration">
						<Value></Value>
						<Label>持续时间</Label>
					</Prop>
					<Prop ID="3" Name="Resources" NameU="Resources">
						<Value></Value>
						<Label>资源</Label>
					</Prop>
				</Shape>
				<Shape ID="31" UniqueID="{A4E72B8A-07A9-4E24-9568-2583943995CE}" Name="判定.50" NameU="Decision.50" Master="4">
					<Text>审核合同</Text>
					<XForm>
						<PinX Unit="MM">2.962755905511811</PinX>
						<PinY Unit="MM">0.600551181102362</PinY>
					</XForm>
					<LayerMem>
						<LayerMember>0</LayerMember>
					</LayerMem>
					<Prop ID="1" Name="Cost" NameU="Cost">
						<Value></Value>
						<Label>成本</Label>
					</Prop>
					<Prop ID="2" Name="Duration" NameU="Duration">
						<Value></Value>
						<Label>持续时间</Label>
					</Prop>
					<Prop ID="3" Name="Resources" NameU="Resources">
						<Value></Value>
						<Label>资源</Label>
					</Prop>
				</Shape>
				<Shape ID="30" UniqueID="{CC3489FE-1750-4FC8-91FF-6090246D2ADC}" Name="流程.44" NameU="Process.44" Master="3">
					<Text>临时合同</Text>
					<XForm>
						<PinX Unit="MM">2.962755905511811</PinX>
						<PinY Unit="MM">3.793464566929134</PinY>
					</XForm>
					<LayerMem>
						<LayerMember>0</LayerMember>
					</LayerMem>
					<Prop ID="1" Name="Cost" NameU="Cost">
						<Value></Value>
						<Label>成本</Label>
					</Prop>
					<Prop ID="2" Name="Duration" NameU="Duration">
						<Value></Value>
						<Label>持续时间</Label>
					</Prop>
					<Prop ID="3" Name="Resources" NameU="Resources">
						<Value></Value>
						<Label>资源</Label>
					</Prop>
				</Shape>
				<Shape ID="29" UniqueID="{0DF65373-1196-486F-89DD-92CE4F22E80C}" Name="流程.43" NameU="Process.43" Master="3">
					<Text>正式合同</Text>
					<XForm>
						<PinX Unit="MM">1.999137795275590</PinX>
						<PinY Unit="MM">3.793464566929134</PinY>
					</XForm>
					<LayerMem>
						<LayerMember>0</LayerMember>
					</LayerMem>
					<Prop ID="1" Name="Cost" NameU="Cost">
						<Value></Value>
						<Label>成本</Label>
					</Prop>
					<Prop ID="2" Name="Duration" NameU="Duration">
						<Value></Value>
						<Label>持续时间</Label>
					</Prop>
					<Prop ID="3" Name="Resources" NameU="Resources">
						<Value></Value>
						<Label>资源</Label>
					</Prop>
				</Shape>
				<Shape ID="33" UniqueID="{58101C88-C3E7-49AF-813D-851F0F3B3FCF}" Name="流程.41" NameU="Process.41" Master="3">
					<Text>申请审批合同</Text>
					<XForm>
						<PinX Unit="MM">2.962755905511811</PinX>
						<PinY Unit="MM">2.779685039370079</PinY>
					</XForm>
					<LayerMem>
						<LayerMember>0</LayerMember>
					</LayerMem>
					<Prop ID="1" Name="Cost" NameU="Cost">
						<Value></Value>
						<Label>成本</Label>
					</Prop>
					<Prop ID="2" Name="Duration" NameU="Duration">
						<Value></Value>
						<Label>持续时间</Label>
					</Prop>
					<Prop ID="3" Name="Resources" NameU="Resources">
						<Value></Value>
						<Label>资源</Label>
					</Prop>
				</Shape>
				<Shape ID="39" UniqueID="{8085587F-5541-437D-9C9E-C803EC77AD3C}" Name="离页引用" NameU="Off-page reference" Master="10">
					<XForm>
						<PinX Unit="MM">6.702913385826771</PinX>
						<PinY Unit="MM">3.543464566929134</PinY>
					</XForm>
					<LayerMem>
						<LayerMember>1;0</LayerMember>
					</LayerMem>
					<Scratch>
						<B>
							<SolutionXML>
								<HLURL:Hyperlinks xmlns:HLURL="urn:schemas-microsoft-com:office:visio:dghlinkext">
									<HLURL:Hyperlink ID="1">
										<HLURL:Description>离页引用(&amp;F)</HLURL:Description>
										<HLURL:Address></HLURL:Address>
										<HLURL:SubAddress>采购流程</HLURL:SubAddress>
										<HLURL:ExtraInfo></HLURL:ExtraInfo>
										<HLURL:Default>0</HLURL:Default>
										<HLURL:NewWindow>0</HLURL:NewWindow>
									</HLURL:Hyperlink>
								</HLURL:Hyperlinks>
							</SolutionXML>
						</B>
					</Scratch>
				</Shape>
				<Shape ID="40" UniqueID="{2C0E1201-EA33-4039-B5B6-82D6E36930B8}" Name="流程" NameU="Process" Master="3">
					<Text>销售订单</Text>
					<XForm>
						<PinX Unit="MM">5.324960629921260</PinX>
						<PinY Unit="MM">3.081338582677165</PinY>
					</XForm>
					<LayerMem>
						<LayerMember>0</LayerMember>
					</LayerMem>
					<Prop ID="1" Name="Cost" NameU="Cost">
						<Value></Value>
						<Label>成本</Label>
					</Prop>
					<Prop ID="2" Name="Duration" NameU="Duration">
						<Value></Value>
						<Label>持续时间</Label>
					</Prop>
					<Prop ID="3" Name="Resources" NameU="Resources">
						<Value></Value>
						<Label>资源</Label>
					</Prop>
				</Shape>
				<Shape ID="41" UniqueID="{E11635A2-41F4-4EF2-AABB-75258CECD673}" Name="动态连接线" NameU="Dynamic connector" Master="6">
					<Text>同意</Text>
					<XForm>
						<PinX Unit="MM">4.389921259842520</PinX>
						<PinY Unit="MM">1.762283464566929</PinY>
					</XForm>
					<LayerMem>
						<LayerMember>1</LayerMember>
					</LayerMem>
				</Shape>
			</Shapes>
		</Page>
		<Page ID="7" Name="采购流程" NameU="采购流程">
			<Layer IX="0">
				<Name>流程图</Name>
				<NameUniv>Flowchart</NameUniv>
				<Visible>1</Visible>
			</Layer>
			<Layer IX="1">
				<Name>连接线</Name>
				<NameUniv>Connector</NameUniv>
				<Visible>1</Visible>
			</Layer>
			<Shapes>
				<Shape ID="1" UniqueID="{04BF1507-D8A3-4E92-A7EB-E3994DC599F7}" Name="水平支架" NameU="Horizontal holder" Master="0">
					<Text>采购流程</Text>
					<XForm>
						<PinX Unit="MM">0.010000000000000</PinX>
						<PinY Unit="MM">8.200236220472441</PinY>
					</XForm>
				</Shape>
				<Shape ID="26" UniqueID="{840B215F-C8A9-4BE3-B491-650BE598C9C5}" Name="职能带区.31" NameU="Functional band.31" Master="2">
					<Text>售后</Text>
					<XForm>
						<PinX Unit="MM">0.010000000000000</PinX>
						<PinY Unit="MM">1.349212598425197</PinY>
					</XForm>
				</Shape>
				<Shape ID="23" UniqueID="{8F6040E2-185E-4815-8556-4EBEC212B6AE}" Name="职能带区.28" NameU="Functional band.28" Master="2">
					<Text>采购</Text>
					<XForm>
						<PinX Unit="MM">0.010000000000000</PinX>
						<PinY Unit="MM">2.688425196850394</PinY>
					</XForm>
				</Shape>
				<Shape ID="17" UniqueID="{E3C3AEEB-C8C9-41AB-818D-D75958310E9E}" Name="职能带区.66" NameU="Functional band.66" Master="2">
					<Text>采购财务</Text>
					<XForm>
						<PinX Unit="MM">0.010000000000000</PinX>
						<PinY Unit="MM">3.869527559055118</PinY>
					</XForm>
				</Shape>
				<Shape ID="14" UniqueID="{851D0083-4081-4D67-B881-F737EFA7493E}" Name="职能带区.14" NameU="Functional band.14" Master="2">
					<Text>经理</Text>
					<XForm>
						<PinX Unit="MM">0.010000000000000</PinX>
						<PinY Unit="MM">5.050629921259842</PinY>
					</XForm>
				</Shape>
				<Shape ID="11" UniqueID="{95F98B84-A0A5-459C-A1DB-3F1CD2486E02}" Name="职能带区.11" NameU="Functional band.11" Master="2">
					<Text>副经理</Text>
					<XForm>
						<PinX Unit="MM">0.010000000000000</PinX>
						<PinY Unit="MM">6.231732283464567</PinY>
					</XForm>
				</Shape>
				<Shape ID="8" UniqueID="{CED41CAA-FD5B-4518-B331-DC54170228BD}" Name="职能带区.8" NameU="Functional band.8" Master="2">
					<Text>销售</Text>
					<XForm>
						<PinX Unit="MM">0.010000000000000</PinX>
						<PinY Unit="MM">7.412834645669292</PinY>
					</XForm>
				</Shape>
				<Shape ID="30" UniqueID="{9C6313D4-DA0C-4B1E-B7D3-019FC6FCF0FE}" Name="动态连接线.62" NameU="Dynamic connector.62" Master="6">
					<XForm>
						<PinX Unit="MM">1.743104330708662</PinX>
						<PinY Unit="MM">4.480118110236221</PinY>
					</XForm>
					<LayerMem>
						<LayerMember>1</LayerMember>
					</LayerMem>
				</Shape>
				<Shape ID="33" UniqueID="{0D261BE9-DF62-45F6-934B-EC3E26744937}" Name="动态连接线.73" NameU="Dynamic connector.73" Master="6">
					<Text>提交审核</Text>
					<XForm>
						<PinX Unit="MM">2.433721784776903</PinX>
						<PinY Unit="MM">2.990452755905512</PinY>
					</XForm>
					<LayerMem>
						<LayerMember>1</LayerMember>
					</LayerMem>
				</Shape>
				<Shape ID="34" UniqueID="{EF840C9A-B56D-42D4-BED8-EFEF9939E60B}" Name="动态连接线.74" NameU="Dynamic connector.74" Master="6">
					<Text>不同意</Text>
					<XForm>
						<PinX Unit="MM">1.792317585301838</PinX>
						<PinY Unit="MM">3.138090551181103</PinY>
					</XForm>
					<LayerMem>
						<LayerMember>1</LayerMember>
					</LayerMem>
				</Shape>
				<Shape ID="36" UniqueID="{13F95E38-4BCC-4573-8CCE-9DDCF7168C3D}" Name="动态连接线.76" NameU="Dynamic connector.76" Master="6">
					<Text>同意</Text>
					<XForm>
						<PinX Unit="MM">3.397468503937008</PinX>
						<PinY Unit="MM">3.137598425196851</PinY>
					</XForm>
					<LayerMem>
						<LayerMember>1</LayerMember>
					</LayerMem>
				</Shape>
				<Shape ID="38" UniqueID="{FAB74B1D-F98E-43AF-B669-A6D2999387B7}" Name="动态连接线.78" NameU="Dynamic connector.78" Master="6">
					<Text>提交审核</Text>
					<XForm>
						<PinX Unit="MM">4.588413385826772</PinX>
						<PinY Unit="MM">2.980118110236220</PinY>
					</XForm>
					<LayerMem>
						<LayerMember>1</LayerMember>
					</LayerMem>
				</Shape>
				<Shape ID="39" UniqueID="{B646B8F0-08DB-4DDB-874E-3623851FC6AA}" Name="动态连接线.79" NameU="Dynamic connector.79" Master="6">
					<Text>不同意</Text>
					<XForm>
						<PinX Unit="MM">4.145500000000000</PinX>
						<PinY Unit="MM">3.245866141732284</PinY>
					</XForm>
					<LayerMem>
						<LayerMember>1</LayerMember>
					</LayerMem>
				</Shape>
				<Shape ID="41" UniqueID="{0BA70E3B-99EF-4532-A8A6-D5747C8F31B4}" Name="动态连接线.81" NameU="Dynamic connector.81" Master="6">
					<Text>同意</Text>
					<XForm>
						<PinX Unit="MM">5.473419291338583</PinX>
						<PinY Unit="MM">3.127755905511811</PinY>
					</XForm>
					<LayerMem>
						<LayerMember>1</LayerMember>
					</LayerMem>
				</Shape>
				<Shape ID="43" UniqueID="{9D305077-7ECC-4E22-9E1D-EB362E3053D4}" Name="动态连接线.83" NameU="Dynamic connector.83" Master="6">
					<Text>提交审核</Text>
					<XForm>
						<PinX Unit="MM">6.624994094488189</PinX>
						<PinY Unit="MM">2.960433070866142</PinY>
					</XForm>
					<LayerMem>
						<LayerMember>1</LayerMember>
					</LayerMem>
				</Shape>
				<Shape ID="44" UniqueID="{AA69F94E-6A98-42C5-8AF7-5525F0FBEA81}" Name="动态连接线.85" NameU="Dynamic connector.85" Master="6">
					<Text>经理不同意</Text>
					<XForm>
						<PinX Unit="MM">6.157474409448819</PinX>
						<PinY Unit="MM">3.240944881889764</PinY>
					</XForm>
					<LayerMem>
						<LayerMember>1</LayerMember>
					</LayerMem>
				</Shape>
				<Shape ID="45" UniqueID="{4D670D8A-447B-4410-B637-08529B5BBC5E}" Name="动态连接线.86" NameU="Dynamic connector.86" Master="6">
					<Text>同意</Text>
					<XForm>
						<PinX Unit="MM">6.724240157480314</PinX>
						<PinY Unit="MM">5.014566929133858</PinY>
					</XForm>
					<LayerMem>
						<LayerMember>1</LayerMember>
					</LayerMem>
				</Shape>
				<Shape ID="47" UniqueID="{0DD44FB3-B477-45BD-89BE-E6761B7DA3A8}" Name="动态连接线.88" NameU="Dynamic connector.88" Master="6">
					<Text>执行</Text>
					<XForm>
						<PinX Unit="MM">7.674043307086613</PinX>
						<PinY Unit="MM">4.431496062992126</PinY>
					</XForm>
					<LayerMem>
						<LayerMember>1</LayerMember>
					</LayerMem>
				</Shape>
				<Shape ID="48" UniqueID="{4179ADEE-45B3-4583-8953-677B3566F4EA}" Name="动态连接线.89" NameU="Dynamic connector.89" Master="6">
					<Text>返回付款结果</Text>
					<XForm>
						<PinX Unit="MM">6.826765748031495</PinX>
						<PinY Unit="MM">3.688779527559055</PinY>
					</XForm>
					<LayerMem>
						<LayerMember>1</LayerMember>
					</LayerMem>
				</Shape>
				<Shape ID="37" UniqueID="{9375D563-1B85-426C-B619-F999E7ADB913}" Name="判定.77" NameU="Decision.77" Master="4">
					<Text>审核采购合同</Text>
					<XForm>
						<PinX Unit="MM">4.814791338582677</PinX>
						<PinY Unit="MM">4.394488188976378</PinY>
					</XForm>
					<LayerMem>
						<LayerMember>0</LayerMember>
					</LayerMem>
					<Prop ID="1" Name="Cost" NameU="Cost">
						<Value></Value>
						<Label>成本</Label>
					</Prop>
					<Prop ID="2" Name="Duration" NameU="Duration">
						<Value></Value>
						<Label>持续时间</Label>
					</Prop>
					<Prop ID="3" Name="Resources" NameU="Resources">
						<Value></Value>
						<Label>资源</Label>
					</Prop>
				</Shape>
				<Shape ID="32" UniqueID="{94C0210A-DDBC-4EC3-9A78-D7D00599D815}" Name="判定.72" NameU="Decision.72" Master="4">
					<Text>审核询价单</Text>
					<XForm>
						<PinX Unit="MM">2.728177165354331</PinX>
						<PinY Unit="MM">4.414173228346456</PinY>
					</XForm>
					<LayerMem>
						<LayerMember>0</LayerMember>
					</LayerMem>
					<Prop ID="1" Name="Cost" NameU="Cost">
						<Value></Value>
						<Label>成本</Label>
					</Prop>
					<Prop ID="2" Name="Duration" NameU="Duration">
						<Value></Value>
						<Label>持续时间</Label>
					</Prop>
					<Prop ID="3" Name="Resources" NameU="Resources">
						<Value></Value>
						<Label>资源</Label>
					</Prop>
				</Shape>
				<Shape ID="35" UniqueID="{C916E2C2-F98D-4585-8C5C-51221DB4B2D1}" Name="流程.75" NameU="Process.75" Master="3">
					<Text>采购合同</Text>
					<XForm>
						<PinX Unit="MM">3.968334645669291</PinX>
						<PinY Unit="MM">1.861023622047245</PinY>
					</XForm>
					<LayerMem>
						<LayerMember>0</LayerMember>
					</LayerMem>
					<Prop ID="1" Name="Cost" NameU="Cost">
						<Value></Value>
						<Label>成本</Label>
					</Prop>
					<Prop ID="2" Name="Duration" NameU="Duration">
						<Value></Value>
						<Label>持续时间</Label>
					</Prop>
					<Prop ID="3" Name="Resources" NameU="Resources">
						<Value></Value>
						<Label>资源</Label>
					</Prop>
				</Shape>
				<Shape ID="46" UniqueID="{CC479B47-3C9C-44E3-99F0-645489C06C54}" Name="流程.87" NameU="Process.87" Master="3">
					<Text>采购付款</Text>
					<XForm>
						<PinX Unit="MM">8.220303149606298</PinX>
						<PinY Unit="MM">3.157480314960630</PinY>
					</XForm>
					<LayerMem>
						<LayerMember>0</LayerMember>
					</LayerMem>
					<Prop ID="1" Name="Cost" NameU="Cost">
						<Value></Value>
						<Label>成本</Label>
					</Prop>
					<Prop ID="2" Name="Duration" NameU="Duration">
						<Value></Value>
						<Label>持续时间</Label>
					</Prop>
					<Prop ID="3" Name="Resources" NameU="Resources">
						<Value></Value>
						<Label>资源</Label>
					</Prop>
				</Shape>
				<Shape ID="29" UniqueID="{D522BF12-C74F-4A5B-B0CE-4B3B7A995651}" Name="流程.56" NameU="Process.56" Master="3">
					<Text>销售订单</Text>
					<XForm>
						<PinX Unit="MM">1.742283464566929</PinX>
						<PinY Unit="MM">7.044094488188977</PinY>
					</XForm>
					<LayerMem>
						<LayerMember>0</LayerMember>
					</LayerMem>
					<Prop ID="1" Name="Cost" NameU="Cost">
						<Value></Value>
						<Label>成本</Label>
					</Prop>
					<Prop ID="2" Name="Duration" NameU="Duration">
						<Value></Value>
						<Label>持续时间</Label>
					</Prop>
					<Prop ID="3" Name="Resources" NameU="Resources">
						<Value></Value>
						<Label>资源</Label>
					</Prop>
				</Shape>
				<Shape ID="42" UniqueID="{EF8E0146-965F-4DD1-A1FD-B785F29A1946}" Name="判定.82" NameU="Decision.82" Master="4">
					<Text>采购付款审批</Text>
					<XForm>
						<PinX Unit="MM">6.724240157480314</PinX>
						<PinY Unit="MM">4.355118110236220</PinY>
					</XForm>
					<LayerMem>
						<LayerMember>0</LayerMember>
					</LayerMem>
					<Prop ID="1" Name="Cost" NameU="Cost">
						<Value></Value>
						<Label>成本</Label>
					</Prop>
					<Prop ID="2" Name="Duration" NameU="Duration">
						<Value></Value>
						<Label>持续时间</Label>
					</Prop>
					<Prop ID="3" Name="Resources" NameU="Resources">
						<Value></Value>
						<Label>资源</Label>
					</Prop>
				</Shape>
				<Shape ID="40" UniqueID="{387E9779-32BD-4C16-B27E-030E2EEBC111}" Name="流程.80" NameU="Process.80" Master="3">
					<Text>申请采购付款</Text>
					<XForm>
						<PinX Unit="MM">6.082834645669291</PinX>
						<PinY Unit="MM">1.861023622047245</PinY>
					</XForm>
					<LayerMem>
						<LayerMember>0</LayerMember>
					</LayerMem>
					<Prop ID="1" Name="Cost" NameU="Cost">
						<Value></Value>
						<Label>成本</Label>
					</Prop>
					<Prop ID="2" Name="Duration" NameU="Duration">
						<Value></Value>
						<Label>持续时间</Label>
					</Prop>
					<Prop ID="3" Name="Resources" NameU="Resources">
						<Value></Value>
						<Label>资源</Label>
					</Prop>
				</Shape>
				<Shape ID="31" UniqueID="{604D4C6B-6738-43AF-9F08-531663BBE6A3}" Name="流程.61" NameU="Process.61" Master="3">
					<Text>询价(报价单)</Text>
					<XForm>
						<PinX Unit="MM">1.743925196850394</PinX>
						<PinY Unit="MM">1.862007874015749</PinY>
					</XForm>
					<LayerMem>
						<LayerMember>0</LayerMember>
					</LayerMem>
					<Prop ID="1" Name="Cost" NameU="Cost">
						<Value></Value>
						<Label>成本</Label>
					</Prop>
					<Prop ID="2" Name="Duration" NameU="Duration">
						<Value></Value>
						<Label>持续时间</Label>
					</Prop>
					<Prop ID="3" Name="Resources" NameU="Resources">
						<Value></Value>
						<Label>资源</Label>
					</Prop>
				</Shape>
				<Shape ID="50" UniqueID="{7C3437BD-ABF2-418A-A737-357AE04D7B91}" Name="流程.84" NameU="Process.84" Master="3">
					<Text>通知采购付款
</Text>
					<XForm>
						<PinX Unit="MM">6.724240157480314</PinX>
						<PinY Unit="MM">5.516535433070867</PinY>
					</XForm>
					<LayerMem>
						<LayerMember>0</LayerMember>
					</LayerMem>
					<Prop ID="1" Name="Cost" NameU="Cost">
						<Value></Value>
						<Label>成本</Label>
					</Prop>
					<Prop ID="2" Name="Duration" NameU="Duration">
						<Value></Value>
						<Label>持续时间</Label>
					</Prop>
					<Prop ID="3" Name="Resources" NameU="Resources">
						<Value></Value>
						<Label>资源</Label>
					</Prop>
				</Shape>
				<Shape ID="53" UniqueID="{3B8BD4CD-36A4-4687-8C48-CC90E398CC70}" Name="离页引用" NameU="Off-page reference" Master="10">
					<XForm>
						<PinX Unit="MM">1.233066929133858</PinX>
						<PinY Unit="MM">7.939767716535433</PinY>
					</XForm>
					<LayerMem>
						<LayerMember>1;0</LayerMember>
					</LayerMem>
					<Scratch>
						<B>
							<SolutionXML>
								<HLURL:Hyperlinks xmlns:HLURL="urn:schemas-microsoft-com:office:visio:dghlinkext">
									<HLURL:Hyperlink ID="1">
										<HLURL:Description>离页引用(&amp;F)</HLURL:Description>
										<HLURL:Address></HLURL:Address>
										<HLURL:SubAddress>合同流程</HLURL:SubAddress>
										<HLURL:ExtraInfo></HLURL:ExtraInfo>
										<HLURL:Default>0</HLURL:Default>
										<HLURL:NewWindow>0</HLURL:NewWindow>
									</HLURL:Hyperlink>
								</HLURL:Hyperlinks>
							</SolutionXML>
						</B>
					</Scratch>
				</Shape>
				<Shape ID="49" UniqueID="{0E0365A9-CA59-4A84-86B1-444392151748}" Name="判定" NameU="Decision" Master="4">
					<Text>到货</Text>
					<XForm>
						<PinX Unit="MM">6.072992125984252</PinX>
						<PinY Unit="MM">0.738976377952756</PinY>
					</XForm>
					<LayerMem>
						<LayerMember>0</LayerMember>
					</LayerMem>
					<Prop ID="1" Name="Cost" NameU="Cost">
						<Value></Value>
						<Label>成本</Label>
					</Prop>
					<Prop ID="2" Name="Duration" NameU="Duration">
						<Value></Value>
						<Label>持续时间</Label>
					</Prop>
					<Prop ID="3" Name="Resources" NameU="Resources">
						<Value></Value>
						<Label>资源</Label>
					</Prop>
				</Shape>
				<Shape ID="51" UniqueID="{4FA2D588-7EC5-48BD-AC98-55BFF3FBF701}" Name="动态连接线" NameU="Dynamic connector" Master="6">
					<XForm>
						<PinX Unit="MM">6.077913385826772</PinX>
						<PinY Unit="MM">1.314763779527560</PinY>
					</XForm>
					<LayerMem>
						<LayerMember>1</LayerMember>
					</LayerMem>
				</Shape>
				<Shape ID="5" UniqueID="{11952C66-311F-4918-817E-58D865906420}" Name="流程" NameU="Process" Master="3">
					<Text>进项发票</Text>
					<XForm>
						<PinX Unit="MM">9.247047244094489</PinX>
						<PinY Unit="MM">3.160433070866142</PinY>
					</XForm>
					<LayerMem>
						<LayerMember>0</LayerMember>
					</LayerMem>
					<Prop ID="1" Name="Cost" NameU="Cost">
						<Value></Value>
						<Label>成本</Label>
					</Prop>
					<Prop ID="2" Name="Duration" NameU="Duration">
						<Value></Value>
						<Label>持续时间</Label>
					</Prop>
					<Prop ID="3" Name="Resources" NameU="Resources">
						<Value></Value>
						<Label>资源</Label>
					</Prop>
				</Shape>
				<Shape ID="6" UniqueID="{4DA36C32-BB52-43D5-B3EE-58281BCCE96C}" Name="动态连接线.6" NameU="Dynamic connector.6" Master="6">
					<XForm>
						<PinX Unit="MM">8.736135826771653</PinX>
						<PinY Unit="MM">3.158956692913386</PinY>
					</XForm>
					<LayerMem>
						<LayerMember>1</LayerMember>
					</LayerMem>
				</Shape>
			</Shapes>
		</Page>
		<Page ID="8" Name="售后流程" NameU="到货流程">
			<Layer IX="0">
				<Name>流程图</Name>
				<NameUniv>Flowchart</NameUniv>
				<Visible>1</Visible>
			</Layer>
			<Layer IX="1">
				<Name>连接线</Name>
				<NameUniv>Connector</NameUniv>
				<Visible>1</Visible>
			</Layer>
			<Shapes>
				<Shape ID="1" UniqueID="{035488D4-440B-42CB-B9B1-65965F924C79}" Name="水平支架" NameU="Horizontal holder" Master="0">
					<Text>售后流程&lt;根据合同情况调整&gt;</Text>
					<XForm>
						<PinX Unit="MM">0.010000000000000</PinX>
						<PinY Unit="MM">7.816535433070865</PinY>
					</XForm>
				</Shape>
				<Shape ID="5" UniqueID="{62533880-1BD9-4308-B92A-C90781B84E12}" Name="分隔符" NameU="Separator" Master="9">
					<Text>初验阶段</Text>
					<XForm>
						<PinX Unit="MM">5.905511811023622</PinX>
						<PinY Unit="MM">7.029133858267715</PinY>
					</XForm>
				</Shape>
				<Shape ID="17" UniqueID="{20A9AE62-B688-4A0F-84B1-7DFD667BADE7}" Name="分隔符.17" NameU="Separator.17" Master="9">
					<Text>终验阶段</Text>
					<XForm>
						<PinX Unit="MM">9.547244094488189</PinX>
						<PinY Unit="MM">7.029133858267715</PinY>
					</XForm>
				</Shape>
				<Shape ID="26" UniqueID="{A58C8226-E004-47D7-A648-16485359F69D}" Name="职能带区.31" NameU="Functional band.31" Master="2">
					<Text>售后</Text>
					<XForm>
						<PinX Unit="MM">0.010000000000000</PinX>
						<PinY Unit="MM">1.191102362204724</PinY>
					</XForm>
				</Shape>
				<Shape ID="20" UniqueID="{46FEA137-DCA6-4F53-A181-B9DE6EED6AF9}" Name="职能带区.69" NameU="Functional band.69" Master="2">
					<Text>销售财务</Text>
					<XForm>
						<PinX Unit="MM">0.010000000000000</PinX>
						<PinY Unit="MM">2.372204724409449</PinY>
					</XForm>
				</Shape>
				<Shape ID="14" UniqueID="{DED7E2CE-0A9C-4545-A624-F7117BE2E80E}" Name="职能带区.14" NameU="Functional band.14" Master="2">
					<Text>经理</Text>
					<XForm>
						<PinX Unit="MM">0.010000000000000</PinX>
						<PinY Unit="MM">3.553307086614173</PinY>
					</XForm>
				</Shape>
				<Shape ID="11" UniqueID="{601ECA14-8B4A-4EB0-9A4B-333505B3A35F}" Name="职能带区.11" NameU="Functional band.11" Master="2">
					<Text>副经理</Text>
					<XForm>
						<PinX Unit="MM">0.010000000000000</PinX>
						<PinY Unit="MM">5.483070866141732</PinY>
					</XForm>
				</Shape>
				<Shape ID="8" UniqueID="{01586243-7247-4798-A1C1-0FCB77DE0CFE}" Name="职能带区.8" NameU="Functional band.8" Master="2">
					<Text>销售</Text>
					<XForm>
						<PinX Unit="MM">0.010000000000000</PinX>
						<PinY Unit="MM">7.029133858267716</PinY>
					</XForm>
				</Shape>
				<Shape ID="30" UniqueID="{4CA5CCBA-5361-4F87-9063-FEFCB1DFB5B8}" Name="动态连接线.97" NameU="Dynamic connector.97" Master="6">
					<Text>已到货</Text>
					<XForm>
						<PinX Unit="MM">1.880078740157481</PinX>
						<PinY Unit="MM">3.430354330708661</PinY>
					</XForm>
					<LayerMem>
						<LayerMember>1</LayerMember>
					</LayerMem>
				</Shape>
				<Shape ID="32" UniqueID="{1DC7AE06-1CEA-4305-8A22-DEF1098258C5}" Name="动态连接线.99" NameU="Dynamic connector.99" Master="6">
					<XForm>
						<PinX Unit="MM">2.687165354330709</PinX>
						<PinY Unit="MM">5.408700787401575</PinY>
					</XForm>
					<LayerMem>
						<LayerMember>1</LayerMember>
					</LayerMem>
				</Shape>
				<Shape ID="33" UniqueID="{8E02C754-A6F9-4E73-9DEE-4F489452613A}" Name="动态连接线.100" NameU="Dynamic connector.100" Master="6">
					<Text>不同意</Text>
					<XForm>
						<PinX Unit="MM">3.179291338582678</PinX>
						<PinY Unit="MM">5.408700787401575</PinY>
					</XForm>
					<LayerMem>
						<LayerMember>1</LayerMember>
					</LayerMem>
				</Shape>
				<Shape ID="35" UniqueID="{9E770575-CE9F-4486-8A10-1581ED7FAA0C}" Name="动态连接线.102" NameU="Dynamic connector.102" Master="6">
					<Text>同意</Text>
					<XForm>
						<PinX Unit="MM">2.687165354330709</PinX>
						<PinY Unit="MM">3.134015748031496</PinY>
					</XForm>
					<LayerMem>
						<LayerMember>1</LayerMember>
					</LayerMem>
				</Shape>
				<Shape ID="36" UniqueID="{90FC46F7-410D-4666-B2B6-99CD2B7B389D}" Name="动态连接线.104" NameU="Dynamic connector.104" Master="6">
					<XForm>
						<PinX Unit="MM">3.691102362204723</PinX>
						<PinY Unit="MM">4.011062992125984</PinY>
					</XForm>
					<LayerMem>
						<LayerMember>1</LayerMember>
					</LayerMem>
				</Shape>
				<Shape ID="38" UniqueID="{E48CC63F-4C91-4A26-8588-D1B5C674CF73}" Name="动态连接线.105" NameU="Dynamic connector.105" Master="6">
					<Text>N</Text>
					<XForm>
						<PinX Unit="MM">5.059212598425197</PinX>
						<PinY Unit="MM">6.388110236220473</PinY>
					</XForm>
					<LayerMem>
						<LayerMember>1</LayerMember>
					</LayerMem>
				</Shape>
				<Shape ID="40" UniqueID="{B3816FC9-6566-4CDD-B6D2-9DC21735F6BB}" Name="动态连接线.107" NameU="Dynamic connector.107" Master="6">
					<Text>Y</Text>
					<XForm>
						<PinX Unit="MM">4.813149606299213</PinX>
						<PinY Unit="MM">5.329960629921260</PinY>
					</XForm>
					<LayerMem>
						<LayerMember>1</LayerMember>
					</LayerMem>
				</Shape>
				<Shape ID="42" UniqueID="{E83BA111-63A1-4495-871B-7FDA257D1E1C}" Name="动态连接线.109" NameU="Dynamic connector.109" Master="6">
					<XForm>
						<PinX Unit="MM">4.478503937007874</PinX>
						<PinY Unit="MM">0.600551181102362</PinY>
					</XForm>
					<LayerMem>
						<LayerMember>1</LayerMember>
					</LayerMem>
				</Shape>
				<Shape ID="44" UniqueID="{B6DFAD22-D7AE-4F1B-B2FC-6F694B340327}" Name="动态连接线.111" NameU="Dynamic connector.111" Master="6">
					<Text>N</Text>
					<XForm>
						<PinX Unit="MM">7.992283464566929</PinX>
						<PinY Unit="MM">6.319685039370079</PinY>
					</XForm>
					<LayerMem>
						<LayerMember>1</LayerMember>
					</LayerMem>
				</Shape>
				<Shape ID="45" UniqueID="{0FB60456-AB3D-40D2-AA45-927B2272D198}" Name="动态连接线.112" NameU="Dynamic connector.112" Master="6">
					<Text>完成初验</Text>
					<XForm>
						<PinX Unit="MM">7.076929133858268</PinX>
						<PinY Unit="MM">3.533937007874016</PinY>
					</XForm>
					<LayerMem>
						<LayerMember>1</LayerMember>
					</LayerMem>
				</Shape>
				<Shape ID="47" UniqueID="{74F231E0-4BB7-4E02-AD1D-4480C190EE1D}" Name="动态连接线.114" NameU="Dynamic connector.114" Master="6">
					<Text>Y</Text>
					<XForm>
						<PinX Unit="MM">7.746220472440945</PinX>
						<PinY Unit="MM">5.226850393700787</PinY>
					</XForm>
					<LayerMem>
						<LayerMember>1</LayerMember>
					</LayerMem>
				</Shape>
				<Shape ID="49" UniqueID="{29875BC6-E62D-4BCB-86FD-1AAB69606EF2}" Name="动态连接线.116" NameU="Dynamic connector.116" Master="6">
					<XForm>
						<PinX Unit="MM">8.769842519685039</PinX>
						<PinY Unit="MM">0.600551181102362</PinY>
					</XForm>
					<LayerMem>
						<LayerMember>1</LayerMember>
					</LayerMem>
				</Shape>
				<Shape ID="51" UniqueID="{FCD2AAAB-4FCD-4A65-957D-AAC0C3BDCB01}" Name="动态连接线.118" NameU="Dynamic connector.118" Master="6">
					<XForm>
						<PinX Unit="MM">11.673385826771653</PinX>
						<PinY Unit="MM">6.319685039370079</PinY>
					</XForm>
					<LayerMem>
						<LayerMember>1</LayerMember>
					</LayerMem>
				</Shape>
				<Shape ID="52" UniqueID="{5419B2EF-1B91-4981-9141-63FB60A1E8AC}" Name="动态连接线.119" NameU="Dynamic connector.119" Master="6">
					<XForm>
						<PinX Unit="MM">10.787559055118109</PinX>
						<PinY Unit="MM">3.533937007874016</PinY>
					</XForm>
					<LayerMem>
						<LayerMember>1</LayerMember>
					</LayerMem>
				</Shape>
				<Shape ID="54" UniqueID="{EF9E6AA7-DCF0-464A-A4E0-0410B3F5B627}" Name="动态连接线.121" NameU="Dynamic connector.121" Master="6">
					<Text>Y</Text>
					<XForm>
						<PinX Unit="MM">11.427322834645668</PinX>
						<PinY Unit="MM">5.354803149606299</PinY>
					</XForm>
					<LayerMem>
						<LayerMember>1</LayerMember>
					</LayerMem>
				</Shape>
				<Shape ID="31" UniqueID="{AAD0F769-28EA-47E8-9F57-F5F963699E7D}" Name="判定.98" NameU="Decision.98" Master="4">
					<Text>销项发票审批</Text>
					<XForm>
						<PinX Unit="MM">2.687165354330709</PinX>
						<PinY Unit="MM">4.557244094488189</PinY>
					</XForm>
					<LayerMem>
						<LayerMember>0</LayerMember>
					</LayerMem>
					<Prop ID="1" Name="Cost" NameU="Cost">
						<Value></Value>
						<Label>成本</Label>
					</Prop>
					<Prop ID="2" Name="Duration" NameU="Duration">
						<Value></Value>
						<Label>持续时间</Label>
					</Prop>
					<Prop ID="3" Name="Resources" NameU="Resources">
						<Value></Value>
						<Label>资源</Label>
					</Prop>
				</Shape>
				<Shape ID="46" UniqueID="{B0832758-2754-43FF-8F29-FDF3BC47EC2C}" Name="流程.113" NameU="Process.113" Master="3">
					<Text>初验款到账</Text>
					<XForm>
						<PinX Unit="MM">7.746220472440945</PinX>
						<PinY Unit="MM">4.380078740157480</PinY>
					</XForm>
					<LayerMem>
						<LayerMember>0</LayerMember>
					</LayerMem>
					<Prop ID="1" Name="Cost" NameU="Cost">
						<Value></Value>
						<Label>成本</Label>
					</Prop>
					<Prop ID="2" Name="Duration" NameU="Duration">
						<Value></Value>
						<Label>持续时间</Label>
					</Prop>
					<Prop ID="3" Name="Resources" NameU="Resources">
						<Value></Value>
						<Label>资源</Label>
					</Prop>
				</Shape>
				<Shape ID="39" UniqueID="{B34AA86E-7756-4CD8-A811-3DA183C1B733}" Name="流程.106" NameU="Process.106" Master="3">
					<Text>合同货款到账</Text>
					<XForm>
						<PinX Unit="MM">4.813149606299213</PinX>
						<PinY Unit="MM">4.478503937007874</PinY>
					</XForm>
					<LayerMem>
						<LayerMember>0</LayerMember>
					</LayerMem>
					<Prop ID="1" Name="Cost" NameU="Cost">
						<Value></Value>
						<Label>成本</Label>
					</Prop>
					<Prop ID="2" Name="Duration" NameU="Duration">
						<Value></Value>
						<Label>持续时间</Label>
					</Prop>
					<Prop ID="3" Name="Resources" NameU="Resources">
						<Value></Value>
						<Label>资源</Label>
					</Prop>
				</Shape>
				<Shape ID="34" UniqueID="{063AE6B1-E18A-4F9E-A88B-79737AD2B807}" Name="流程.101" NameU="Process.101" Master="3">
					<Text>开票及寄送</Text>
					<XForm>
						<PinX Unit="MM">2.687165354330709</PinX>
						<PinY Unit="MM">1.781653543307087</PinY>
					</XForm>
					<LayerMem>
						<LayerMember>0</LayerMember>
					</LayerMem>
					<Prop ID="1" Name="Cost" NameU="Cost">
						<Value></Value>
						<Label>成本</Label>
					</Prop>
					<Prop ID="2" Name="Duration" NameU="Duration">
						<Value></Value>
						<Label>持续时间</Label>
					</Prop>
					<Prop ID="3" Name="Resources" NameU="Resources">
						<Value></Value>
						<Label>资源</Label>
					</Prop>
				</Shape>
				<Shape ID="53" UniqueID="{0CD04DC6-3A9E-4BDD-B179-D29A2C5940AF}" Name="流程.120" NameU="Process.120" Master="3">
					<Text>终验款到账</Text>
					<XForm>
						<PinX Unit="MM">11.427322834645668</PinX>
						<PinY Unit="MM">4.606456692913386</PinY>
					</XForm>
					<LayerMem>
						<LayerMember>0</LayerMember>
					</LayerMem>
					<Prop ID="1" Name="Cost" NameU="Cost">
						<Value></Value>
						<Label>成本</Label>
					</Prop>
					<Prop ID="2" Name="Duration" NameU="Duration">
						<Value></Value>
						<Label>持续时间</Label>
					</Prop>
					<Prop ID="3" Name="Resources" NameU="Resources">
						<Value></Value>
						<Label>资源</Label>
					</Prop>
				</Shape>
				<Shape ID="43" UniqueID="{BC0F7A07-0ABC-4F76-B879-A1EB790B1D4C}" Name="判定.110" NameU="Decision.110" Master="4">
					<Text>催收初验款</Text>
					<XForm>
						<PinX Unit="MM">7.746220472440945</PinX>
						<PinY Unit="MM">6.172047244094488</PinY>
					</XForm>
					<LayerMem>
						<LayerMember>0</LayerMember>
					</LayerMem>
					<Prop ID="1" Name="Cost" NameU="Cost">
						<Value></Value>
						<Label>成本</Label>
					</Prop>
					<Prop ID="2" Name="Duration" NameU="Duration">
						<Value></Value>
						<Label>持续时间</Label>
					</Prop>
					<Prop ID="3" Name="Resources" NameU="Resources">
						<Value></Value>
						<Label>资源</Label>
					</Prop>
				</Shape>
				<Shape ID="29" UniqueID="{C8707187-4B47-4ACE-84CB-DB530128751D}" Name="流程.96" NameU="Process.96" Master="3">
					<Text>申请销项发票</Text>
					<XForm>
						<PinX Unit="MM">2.687165354330709</PinX>
						<PinY Unit="MM">6.260157480314961</PinY>
					</XForm>
					<LayerMem>
						<LayerMember>0</LayerMember>
					</LayerMem>
					<Prop ID="1" Name="Cost" NameU="Cost">
						<Value></Value>
						<Label>成本</Label>
					</Prop>
					<Prop ID="2" Name="Duration" NameU="Duration">
						<Value></Value>
						<Label>持续时间</Label>
					</Prop>
					<Prop ID="3" Name="Resources" NameU="Resources">
						<Value></Value>
						<Label>资源</Label>
					</Prop>
				</Shape>
				<Shape ID="50" UniqueID="{D2B86E67-F94D-4FEF-9A7C-DFDB55F604AE}" Name="判定.117" NameU="Decision.117" Master="4">
					<Text>催收终验款</Text>
					<XForm>
						<PinX Unit="MM">11.427322834645668</PinX>
						<PinY Unit="MM">6.172047244094488</PinY>
					</XForm>
					<LayerMem>
						<LayerMember>0</LayerMember>
					</LayerMem>
					<Prop ID="1" Name="Cost" NameU="Cost">
						<Value></Value>
						<Label>成本</Label>
					</Prop>
					<Prop ID="2" Name="Duration" NameU="Duration">
						<Value></Value>
						<Label>持续时间</Label>
					</Prop>
					<Prop ID="3" Name="Resources" NameU="Resources">
						<Value></Value>
						<Label>资源</Label>
					</Prop>
				</Shape>
				<Shape ID="37" UniqueID="{0A9910C3-A01F-4C28-B933-265599DA4219}" Name="判定.103" NameU="Decision.103" Master="4">
					<Text>催收货款</Text>
					<XForm>
						<PinX Unit="MM">4.813149606299213</PinX>
						<PinY Unit="MM">6.240472440944882</PinY>
					</XForm>
					<LayerMem>
						<LayerMember>0</LayerMember>
					</LayerMem>
					<Prop ID="1" Name="Cost" NameU="Cost">
						<Value></Value>
						<Label>成本</Label>
					</Prop>
					<Prop ID="2" Name="Duration" NameU="Duration">
						<Value></Value>
						<Label>持续时间</Label>
					</Prop>
					<Prop ID="3" Name="Resources" NameU="Resources">
						<Value></Value>
						<Label>资源</Label>
					</Prop>
				</Shape>
				<Shape ID="41" UniqueID="{804AC336-6560-4B76-AF2D-788CA63B12D4}" Name="判定.108" NameU="Decision.108" Master="4">
					<Text>初验</Text>
					<XForm>
						<PinX Unit="MM">6.899763779527559</PinX>
						<PinY Unit="MM">0.600551181102362</PinY>
					</XForm>
					<LayerMem>
						<LayerMember>0</LayerMember>
					</LayerMem>
					<Prop ID="1" Name="Cost" NameU="Cost">
						<Value></Value>
						<Label>成本</Label>
					</Prop>
					<Prop ID="2" Name="Duration" NameU="Duration">
						<Value></Value>
						<Label>持续时间</Label>
					</Prop>
					<Prop ID="3" Name="Resources" NameU="Resources">
						<Value></Value>
						<Label>资源</Label>
					</Prop>
				</Shape>
				<Shape ID="48" UniqueID="{F05FF2BD-343C-4BE4-B6B2-9DB640D293AC}" Name="判定.115" NameU="Decision.115" Master="4">
					<Text>终验</Text>
					<XForm>
						<PinX Unit="MM">10.639921259842520</PinX>
						<PinY Unit="MM">0.600551181102362</PinY>
					</XForm>
					<LayerMem>
						<LayerMember>0</LayerMember>
					</LayerMem>
					<Prop ID="1" Name="Cost" NameU="Cost">
						<Value></Value>
						<Label>成本</Label>
					</Prop>
					<Prop ID="2" Name="Duration" NameU="Duration">
						<Value></Value>
						<Label>持续时间</Label>
					</Prop>
					<Prop ID="3" Name="Resources" NameU="Resources">
						<Value></Value>
						<Label>资源</Label>
					</Prop>
				</Shape>
				<Shape ID="55" UniqueID="{E35DCC5D-E79E-4CB1-8170-205A9CC65952}" Name="判定.90" NameU="Decision.90" Master="4">
					<Text>到货</Text>
					<XForm>
						<PinX Unit="MM">2.057244094488189</PinX>
						<PinY Unit="MM">0.600551181102362</PinY>
					</XForm>
					<LayerMem>
						<LayerMember>0</LayerMember>
					</LayerMem>
					<Prop ID="1" Name="Cost" NameU="Cost">
						<Value></Value>
						<Label>成本</Label>
					</Prop>
					<Prop ID="2" Name="Duration" NameU="Duration">
						<Value></Value>
						<Label>持续时间</Label>
					</Prop>
					<Prop ID="3" Name="Resources" NameU="Resources">
						<Value></Value>
						<Label>资源</Label>
					</Prop>
				</Shape>
			</Shapes>
		</Page>
	</Pages>
</VisioDocument>
